2025-08-13 10:12:47,490 - Knowledge - INFO - Redis support added with prefix knowledge:b5961k4:
2025-08-13 10:12:48,370 - Knowledge - INFO - load persisted knowledge: begin
2025-08-13 10:12:48,459 - Knowledge - INFO - load persisted knowledge: end
2025-08-13 10:12:48,549 - Knowledge - INFO - load persisted docinfo: begin
2025-08-13 10:12:48,678 - Knowledge - INFO - load persisted docinfo: end
2025-08-13 10:12:49,018 - Knowledge - INFO - worker kw1 created with dedicated MongoDB connection (total: 1)
2025-08-13 10:12:49,096 - Knowledge - INFO - knowledge worker kw1 start
2025-08-13 10:12:49,098 - Knowledge - INFO - worker kw2 created with dedicated MongoDB connection (total: 2)
2025-08-13 10:12:49,193 - Knowledge - INFO - worker kw1 pull /app/data/b2c/156786/b5961k4/mern-ecommerce-156786/package.json from ingest queue
2025-08-13 10:12:49,275 - Knowledge - INFO - knowledge worker kw2 start
2025-08-13 10:12:49,277 - Knowledge - INFO - worker kw3 created with dedicated MongoDB connection (total: 3)
2025-08-13 10:12:49,420 - Knowledge - INFO - process ingested knowledge for /app/data/b2c/156786/b5961k4/mern-ecommerce-156786/package.json
2025-08-13 10:12:49,469 - Knowledge - INFO - worker kw2 pull /app/data/b2c/156786/b5961k4/mern-ecommerce-156786/README.md from ingest queue
2025-08-13 10:12:49,555 - Knowledge - INFO - knowledge worker kw3 start
2025-08-13 10:12:49,558 - Knowledge - INFO - worker kw4 created with dedicated MongoDB connection (total: 4)
2025-08-13 10:12:49,679 - Knowledge - INFO - Found code-base-name: https://github.com/kavia-common/mern-ecommerce-156786.git:kavia-master
2025-08-13 10:12:49,814 - Knowledge - INFO - process ingested knowledge for /app/data/b2c/156786/b5961k4/mern-ecommerce-156786/README.md
2025-08-13 10:12:49,903 - Knowledge - INFO - worker kw3 pull /app/data/b2c/156786/b5961k4/mern-ecommerce-156786/docker-compose.yml from ingest queue
2025-08-13 10:12:49,998 - Knowledge - INFO - knowledge worker kw4 start
2025-08-13 10:12:50,000 - Knowledge - INFO - worker kw5 created with dedicated MongoDB connection (total: 5)
2025-08-13 10:12:50,088 - Knowledge - INFO - Found code_base: <app.utils.kg_build.knowledge.KnowledgeCodeBase object at 0x7fdc0fcfba90>
2025-08-13 10:12:50,172 - Knowledge - INFO - Found code-base-name: https://github.com/kavia-common/mern-ecommerce-156786.git:kavia-master
2025-08-13 10:12:50,698 - Knowledge - INFO - Found code_base: <app.utils.kg_build.knowledge.KnowledgeCodeBase object at 0x7fdc0fcfba90>
2025-08-13 10:12:50,383 - Knowledge - INFO - worker kw4 pull /app/data/b2c/156786/b5961k4/mern-ecommerce-156786/SECURITY.md from ingest queue
2025-08-13 10:12:50,474 - Knowledge - INFO - knowledge worker kw5 start
2025-08-13 10:12:50,475 - Knowledge - INFO - worker kw6 created with dedicated MongoDB connection (total: 6)
2025-08-13 10:12:50,589 - Knowledge - INFO - persist ingested knowledge for /app/data/b2c/156786/b5961k4/mern-ecommerce-156786/package.json
2025-08-13 10:12:50,315 - Knowledge - INFO - process ingested knowledge for /app/data/b2c/156786/b5961k4/mern-ecommerce-156786/docker-compose.yml
2025-08-13 10:12:50,794 - Knowledge - INFO - persist ingested knowledge for /app/data/b2c/156786/b5961k4/mern-ecommerce-156786/README.md
2025-08-13 10:12:50,936 - Knowledge - INFO - process ingested knowledge for /app/data/b2c/156786/b5961k4/mern-ecommerce-156786/SECURITY.md
2025-08-13 10:12:51,015 - Knowledge - INFO - worker kw5 pull /app/data/b2c/156786/b5961k4/mern-ecommerce-156786/server/nodemon.json from ingest queue
2025-08-13 10:12:51,111 - Knowledge - INFO - knowledge worker kw6 start
2025-08-13 10:12:51,114 - Knowledge - INFO - worker kw7 created with dedicated MongoDB connection (total: 7)
2025-08-13 10:12:51,289 - Knowledge - INFO - adding /app/data/b2c/156786/b5961k4/mern-ecommerce-156786/package.json to ingest queue
2025-08-13 10:12:51,658 - Knowledge - INFO - process ingested knowledge for /app/data/b2c/156786/b5961k4/mern-ecommerce-156786/server/nodemon.json
2025-08-13 10:12:51,805 - Knowledge - INFO - knowledge worker kw7 start
2025-08-13 10:12:51,806 - Knowledge - INFO - worker kw8 created with dedicated MongoDB connection (total: 8)
2025-08-13 10:12:51,916 - Knowledge - INFO - Found code-base-name: https://github.com/kavia-common/mern-ecommerce-156786.git:kavia-master
2025-08-13 10:12:51,986 - Knowledge - INFO - Found code-base-name: https://github.com/kavia-common/mern-ecommerce-156786.git:kavia-master
2025-08-13 10:12:51,987 - Knowledge - INFO - worker kw6 pull /app/data/b2c/156786/b5961k4/mern-ecommerce-156786/server/services/mailgun.js from ingest queue
2025-08-13 10:12:51,987 - Knowledge - INFO - worker kw1 pull /app/data/b2c/156786/b5961k4/mern-ecommerce-156786/server/services/mailchimp.js from ingest queue
2025-08-13 10:12:51,987 - Knowledge - INFO - adding /app/data/b2c/156786/b5961k4/mern-ecommerce-156786/README.md to ingest queue
2025-08-13 10:12:52,226 - Knowledge - INFO - knowledge worker kw8 start
2025-08-13 10:12:52,309 - Knowledge - INFO - Found code_base: <app.utils.kg_build.knowledge.KnowledgeCodeBase object at 0x7fdc0fcfba90>
2025-08-13 10:12:52,433 - Knowledge - INFO - Found code_base: <app.utils.kg_build.knowledge.KnowledgeCodeBase object at 0x7fdc0fcfba90>
2025-08-13 10:12:52,555 - Knowledge - INFO - process ingested knowledge for /app/data/b2c/156786/b5961k4/mern-ecommerce-156786/server/services/mailgun.js
2025-08-13 10:12:52,228 - Knowledge - INFO - worker kw9 created with dedicated MongoDB connection (total: 9)
2025-08-13 10:12:52,651 - Knowledge - INFO - process ingested knowledge for /app/data/b2c/156786/b5961k4/mern-ecommerce-156786/server/services/mailchimp.js
2025-08-13 10:12:52,724 - Knowledge - INFO - Found code-base-name: https://github.com/kavia-common/mern-ecommerce-156786.git:kavia-master
2025-08-13 10:12:52,725 - Knowledge - INFO - worker kw7 pull /app/data/b2c/156786/b5961k4/mern-ecommerce-156786/server/package.json from ingest queue
2025-08-13 10:12:52,725 - Knowledge - INFO - worker kw2 pull /app/data/b2c/156786/b5961k4/mern-ecommerce-156786/server/models/product.js from ingest queue
2025-08-13 10:12:52,806 - Knowledge - INFO - worker kw8 pull /app/data/b2c/156786/b5961k4/mern-ecommerce-156786/server/models/wishlist.js from ingest queue
2025-08-13 10:12:52,896 - Knowledge - INFO - persist ingested knowledge for /app/data/b2c/156786/b5961k4/mern-ecommerce-156786/docker-compose.yml
2025-08-13 10:12:53,001 - Knowledge - INFO - persist ingested knowledge for /app/data/b2c/156786/b5961k4/mern-ecommerce-156786/SECURITY.md
2025-08-13 10:12:53,091 - Knowledge - INFO - Found code-base-name: https://github.com/kavia-common/mern-ecommerce-156786.git:kavia-master
2025-08-13 10:12:53,179 - Knowledge - INFO - knowledge worker kw9 start
2025-08-13 10:12:53,180 - Knowledge - INFO - worker kw10 created with dedicated MongoDB connection (total: 10)
2025-08-13 10:12:53,266 - Knowledge - INFO - Found code-base-name: https://github.com/kavia-common/mern-ecommerce-156786.git:kavia-master
2025-08-13 10:12:53,362 - Knowledge - INFO - Found code_base: <app.utils.kg_build.knowledge.KnowledgeCodeBase object at 0x7fdc0fcfba90>
2025-08-13 10:12:53,498 - Knowledge - INFO - process ingested knowledge for /app/data/b2c/156786/b5961k4/mern-ecommerce-156786/server/package.json
2025-08-13 10:12:53,628 - Knowledge - INFO - process ingested knowledge for /app/data/b2c/156786/b5961k4/mern-ecommerce-156786/server/models/product.js
2025-08-13 10:12:53,716 - Knowledge - INFO - process ingested knowledge for /app/data/b2c/156786/b5961k4/mern-ecommerce-156786/server/models/wishlist.js
2025-08-13 10:12:53,824 - Knowledge - INFO - adding /app/data/b2c/156786/b5961k4/mern-ecommerce-156786/docker-compose.yml to ingest queue
2025-08-13 10:12:53,977 - Knowledge - INFO - Found code_base: <app.utils.kg_build.knowledge.KnowledgeCodeBase object at 0x7fdc0fcfba90>
2025-08-13 10:12:54,145 - Knowledge - INFO - knowledge worker kw10 start
2025-08-13 10:12:54,146 - Knowledge - INFO - worker kw11 created with dedicated MongoDB connection (total: 11)
2025-08-13 10:12:54,256 - Knowledge - INFO - Found code_base: <app.utils.kg_build.knowledge.KnowledgeCodeBase object at 0x7fdc0fcfba90>
2025-08-13 10:12:54,380 - Knowledge - INFO - persist ingested knowledge for /app/data/b2c/156786/b5961k4/mern-ecommerce-156786/server/nodemon.json
2025-08-13 10:12:54,775 - Knowledge - INFO - worker kw3 pull /app/data/b2c/156786/b5961k4/mern-ecommerce-156786/server/models/brand.js from ingest queue
2025-08-13 10:12:54,776 - Knowledge - INFO - Found code-base-name: https://github.com/kavia-common/mern-ecommerce-156786.git:kavia-master
2025-08-13 10:12:54,776 - Knowledge - INFO - Found code-base-name: https://github.com/kavia-common/mern-ecommerce-156786.git:kavia-master
2025-08-13 10:12:54,779 - Knowledge - INFO - Found code-base-name: https://github.com/kavia-common/mern-ecommerce-156786.git:kavia-master
2025-08-13 10:12:54,837 - Knowledge - INFO - worker kw9 pull /app/data/b2c/156786/b5961k4/mern-ecommerce-156786/server/models/user.js from ingest queue
2025-08-13 10:12:54,838 - Knowledge - INFO - adding /app/data/b2c/156786/b5961k4/mern-ecommerce-156786/SECURITY.md to ingest queue
2025-08-13 10:12:54,889 - Knowledge - INFO - persist ingested knowledge for /app/data/b2c/156786/b5961k4/mern-ecommerce-156786/server/services/mailgun.js
2025-08-13 10:12:55,110 - Knowledge - INFO - knowledge worker kw11 start
2025-08-13 10:12:55,111 - Knowledge - INFO - worker kw12 created with dedicated MongoDB connection (total: 12)
2025-08-13 10:12:55,188 - Knowledge - INFO - persist ingested knowledge for /app/data/b2c/156786/b5961k4/mern-ecommerce-156786/server/services/mailchimp.js
2025-08-13 10:12:55,461 - Knowledge - INFO - process ingested knowledge for /app/data/b2c/156786/b5961k4/mern-ecommerce-156786/server/models/brand.js
2025-08-13 10:12:55,520 - Knowledge - INFO - Found code_base: <app.utils.kg_build.knowledge.KnowledgeCodeBase object at 0x7fdc0fcfba90>
2025-08-13 10:12:55,614 - Knowledge - INFO - Found code_base: <app.utils.kg_build.knowledge.KnowledgeCodeBase object at 0x7fdc0fcfba90>
2025-08-13 10:12:55,711 - Knowledge - INFO - Found code_base: <app.utils.kg_build.knowledge.KnowledgeCodeBase object at 0x7fdc0fcfba90>
2025-08-13 10:12:55,860 - Knowledge - INFO - process ingested knowledge for /app/data/b2c/156786/b5961k4/mern-ecommerce-156786/server/models/user.js
2025-08-13 10:12:55,964 - Knowledge - INFO - worker kw10 pull /app/data/b2c/156786/b5961k4/mern-ecommerce-156786/server/models/address.js from ingest queue
2025-08-13 10:12:55,964 - Knowledge - INFO - worker kw4 pull /app/data/b2c/156786/b5961k4/mern-ecommerce-156786/server/models/category.js from ingest queue
2025-08-13 10:12:56,032 - Knowledge - INFO - adding /app/data/b2c/156786/b5961k4/mern-ecommerce-156786/server/nodemon.json to ingest queue
2025-08-13 10:12:56,242 - Knowledge - INFO - knowledge worker kw12 start
2025-08-13 10:12:56,245 - Knowledge - INFO - worker kw13 created with dedicated MongoDB connection (total: 13)
2025-08-13 10:12:56,497 - Knowledge - INFO - persist ingested knowledge for /app/data/b2c/156786/b5961k4/mern-ecommerce-156786/server/package.json
2025-08-13 10:12:56,576 - Knowledge - INFO - persist ingested knowledge for /app/data/b2c/156786/b5961k4/mern-ecommerce-156786/server/models/product.js
2025-08-13 10:12:56,669 - Knowledge - INFO - persist ingested knowledge for /app/data/b2c/156786/b5961k4/mern-ecommerce-156786/server/models/wishlist.js
2025-08-13 10:12:56,942 - Knowledge - INFO - process ingested knowledge for /app/data/b2c/156786/b5961k4/mern-ecommerce-156786/server/models/address.js
2025-08-13 10:12:57,038 - Knowledge - INFO - process ingested knowledge for /app/data/b2c/156786/b5961k4/mern-ecommerce-156786/server/models/category.js
2025-08-13 10:12:57,184 - Knowledge - INFO - worker kw11 pull /app/data/b2c/156786/b5961k4/mern-ecommerce-156786/server/models/cart.js from ingest queue
2025-08-13 10:12:57,247 - Knowledge - INFO - Found code-base-name: https://github.com/kavia-common/mern-ecommerce-156786.git:kavia-master
2025-08-13 10:12:57,247 - Knowledge - INFO - Found code-base-name: https://github.com/kavia-common/mern-ecommerce-156786.git:kavia-master
2025-08-13 10:12:57,247 - Knowledge - INFO - worker kw5 pull /app/data/b2c/156786/b5961k4/mern-ecommerce-156786/server/models/merchant.js from ingest queue
2025-08-13 10:12:57,248 - Knowledge - INFO - adding /app/data/b2c/156786/b5961k4/mern-ecommerce-156786/server/services/mailgun.js to ingest queue
2025-08-13 10:12:57,301 - Knowledge - INFO - knowledge worker kw13 start
2025-08-13 10:12:57,305 - Knowledge - INFO - worker kw14 created with dedicated MongoDB connection (total: 14)
2025-08-13 10:12:57,997 - Knowledge - INFO - process ingested knowledge for /app/data/b2c/156786/b5961k4/mern-ecommerce-156786/server/models/cart.js
2025-08-13 10:12:58,094 - Knowledge - INFO - Found code_base: <app.utils.kg_build.knowledge.KnowledgeCodeBase object at 0x7fdc0fcfba90>
2025-08-13 10:12:58,192 - Knowledge - INFO - Found code_base: <app.utils.kg_build.knowledge.KnowledgeCodeBase object at 0x7fdc0fcfba90>
2025-08-13 10:12:58,309 - Knowledge - INFO - process ingested knowledge for /app/data/b2c/156786/b5961k4/mern-ecommerce-156786/server/models/merchant.js
2025-08-13 10:12:58,368 - Knowledge - INFO - adding /app/data/b2c/156786/b5961k4/mern-ecommerce-156786/server/services/mailchimp.js to ingest queue
2025-08-13 10:12:58,528 - Knowledge - INFO - knowledge worker kw14 start
2025-08-13 10:12:58,530 - Knowledge - INFO - worker kw15 created with dedicated MongoDB connection (total: 15)
2025-08-13 10:12:59,224 - Knowledge - INFO - knowledge worker kw15 start
2025-08-13 10:12:58,862 - Knowledge - INFO - persist ingested knowledge for /app/data/b2c/156786/b5961k4/mern-ecommerce-156786/server/models/user.js
2025-08-13 10:12:59,033 - Knowledge - INFO - worker kw12 pull /app/data/b2c/156786/b5961k4/mern-ecommerce-156786/server/models/review.js from ingest queue
2025-08-13 10:12:59,201 - Knowledge - INFO - Found code-base-name: https://github.com/kavia-common/mern-ecommerce-156786.git:kavia-master
2025-08-13 10:12:59,201 - Knowledge - INFO - Found code-base-name: https://github.com/kavia-common/mern-ecommerce-156786.git:kavia-master
2025-08-13 10:12:59,202 - Knowledge - INFO - worker kw6 pull /app/data/b2c/156786/b5961k4/mern-ecommerce-156786/server/models/order.js from ingest queue
2025-08-13 10:12:59,202 - Knowledge - INFO - worker kw13 pull /app/data/b2c/156786/b5961k4/mern-ecommerce-156786/server/models/contact.js from ingest queue
2025-08-13 10:12:59,202 - Knowledge - INFO - Found code-base-name: https://github.com/kavia-common/mern-ecommerce-156786.git:kavia-master
2025-08-13 10:13:00,047 - Knowledge - INFO - Found code_base: <app.utils.kg_build.knowledge.KnowledgeCodeBase object at 0x7fdc0fcfba90>
2025-08-13 10:12:59,202 - Knowledge - INFO - adding /app/data/b2c/156786/b5961k4/mern-ecommerce-156786/server/package.json to ingest queue
2025-08-13 10:12:58,765 - Knowledge - INFO - persist ingested knowledge for /app/data/b2c/156786/b5961k4/mern-ecommerce-156786/server/models/brand.js
2025-08-13 10:12:59,227 - Knowledge - INFO - worker kw16 created with dedicated MongoDB connection (total: 16)
2025-08-13 10:12:59,573 - Knowledge - INFO - process ingested knowledge for /app/data/b2c/156786/b5961k4/mern-ecommerce-156786/server/models/review.js
2025-08-13 10:12:59,630 - Knowledge - INFO - Found code_base: <app.utils.kg_build.knowledge.KnowledgeCodeBase object at 0x7fdc0fcfba90>
2025-08-13 10:12:59,744 - Knowledge - INFO - Found code_base: <app.utils.kg_build.knowledge.KnowledgeCodeBase object at 0x7fdc0fcfba90>
2025-08-13 10:12:59,863 - Knowledge - INFO - process ingested knowledge for /app/data/b2c/156786/b5961k4/mern-ecommerce-156786/server/models/order.js
2025-08-13 10:12:59,999 - Knowledge - INFO - process ingested knowledge for /app/data/b2c/156786/b5961k4/mern-ecommerce-156786/server/models/contact.js
2025-08-13 10:12:59,202 - Knowledge - INFO - worker kw1 pull /app/data/b2c/156786/b5961k4/mern-ecommerce-156786/server/routes/api/newsletter.js from ingest queue
2025-08-13 10:13:00,160 - Knowledge - INFO - persist ingested knowledge for /app/data/b2c/156786/b5961k4/mern-ecommerce-156786/server/models/merchant.js
2025-08-13 10:13:00,261 - Knowledge - INFO - adding /app/data/b2c/156786/b5961k4/mern-ecommerce-156786/server/models/product.js to ingest queue
2025-08-13 10:13:00,419 - Knowledge - INFO - knowledge worker kw16 start
2025-08-13 10:13:00,421 - Knowledge - INFO - worker kw17 created with dedicated MongoDB connection (total: 17)
2025-08-13 10:13:00,586 - Knowledge - INFO - persist ingested knowledge for /app/data/b2c/156786/b5961k4/mern-ecommerce-156786/server/models/address.js
2025-08-13 10:13:00,676 - Knowledge - INFO - persist ingested knowledge for /app/data/b2c/156786/b5961k4/mern-ecommerce-156786/server/models/category.js
2025-08-13 10:13:01,024 - Knowledge - INFO - process ingested knowledge for /app/data/b2c/156786/b5961k4/mern-ecommerce-156786/server/routes/api/newsletter.js
2025-08-13 10:13:01,166 - Knowledge - INFO - adding /app/data/b2c/156786/b5961k4/mern-ecommerce-156786/server/models/wishlist.js to ingest queue
2025-08-13 10:13:01,388 - Knowledge - INFO - knowledge worker kw17 start
2025-08-13 10:13:01,390 - Knowledge - INFO - worker kw18 created with dedicated MongoDB connection (total: 18)
2025-08-13 10:13:01,814 - Knowledge - INFO - Found code-base-name: https://github.com/kavia-common/mern-ecommerce-156786.git:kavia-master
2025-08-13 10:13:01,814 - Knowledge - INFO - worker kw14 pull /app/data/b2c/156786/b5961k4/mern-ecommerce-156786/server/routes/api/product.js from ingest queue
2025-08-13 10:13:01,814 - Knowledge - INFO - worker kw15 pull /app/data/b2c/156786/b5961k4/mern-ecommerce-156786/server/routes/api/wishlist.js from ingest queue
2025-08-13 10:13:01,878 - Knowledge - INFO - worker kw7 pull /app/data/b2c/156786/b5961k4/mern-ecommerce-156786/server/routes/api/brand.js from ingest queue
2025-08-13 10:13:01,929 - Knowledge - INFO - adding /app/data/b2c/156786/b5961k4/mern-ecommerce-156786/server/models/brand.js to ingest queue
2025-08-13 10:13:02,031 - Knowledge - INFO - knowledge worker kw18 start
2025-08-13 10:13:02,032 - Knowledge - INFO - worker kw19 created with dedicated MongoDB connection (total: 19)
2025-08-13 10:13:02,129 - Knowledge - INFO - Found code_base: <app.utils.kg_build.knowledge.KnowledgeCodeBase object at 0x7fdc0fcfba90>
2025-08-13 10:13:02,280 - Knowledge - INFO - process ingested knowledge for /app/data/b2c/156786/b5961k4/mern-ecommerce-156786/server/routes/api/product.js
2025-08-13 10:13:02,359 - Knowledge - INFO - process ingested knowledge for /app/data/b2c/156786/b5961k4/mern-ecommerce-156786/server/routes/api/wishlist.js
2025-08-13 10:13:02,475 - Knowledge - INFO - process ingested knowledge for /app/data/b2c/156786/b5961k4/mern-ecommerce-156786/server/routes/api/brand.js
2025-08-13 10:13:02,542 - Knowledge - INFO - Found code-base-name: https://github.com/kavia-common/mern-ecommerce-156786.git:kavia-master
2025-08-13 10:13:03,247 - Knowledge - INFO - Found code_base: <app.utils.kg_build.knowledge.KnowledgeCodeBase object at 0x7fdc0fcfba90>
2025-08-13 10:13:02,714 - Knowledge - INFO - Found code-base-name: https://github.com/kavia-common/mern-ecommerce-156786.git:kavia-master
2025-08-13 10:13:02,715 - Knowledge - INFO - worker kw8 pull /app/data/b2c/156786/b5961k4/mern-ecommerce-156786/server/routes/api/address.js from ingest queue
2025-08-13 10:13:02,715 - Knowledge - INFO - adding /app/data/b2c/156786/b5961k4/mern-ecommerce-156786/server/models/user.js to ingest queue
2025-08-13 10:13:02,718 - Knowledge - INFO - knowledge worker kw19 start
2025-08-13 10:13:02,720 - Knowledge - INFO - worker kw20 created with dedicated MongoDB connection (total: 20)
2025-08-13 10:13:02,801 - Knowledge - INFO - persist ingested knowledge for /app/data/b2c/156786/b5961k4/mern-ecommerce-156786/server/models/cart.js
2025-08-13 10:13:02,600 - Knowledge - INFO - worker kw2 pull /app/data/b2c/156786/b5961k4/mern-ecommerce-156786/server/routes/api/user.js from ingest queue
2025-08-13 10:13:03,360 - Knowledge - INFO - persist ingested knowledge for /app/data/b2c/156786/b5961k4/mern-ecommerce-156786/server/models/contact.js
2025-08-13 10:13:03,467 - Knowledge - INFO - Found code_base: <app.utils.kg_build.knowledge.KnowledgeCodeBase object at 0x7fdc0fcfba90>
2025-08-13 10:13:03,602 - Knowledge - INFO - process ingested knowledge for /app/data/b2c/156786/b5961k4/mern-ecommerce-156786/server/routes/api/address.js
2025-08-13 10:13:03,669 - Knowledge - INFO - worker kw17 pull /app/data/b2c/156786/b5961k4/mern-ecommerce-156786/server/routes/api/category.js from ingest queue
2025-08-13 10:13:03,670 - Knowledge - INFO - Found code-base-name: https://github.com/kavia-common/mern-ecommerce-156786.git:kavia-master
2025-08-13 10:13:03,670 - Knowledge - INFO - worker kw3 pull /app/data/b2c/156786/b5961k4/mern-ecommerce-156786/server/routes/api/cart.js from ingest queue
2025-08-13 10:13:03,671 - Knowledge - INFO - worker kw16 pull /app/data/b2c/156786/b5961k4/mern-ecommerce-156786/server/routes/api/merchant.js from ingest queue
2025-08-13 10:13:03,671 - Knowledge - INFO - worker kw18 pull /app/data/b2c/156786/b5961k4/mern-ecommerce-156786/server/routes/api/auth.js from ingest queue
2025-08-13 10:13:03,671 - Knowledge - INFO - adding /app/data/b2c/156786/b5961k4/mern-ecommerce-156786/server/models/address.js to ingest queue
2025-08-13 10:13:03,878 - Knowledge - INFO - knowledge worker kw20 start
2025-08-13 10:13:03,880 - Knowledge - WARNING - High connection count: 21 connections active
2025-08-13 10:13:04,118 - Knowledge - INFO - process ingested knowledge for /app/data/b2c/156786/b5961k4/mern-ecommerce-156786/server/routes/api/user.js
2025-08-13 10:13:04,335 - Knowledge - INFO - persist ingested knowledge for /app/data/b2c/156786/b5961k4/mern-ecommerce-156786/server/routes/api/newsletter.js
2025-08-13 10:13:04,559 - Knowledge - INFO - process ingested knowledge for /app/data/b2c/156786/b5961k4/mern-ecommerce-156786/server/routes/api/category.js
2025-08-13 10:13:04,612 - Knowledge - INFO - Found code_base: <app.utils.kg_build.knowledge.KnowledgeCodeBase object at 0x7fdc0fcfba90>
2025-08-13 10:13:04,735 - Knowledge - INFO - process ingested knowledge for /app/data/b2c/156786/b5961k4/mern-ecommerce-156786/server/routes/api/cart.js
2025-08-13 10:13:04,833 - Knowledge - INFO - process ingested knowledge for /app/data/b2c/156786/b5961k4/mern-ecommerce-156786/server/routes/api/merchant.js
2025-08-13 10:13:04,982 - Knowledge - INFO - process ingested knowledge for /app/data/b2c/156786/b5961k4/mern-ecommerce-156786/server/routes/api/auth.js
2025-08-13 10:13:05,045 - Knowledge - INFO - adding /app/data/b2c/156786/b5961k4/mern-ecommerce-156786/server/models/category.js to ingest queue
2025-08-13 10:13:05,261 - Knowledge - INFO - worker kw21 created with dedicated MongoDB connection (total: 21)
2025-08-13 10:13:05,646 - Knowledge - INFO - persist ingested knowledge for /app/data/b2c/156786/b5961k4/mern-ecommerce-156786/server/models/order.js
2025-08-13 10:13:06,057 - Knowledge - INFO - Found code-base-name: https://github.com/kavia-common/mern-ecommerce-156786.git:kavia-master
2025-08-13 10:13:06,057 - Knowledge - INFO - Found code-base-name: https://github.com/kavia-common/mern-ecommerce-156786.git:kavia-master
2025-08-13 10:13:06,057 - Knowledge - INFO - Found code-base-name: https://github.com/kavia-common/mern-ecommerce-156786.git:kavia-master
2025-08-13 10:13:06,058 - Knowledge - INFO - Found code-base-name: https://github.com/kavia-common/mern-ecommerce-156786.git:kavia-master
2025-08-13 10:13:06,058 - Knowledge - INFO - adding /app/data/b2c/156786/b5961k4/mern-ecommerce-156786/server/models/merchant.js to ingest queue
2025-08-13 10:13:06,140 - Knowledge - INFO - knowledge worker kw21 start
2025-08-13 10:13:06,141 - Knowledge - WARNING - High connection count: 22 connections active
2025-08-13 10:13:06,935 - Knowledge - INFO - worker kw22 created with dedicated MongoDB connection (total: 22)
2025-08-13 10:13:06,454 - Knowledge - INFO - Found code_base: <app.utils.kg_build.knowledge.KnowledgeCodeBase object at 0x7fdc0fcfba90>
2025-08-13 10:13:06,577 - Knowledge - INFO - Found code_base: <app.utils.kg_build.knowledge.KnowledgeCodeBase object at 0x7fdc0fcfba90>
2025-08-13 10:13:06,659 - Knowledge - INFO - Found code_base: <app.utils.kg_build.knowledge.KnowledgeCodeBase object at 0x7fdc0fcfba90>
2025-08-13 10:13:06,743 - Knowledge - INFO - worker kw19 pull /app/data/b2c/156786/b5961k4/mern-ecommerce-156786/server/routes/api/review.js from ingest queue
2025-08-13 10:13:06,872 - Knowledge - INFO - Found code-base-name: https://github.com/kavia-common/mern-ecommerce-156786.git:kavia-master
2025-08-13 10:13:06,872 - Knowledge - INFO - worker kw10 pull /app/data/b2c/156786/b5961k4/mern-ecommerce-156786/server/routes/api/index.js from ingest queue
2025-08-13 10:13:06,872 - Knowledge - INFO - worker kw20 pull /app/data/b2c/156786/b5961k4/mern-ecommerce-156786/server/routes/api/order.js from ingest queue
2025-08-13 10:13:06,923 - Knowledge - INFO - Found code-base-name: https://github.com/kavia-common/mern-ecommerce-156786.git:kavia-master
2025-08-13 10:13:07,795 - Knowledge - INFO - Found code_base: <app.utils.kg_build.knowledge.KnowledgeCodeBase object at 0x7fdc0fcfba90>
2025-08-13 10:13:06,924 - Knowledge - INFO - Found code-base-name: https://github.com/kavia-common/mern-ecommerce-156786.git:kavia-master
2025-08-13 10:13:06,924 - Knowledge - INFO - Found code-base-name: https://github.com/kavia-common/mern-ecommerce-156786.git:kavia-master
2025-08-13 10:13:06,924 - Knowledge - INFO - worker kw4 pull /app/data/b2c/156786/b5961k4/mern-ecommerce-156786/server/routes/api/contact.js from ingest queue
2025-08-13 10:13:06,924 - Knowledge - INFO - worker kw9 pull /app/data/b2c/156786/b5961k4/mern-ecommerce-156786/server/routes/index.js from ingest queue
2025-08-13 10:13:06,924 - Knowledge - INFO - worker kw5 pull /app/data/b2c/156786/b5961k4/mern-ecommerce-156786/server/config/tax.js from ingest queue
2025-08-13 10:13:06,924 - Knowledge - INFO - adding /app/data/b2c/156786/b5961k4/mern-ecommerce-156786/server/models/cart.js to ingest queue
2025-08-13 10:13:06,351 - Knowledge - INFO - Found code_base: <app.utils.kg_build.knowledge.KnowledgeCodeBase object at 0x7fdc0fcfba90>
2025-08-13 10:13:07,021 - Knowledge - INFO - knowledge worker kw22 start
2025-08-13 10:13:07,023 - Knowledge - WARNING - High connection count: 23 connections active
2025-08-13 10:13:07,131 - Knowledge - INFO - persist ingested knowledge for /app/data/b2c/156786/b5961k4/mern-ecommerce-156786/server/routes/api/product.js
2025-08-13 10:13:07,225 - Knowledge - INFO - persist ingested knowledge for /app/data/b2c/156786/b5961k4/mern-ecommerce-156786/server/routes/api/wishlist.js
2025-08-13 10:13:07,358 - Knowledge - INFO - persist ingested knowledge for /app/data/b2c/156786/b5961k4/mern-ecommerce-156786/server/routes/api/brand.js
2025-08-13 10:13:07,463 - Knowledge - INFO - process ingested knowledge for /app/data/b2c/156786/b5961k4/mern-ecommerce-156786/server/routes/api/review.js
2025-08-13 10:13:07,519 - Knowledge - INFO - Found code_base: <app.utils.kg_build.knowledge.KnowledgeCodeBase object at 0x7fdc0fcfba90>
2025-08-13 10:13:07,655 - Knowledge - INFO - process ingested knowledge for /app/data/b2c/156786/b5961k4/mern-ecommerce-156786/server/routes/api/index.js
2025-08-13 10:13:07,737 - Knowledge - INFO - process ingested knowledge for /app/data/b2c/156786/b5961k4/mern-ecommerce-156786/server/routes/api/order.js
2025-08-13 10:13:06,923 - Knowledge - INFO - Found code-base-name: https://github.com/kavia-common/mern-ecommerce-156786.git:kavia-master
2025-08-13 10:13:07,877 - Knowledge - INFO - persist ingested knowledge for /app/data/b2c/156786/b5961k4/mern-ecommerce-156786/server/routes/api/category.js
2025-08-13 10:13:07,966 - Knowledge - INFO - Found code_base: <app.utils.kg_build.knowledge.KnowledgeCodeBase object at 0x7fdc0fcfba90>
2025-08-13 10:13:08,070 - Knowledge - INFO - Found code_base: <app.utils.kg_build.knowledge.KnowledgeCodeBase object at 0x7fdc0fcfba90>
2025-08-13 10:13:08,202 - Knowledge - INFO - process ingested knowledge for /app/data/b2c/156786/b5961k4/mern-ecommerce-156786/server/routes/api/contact.js
2025-08-13 10:13:08,284 - Knowledge - INFO - process ingested knowledge for /app/data/b2c/156786/b5961k4/mern-ecommerce-156786/server/routes/index.js
2025-08-13 10:13:08,400 - Knowledge - INFO - process ingested knowledge for /app/data/b2c/156786/b5961k4/mern-ecommerce-156786/server/config/tax.js
2025-08-13 10:13:08,453 - Knowledge - INFO - adding /app/data/b2c/156786/b5961k4/mern-ecommerce-156786/server/models/contact.js to ingest queue
2025-08-13 10:13:08,545 - Knowledge - INFO - persist ingested knowledge for /app/data/b2c/156786/b5961k4/mern-ecommerce-156786/server/models/review.js
2025-08-13 10:13:08,739 - Knowledge - INFO - worker kw23 created with dedicated MongoDB connection (total: 23)
2025-08-13 10:13:09,221 - Knowledge - INFO - persist ingested knowledge for /app/data/b2c/156786/b5961k4/mern-ecommerce-156786/server/routes/api/address.js
2025-08-13 10:13:09,514 - Knowledge - INFO - Found code_base: <app.utils.kg_build.knowledge.KnowledgeCodeBase object at 0x7fdc0fcfba90>
2025-08-13 10:13:09,766 - Knowledge - INFO - persist ingested knowledge for /app/data/b2c/156786/b5961k4/mern-ecommerce-156786/server/routes/api/merchant.js
2025-08-13 10:13:09,879 - Knowledge - INFO - persist ingested knowledge for /app/data/b2c/156786/b5961k4/mern-ecommerce-156786/server/routes/api/auth.js
2025-08-13 10:13:10,253 - Knowledge - INFO - Found code-base-name: https://github.com/kavia-common/mern-ecommerce-156786.git:kavia-master
2025-08-13 10:13:10,254 - Knowledge - INFO - adding /app/data/b2c/156786/b5961k4/mern-ecommerce-156786/server/routes/api/newsletter.js to ingest queue
2025-08-13 10:13:10,435 - Knowledge - INFO - knowledge worker kw23 start
2025-08-13 10:13:10,437 - Knowledge - WARNING - High connection count: 24 connections active
2025-08-13 10:13:10,659 - Knowledge - INFO - persist ingested knowledge for /app/data/b2c/156786/b5961k4/mern-ecommerce-156786/server/routes/api/cart.js
2025-08-13 10:13:10,964 - Knowledge - INFO - Found code_base: <app.utils.kg_build.knowledge.KnowledgeCodeBase object at 0x7fdc0fcfba90>
2025-08-13 10:13:11,109 - Knowledge - INFO - worker kw21 pull /app/data/b2c/156786/b5961k4/mern-ecommerce-156786/server/config/keys.js from ingest queue
2025-08-13 10:13:11,110 - Knowledge - INFO - worker kw11 pull /app/data/b2c/156786/b5961k4/mern-ecommerce-156786/server/config/template.js from ingest queue
2025-08-13 10:13:11,252 - Knowledge - INFO - Found code-base-name: https://github.com/kavia-common/mern-ecommerce-156786.git:kavia-master
2025-08-13 10:13:11,252 - Knowledge - INFO - Found code-base-name: https://github.com/kavia-common/mern-ecommerce-156786.git:kavia-master
2025-08-13 10:13:11,252 - Knowledge - INFO - Found code-base-name: https://github.com/kavia-common/mern-ecommerce-156786.git:kavia-master
2025-08-13 10:13:11,288 - Knowledge - INFO - worker kw24 created with dedicated MongoDB connection (total: 24)
2025-08-13 10:13:11,299 - Knowledge - INFO - Found code-base-name: https://github.com/kavia-common/mern-ecommerce-156786.git:kavia-master
2025-08-13 10:13:11,299 - Knowledge - INFO - Found code-base-name: https://github.com/kavia-common/mern-ecommerce-156786.git:kavia-master
2025-08-13 10:13:11,299 - Knowledge - INFO - Found code-base-name: https://github.com/kavia-common/mern-ecommerce-156786.git:kavia-master
2025-08-13 10:13:11,299 - Knowledge - INFO - worker kw13 pull /app/data/b2c/156786/b5961k4/mern-ecommerce-156786/server/config/passport.js from ingest queue
2025-08-13 10:13:11,449 - Knowledge - INFO - worker kw1 pull /app/data/b2c/156786/b5961k4/mern-ecommerce-156786/server/middleware/auth.js from ingest queue
2025-08-13 10:13:11,449 - Knowledge - INFO - adding /app/data/b2c/156786/b5961k4/mern-ecommerce-156786/server/models/order.js to ingest queue
2025-08-13 10:13:11,506 - Knowledge - INFO - persist ingested knowledge for /app/data/b2c/156786/b5961k4/mern-ecommerce-156786/server/routes/api/user.js
2025-08-13 10:13:11,632 - Knowledge - INFO - process ingested knowledge for /app/data/b2c/156786/b5961k4/mern-ecommerce-156786/server/config/keys.js
2025-08-13 10:13:11,743 - Knowledge - INFO - process ingested knowledge for /app/data/b2c/156786/b5961k4/mern-ecommerce-156786/server/config/template.js
2025-08-13 10:13:11,834 - Knowledge - INFO - Found code_base: <app.utils.kg_build.knowledge.KnowledgeCodeBase object at 0x7fdc0fcfba90>
2025-08-13 10:13:13,069 - Knowledge - INFO - persist ingested knowledge for /app/data/b2c/156786/b5961k4/mern-ecommerce-156786/server/routes/api/review.js
2025-08-13 10:13:12,065 - Knowledge - INFO - Found code_base: <app.utils.kg_build.knowledge.KnowledgeCodeBase object at 0x7fdc0fcfba90>
2025-08-13 10:13:12,154 - Knowledge - INFO - knowledge worker kw24 start
2025-08-13 10:13:12,156 - Knowledge - WARNING - High connection count: 25 connections active
2025-08-13 10:13:12,235 - Knowledge - INFO - Found code_base: <app.utils.kg_build.knowledge.KnowledgeCodeBase object at 0x7fdc0fcfba90>
2025-08-13 10:13:12,331 - Knowledge - INFO - Found code_base: <app.utils.kg_build.knowledge.KnowledgeCodeBase object at 0x7fdc0fcfba90>
2025-08-13 10:13:12,445 - Knowledge - INFO - Found code_base: <app.utils.kg_build.knowledge.KnowledgeCodeBase object at 0x7fdc0fcfba90>
2025-08-13 10:13:12,577 - Knowledge - INFO - process ingested knowledge for /app/data/b2c/156786/b5961k4/mern-ecommerce-156786/server/config/passport.js
2025-08-13 10:13:12,667 - Knowledge - INFO - process ingested knowledge for /app/data/b2c/156786/b5961k4/mern-ecommerce-156786/server/middleware/auth.js
2025-08-13 10:13:12,723 - Knowledge - INFO - adding /app/data/b2c/156786/b5961k4/mern-ecommerce-156786/server/routes/api/product.js to ingest queue
2025-08-13 10:13:11,941 - Knowledge - INFO - Found code_base: <app.utils.kg_build.knowledge.KnowledgeCodeBase object at 0x7fdc0fcfba90>
2025-08-13 10:13:13,256 - Knowledge - INFO - persist ingested knowledge for /app/data/b2c/156786/b5961k4/mern-ecommerce-156786/server/routes/api/order.js
2025-08-13 10:13:13,458 - Knowledge - INFO - worker kw25 created with dedicated MongoDB connection (total: 25)
2025-08-13 10:13:13,578 - Knowledge - INFO - persist ingested knowledge for /app/data/b2c/156786/b5961k4/mern-ecommerce-156786/server/routes/api/contact.js
2025-08-13 10:13:13,659 - Knowledge - INFO - persist ingested knowledge for /app/data/b2c/156786/b5961k4/mern-ecommerce-156786/server/routes/index.js
2025-08-13 10:13:13,746 - Knowledge - INFO - persist ingested knowledge for /app/data/b2c/156786/b5961k4/mern-ecommerce-156786/server/config/tax.js
2025-08-13 10:13:14,035 - Knowledge - INFO - worker kw23 pull /app/data/b2c/156786/b5961k4/mern-ecommerce-156786/server/middleware/role.js from ingest queue
2025-08-13 10:13:14,035 - Knowledge - INFO - adding /app/data/b2c/156786/b5961k4/mern-ecommerce-156786/server/routes/api/wishlist.js to ingest queue
2025-08-13 10:13:14,156 - Knowledge - INFO - persist ingested knowledge for /app/data/b2c/156786/b5961k4/mern-ecommerce-156786/server/routes/api/index.js
2025-08-13 10:13:14,360 - Knowledge - INFO - knowledge worker kw25 start
2025-08-13 10:13:14,810 - Knowledge - INFO - process ingested knowledge for /app/data/b2c/156786/b5961k4/mern-ecommerce-156786/server/middleware/role.js
2025-08-13 10:13:14,885 - Knowledge - INFO - adding /app/data/b2c/156786/b5961k4/mern-ecommerce-156786/server/routes/api/brand.js to ingest queue
2025-08-13 10:13:15,238 - Knowledge - INFO - adding /app/data/b2c/156786/b5961k4/mern-ecommerce-156786/server/routes/api/category.js to ingest queue
2025-08-13 10:13:15,397 - Knowledge - INFO - adding /app/data/b2c/156786/b5961k4/mern-ecommerce-156786/server/models/review.js to ingest queue
2025-08-13 10:13:15,568 - Knowledge - INFO - adding /app/data/b2c/156786/b5961k4/mern-ecommerce-156786/server/routes/api/merchant.js to ingest queue
2025-08-13 10:13:15,684 - Knowledge - INFO - worker kw22 pull /app/data/b2c/156786/b5961k4/mern-ecommerce-156786/server/utils/storage.js from ingest queue
2025-08-13 10:13:15,686 - Knowledge - INFO - adding /app/data/b2c/156786/b5961k4/mern-ecommerce-156786/server/routes/api/auth.js to ingest queue
2025-08-13 10:13:15,807 - Knowledge - INFO - process ingested knowledge for /app/data/b2c/156786/b5961k4/mern-ecommerce-156786/server/utils/storage.js
2025-08-13 10:13:15,893 - Knowledge - INFO - worker kw18 pull /app/data/b2c/156786/b5961k4/mern-ecommerce-156786/server/utils/store.js from ingest queue
2025-08-13 10:13:15,895 - Knowledge - INFO - worker kw6 pull /app/data/b2c/156786/b5961k4/mern-ecommerce-156786/server/utils/utils.js from ingest queue
2025-08-13 10:13:15,896 - Knowledge - INFO - Found code-base-name: https://github.com/kavia-common/mern-ecommerce-156786.git:kavia-master
2025-08-13 10:13:15,955 - Knowledge - INFO - Found code-base-name: https://github.com/kavia-common/mern-ecommerce-156786.git:kavia-master
2025-08-13 10:13:15,956 - Knowledge - INFO - Found code-base-name: https://github.com/kavia-common/mern-ecommerce-156786.git:kavia-master
2025-08-13 10:13:15,956 - Knowledge - INFO - worker kw14 pull /app/data/b2c/156786/b5961k4/mern-ecommerce-156786/server/utils/seed.js from ingest queue
2025-08-13 10:13:16,125 - Knowledge - INFO - worker kw15 pull /app/data/b2c/156786/b5961k4/mern-ecommerce-156786/server/utils/db.js from ingest queue
2025-08-13 10:13:16,148 - Knowledge - INFO - process ingested knowledge for /app/data/b2c/156786/b5961k4/mern-ecommerce-156786/server/utils/store.js
2025-08-13 10:13:16,174 - Knowledge - INFO - Found code-base-name: https://github.com/kavia-common/mern-ecommerce-156786.git:kavia-master
2025-08-13 10:13:16,174 - Knowledge - INFO - worker kw7 pull /app/data/b2c/156786/b5961k4/mern-ecommerce-156786/server/utils/queries.js from ingest queue
2025-08-13 10:13:16,174 - Knowledge - INFO - worker kw17 pull /app/data/b2c/156786/b5961k4/mern-ecommerce-156786/server/utils/auth.js from ingest queue
2025-08-13 10:13:16,175 - Knowledge - INFO - worker kw12 pull /app/data/b2c/156786/b5961k4/mern-ecommerce-156786/server/vercel.json from ingest queue
2025-08-13 10:13:16,175 - Knowledge - INFO - worker kw16 pull /app/data/b2c/156786/b5961k4/mern-ecommerce-156786/server/socket/support.js from ingest queue
2025-08-13 10:13:16,175 - Knowledge - INFO - Found code-base-name: https://github.com/kavia-common/mern-ecommerce-156786.git:kavia-master
2025-08-13 10:13:16,175 - Knowledge - INFO - adding /app/data/b2c/156786/b5961k4/mern-ecommerce-156786/server/routes/api/review.js to ingest queue
2025-08-13 10:13:16,212 - Knowledge - INFO - process ingested knowledge for /app/data/b2c/156786/b5961k4/mern-ecommerce-156786/server/utils/utils.js
2025-08-13 10:13:16,273 - Knowledge - INFO - Found code_base: <app.utils.kg_build.knowledge.KnowledgeCodeBase object at 0x7fdc0fcfba90>
2025-08-13 10:13:16,416 - Knowledge - INFO - Found code_base: <app.utils.kg_build.knowledge.KnowledgeCodeBase object at 0x7fdc0fcfba90>
2025-08-13 10:13:16,521 - Knowledge - INFO - Found code_base: <app.utils.kg_build.knowledge.KnowledgeCodeBase object at 0x7fdc0fcfba90>
2025-08-13 10:13:16,651 - Knowledge - INFO - process ingested knowledge for /app/data/b2c/156786/b5961k4/mern-ecommerce-156786/server/utils/seed.js
2025-08-13 10:13:16,786 - Knowledge - INFO - process ingested knowledge for /app/data/b2c/156786/b5961k4/mern-ecommerce-156786/server/utils/db.js
2025-08-13 10:13:16,916 - Knowledge - INFO - Found code_base: <app.utils.kg_build.knowledge.KnowledgeCodeBase object at 0x7fdc0fcfba90>
2025-08-13 10:13:17,059 - Knowledge - INFO - process ingested knowledge for /app/data/b2c/156786/b5961k4/mern-ecommerce-156786/server/utils/queries.js
2025-08-13 10:13:17,157 - Knowledge - INFO - process ingested knowledge for /app/data/b2c/156786/b5961k4/mern-ecommerce-156786/server/utils/auth.js
2025-08-13 10:13:17,241 - Knowledge - INFO - process ingested knowledge for /app/data/b2c/156786/b5961k4/mern-ecommerce-156786/server/vercel.json
2025-08-13 10:13:17,322 - Knowledge - INFO - process ingested knowledge for /app/data/b2c/156786/b5961k4/mern-ecommerce-156786/server/socket/support.js
2025-08-13 10:13:17,408 - Knowledge - INFO - Found code_base: <app.utils.kg_build.knowledge.KnowledgeCodeBase object at 0x7fdc0fcfba90>
2025-08-13 10:13:17,565 - Knowledge - INFO - Found code-base-name: https://github.com/kavia-common/mern-ecommerce-156786.git:kavia-master
2025-08-13 10:13:17,565 - Knowledge - INFO - adding /app/data/b2c/156786/b5961k4/mern-ecommerce-156786/server/routes/api/order.js to ingest queue
2025-08-13 10:13:17,717 - Knowledge - INFO - persist ingested knowledge for /app/data/b2c/156786/b5961k4/mern-ecommerce-156786/server/config/template.js
2025-08-13 10:13:17,796 - Knowledge - INFO - persist ingested knowledge for /app/data/b2c/156786/b5961k4/mern-ecommerce-156786/server/config/passport.js
2025-08-13 10:13:17,886 - Knowledge - INFO - persist ingested knowledge for /app/data/b2c/156786/b5961k4/mern-ecommerce-156786/server/middleware/auth.js
2025-08-13 10:13:18,219 - Knowledge - INFO - persist ingested knowledge for /app/data/b2c/156786/b5961k4/mern-ecommerce-156786/server/middleware/role.js
2025-08-13 10:13:18,641 - Knowledge - INFO - persist ingested knowledge for /app/data/b2c/156786/b5961k4/mern-ecommerce-156786/server/config/keys.js
2025-08-13 10:13:18,734 - Knowledge - INFO - Found code_base: <app.utils.kg_build.knowledge.KnowledgeCodeBase object at 0x7fdc0fcfba90>
2025-08-13 10:13:18,807 - Knowledge - INFO - adding /app/data/b2c/156786/b5961k4/mern-ecommerce-156786/server/routes/index.js to ingest queue
2025-08-13 10:13:19,451 - Knowledge - INFO - persist ingested knowledge for /app/data/b2c/156786/b5961k4/mern-ecommerce-156786/server/utils/storage.js
2025-08-13 10:13:19,555 - Knowledge - INFO - worker kw9 pull /app/data/b2c/156786/b5961k4/mern-ecommerce-156786/server/socket/index.js from ingest queue
2025-08-13 10:13:19,558 - Knowledge - INFO - adding /app/data/b2c/156786/b5961k4/mern-ecommerce-156786/server/config/tax.js to ingest queue
2025-08-13 10:13:19,800 - Knowledge - INFO - process ingested knowledge for /app/data/b2c/156786/b5961k4/mern-ecommerce-156786/server/socket/index.js
2025-08-13 10:13:19,848 - Knowledge - INFO - adding /app/data/b2c/156786/b5961k4/mern-ecommerce-156786/server/routes/api/address.js to ingest queue
2025-08-13 10:13:20,106 - Knowledge - INFO - adding /app/data/b2c/156786/b5961k4/mern-ecommerce-156786/server/routes/api/cart.js to ingest queue
2025-08-13 10:13:20,271 - Knowledge - INFO - worker kw24 pull /app/data/b2c/156786/b5961k4/mern-ecommerce-156786/server/constants/index.js from ingest queue
2025-08-13 10:13:20,272 - Knowledge - INFO - Found code-base-name: https://github.com/kavia-common/mern-ecommerce-156786.git:kavia-master
2025-08-13 10:13:20,272 - Knowledge - INFO - worker kw19 pull /app/data/b2c/156786/b5961k4/mern-ecommerce-156786/server/index.js from ingest queue
2025-08-13 10:13:20,272 - Knowledge - INFO - adding /app/data/b2c/156786/b5961k4/mern-ecommerce-156786/server/routes/api/contact.js to ingest queue
2025-08-13 10:13:20,445 - Knowledge - INFO - process ingested knowledge for /app/data/b2c/156786/b5961k4/mern-ecommerce-156786/server/constants/index.js
2025-08-13 10:13:20,494 - Knowledge - INFO - Found code_base: <app.utils.kg_build.knowledge.KnowledgeCodeBase object at 0x7fdc0fcfba90>
2025-08-13 10:13:20,606 - Knowledge - INFO - process ingested knowledge for /app/data/b2c/156786/b5961k4/mern-ecommerce-156786/server/index.js
2025-08-13 10:13:20,657 - Knowledge - INFO - worker kw4 pull /app/data/b2c/156786/b5961k4/mern-ecommerce-156786/client/package.json from ingest queue
2025-08-13 10:13:20,658 - Knowledge - INFO - Found code-base-name: https://github.com/kavia-common/mern-ecommerce-156786.git:kavia-master
2025-08-13 10:13:20,659 - Knowledge - INFO - Found code-base-name: https://github.com/kavia-common/mern-ecommerce-156786.git:kavia-master
2025-08-13 10:13:20,659 - Knowledge - INFO - Found code-base-name: https://github.com/kavia-common/mern-ecommerce-156786.git:kavia-master
2025-08-13 10:13:20,659 - Knowledge - INFO - Found code-base-name: https://github.com/kavia-common/mern-ecommerce-156786.git:kavia-master
2025-08-13 10:13:21,434 - Knowledge - INFO - Found code_base: <app.utils.kg_build.knowledge.KnowledgeCodeBase object at 0x7fdc0fcfba90>
2025-08-13 10:13:20,852 - Knowledge - INFO - persist ingested knowledge for /app/data/b2c/156786/b5961k4/mern-ecommerce-156786/server/utils/store.js
2025-08-13 10:13:20,874 - Knowledge - INFO - adding /app/data/b2c/156786/b5961k4/mern-ecommerce-156786/server/routes/api/index.js to ingest queue
2025-08-13 10:13:21,085 - Knowledge - INFO - process ingested knowledge for /app/data/b2c/156786/b5961k4/mern-ecommerce-156786/client/package.json
2025-08-13 10:13:21,172 - Knowledge - INFO - Found code_base: <app.utils.kg_build.knowledge.KnowledgeCodeBase object at 0x7fdc0fcfba90>
2025-08-13 10:13:21,273 - Knowledge - INFO - Found code_base: <app.utils.kg_build.knowledge.KnowledgeCodeBase object at 0x7fdc0fcfba90>
2025-08-13 10:13:21,357 - Knowledge - INFO - Found code_base: <app.utils.kg_build.knowledge.KnowledgeCodeBase object at 0x7fdc0fcfba90>
2025-08-13 10:13:20,659 - Knowledge - INFO - worker kw20 pull /app/data/b2c/156786/b5961k4/mern-ecommerce-156786/client/app/scrollToTop.js from ingest queue
2025-08-13 10:13:21,520 - Knowledge - INFO - persist ingested knowledge for /app/data/b2c/156786/b5961k4/mern-ecommerce-156786/server/socket/support.js
2025-08-13 10:13:21,698 - Knowledge - INFO - worker kw25 pull /app/data/b2c/156786/b5961k4/mern-ecommerce-156786/client/app/store.js from ingest queue
2025-08-13 10:13:21,751 - Knowledge - INFO - worker kw5 pull /app/data/b2c/156786/b5961k4/mern-ecommerce-156786/client/app/reducers.js from ingest queue
2025-08-13 10:13:21,751 - Knowledge - INFO - Found code-base-name: https://github.com/kavia-common/mern-ecommerce-156786.git:kavia-master
2025-08-13 10:13:21,751 - Knowledge - INFO - worker kw3 pull /app/data/b2c/156786/b5961k4/mern-ecommerce-156786/client/app/contexts/Socket/context.js from ingest queue
2025-08-13 10:13:21,751 - Knowledge - INFO - adding /app/data/b2c/156786/b5961k4/mern-ecommerce-156786/server/routes/api/user.js to ingest queue
2025-08-13 10:13:21,872 - Knowledge - INFO - persist ingested knowledge for /app/data/b2c/156786/b5961k4/mern-ecommerce-156786/server/utils/db.js
2025-08-13 10:13:21,951 - Knowledge - INFO - persist ingested knowledge for /app/data/b2c/156786/b5961k4/mern-ecommerce-156786/server/utils/auth.js
2025-08-13 10:13:22,034 - Knowledge - INFO - persist ingested knowledge for /app/data/b2c/156786/b5961k4/mern-ecommerce-156786/server/vercel.json
2025-08-13 10:13:22,156 - Knowledge - INFO - process ingested knowledge for /app/data/b2c/156786/b5961k4/mern-ecommerce-156786/client/app/scrollToTop.js
2025-08-13 10:13:22,318 - Knowledge - INFO - process ingested knowledge for /app/data/b2c/156786/b5961k4/mern-ecommerce-156786/client/app/store.js
2025-08-13 10:13:22,418 - Knowledge - INFO - process ingested knowledge for /app/data/b2c/156786/b5961k4/mern-ecommerce-156786/client/app/reducers.js
2025-08-13 10:13:22,469 - Knowledge - INFO - Found code_base: <app.utils.kg_build.knowledge.KnowledgeCodeBase object at 0x7fdc0fcfba90>
2025-08-13 10:13:22,587 - Knowledge - INFO - process ingested knowledge for /app/data/b2c/156786/b5961k4/mern-ecommerce-156786/client/app/contexts/Socket/context.js
2025-08-13 10:13:22,637 - Knowledge - INFO - Found code-base-name: https://github.com/kavia-common/mern-ecommerce-156786.git:kavia-master
2025-08-13 10:13:22,637 - Knowledge - INFO - Found code-base-name: https://github.com/kavia-common/mern-ecommerce-156786.git:kavia-master
2025-08-13 10:13:22,712 - Knowledge - INFO - adding /app/data/b2c/156786/b5961k4/mern-ecommerce-156786/server/config/template.js to ingest queue
2025-08-13 10:13:23,310 - Knowledge - INFO - persist ingested knowledge for /app/data/b2c/156786/b5961k4/mern-ecommerce-156786/server/socket/index.js
2025-08-13 10:13:23,497 - Knowledge - INFO - Found code_base: <app.utils.kg_build.knowledge.KnowledgeCodeBase object at 0x7fdc0fcfba90>
2025-08-13 10:13:23,601 - Knowledge - INFO - Found code_base: <app.utils.kg_build.knowledge.KnowledgeCodeBase object at 0x7fdc0fcfba90>
2025-08-13 10:13:23,705 - Knowledge - INFO - Found code-base-name: https://github.com/kavia-common/mern-ecommerce-156786.git:kavia-master
2025-08-13 10:13:23,707 - Knowledge - INFO - adding /app/data/b2c/156786/b5961k4/mern-ecommerce-156786/server/middleware/auth.js to ingest queue
2025-08-13 10:13:23,922 - Knowledge - INFO - persist ingested knowledge for /app/data/b2c/156786/b5961k4/mern-ecommerce-156786/server/utils/queries.js
2025-08-13 10:13:24,020 - Knowledge - INFO - persist ingested knowledge for /app/data/b2c/156786/b5961k4/mern-ecommerce-156786/server/utils/seed.js
2025-08-13 10:13:24,119 - Knowledge - INFO - Found code_base: <app.utils.kg_build.knowledge.KnowledgeCodeBase object at 0x7fdc0fcfba90>
2025-08-13 10:13:24,221 - Knowledge - INFO - adding /app/data/b2c/156786/b5961k4/mern-ecommerce-156786/server/middleware/role.js to ingest queue
2025-08-13 10:13:24,579 - Knowledge - INFO - persist ingested knowledge for /app/data/b2c/156786/b5961k4/mern-ecommerce-156786/server/constants/index.js
2025-08-13 10:13:24,660 - Knowledge - INFO - adding /app/data/b2c/156786/b5961k4/mern-ecommerce-156786/server/config/keys.js to ingest queue
2025-08-13 10:13:24,912 - Knowledge - INFO - worker kw10 pull /app/data/b2c/156786/b5961k4/mern-ecommerce-156786/client/app/contexts/Socket/provider.js from ingest queue
2025-08-13 10:13:24,912 - Knowledge - INFO - worker kw8 pull /app/data/b2c/156786/b5961k4/mern-ecommerce-156786/client/app/contexts/Socket/useSocket.js from ingest queue
2025-08-13 10:13:24,914 - Knowledge - INFO - adding /app/data/b2c/156786/b5961k4/mern-ecommerce-156786/server/utils/storage.js to ingest queue
2025-08-13 10:13:25,071 - Knowledge - INFO - process ingested knowledge for /app/data/b2c/156786/b5961k4/mern-ecommerce-156786/client/app/contexts/Socket/provider.js
2025-08-13 10:13:25,174 - Knowledge - INFO - process ingested knowledge for /app/data/b2c/156786/b5961k4/mern-ecommerce-156786/client/app/contexts/Socket/useSocket.js
2025-08-13 10:13:25,309 - Knowledge - INFO - worker kw2 pull /app/data/b2c/156786/b5961k4/mern-ecommerce-156786/client/app/contexts/Socket/index.js from ingest queue
2025-08-13 10:13:25,309 - Knowledge - INFO - adding /app/data/b2c/156786/b5961k4/mern-ecommerce-156786/server/config/passport.js to ingest queue
2025-08-13 10:13:25,589 - Knowledge - INFO - process ingested knowledge for /app/data/b2c/156786/b5961k4/mern-ecommerce-156786/client/app/contexts/Socket/index.js
2025-08-13 10:13:25,716 - Knowledge - INFO - adding /app/data/b2c/156786/b5961k4/mern-ecommerce-156786/server/utils/auth.js to ingest queue
2025-08-13 10:13:25,863 - Knowledge - INFO - Found code-base-name: https://github.com/kavia-common/mern-ecommerce-156786.git:kavia-master
2025-08-13 10:13:25,865 - Knowledge - INFO - Found code-base-name: https://github.com/kavia-common/mern-ecommerce-156786.git:kavia-master
2025-08-13 10:13:25,865 - Knowledge - INFO - Found code-base-name: https://github.com/kavia-common/mern-ecommerce-156786.git:kavia-master
2025-08-13 10:13:26,196 - Knowledge - INFO - Found code_base: <app.utils.kg_build.knowledge.KnowledgeCodeBase object at 0x7fdc0fcfba90>
2025-08-13 10:13:25,866 - Knowledge - INFO - worker kw11 pull /app/data/b2c/156786/b5961k4/mern-ecommerce-156786/client/app/styles/_custom.scss from ingest queue
2025-08-13 10:13:25,970 - Knowledge - INFO - Found code_base: <app.utils.kg_build.knowledge.KnowledgeCodeBase object at 0x7fdc0fcfba90>
2025-08-13 10:13:26,033 - Knowledge - INFO - adding /app/data/b2c/156786/b5961k4/mern-ecommerce-156786/server/utils/seed.js to ingest queue
2025-08-13 10:13:26,100 - Knowledge - INFO - Found code_base: <app.utils.kg_build.knowledge.KnowledgeCodeBase object at 0x7fdc0fcfba90>
2025-08-13 10:13:26,669 - Knowledge - INFO - persist ingested knowledge for /app/data/b2c/156786/b5961k4/mern-ecommerce-156786/client/app/store.js
2025-08-13 10:13:26,279 - Knowledge - INFO - persist ingested knowledge for /app/data/b2c/156786/b5961k4/mern-ecommerce-156786/client/app/reducers.js
2025-08-13 10:13:26,428 - Knowledge - INFO - process ingested knowledge for /app/data/b2c/156786/b5961k4/mern-ecommerce-156786/client/app/styles/_custom.scss
2025-08-13 10:13:26,479 - Knowledge - INFO - persist ingested knowledge for /app/data/b2c/156786/b5961k4/mern-ecommerce-156786/client/app/scrollToTop.js
2025-08-13 10:13:26,567 - Knowledge - INFO - Found code-base-name: https://github.com/kavia-common/mern-ecommerce-156786.git:kavia-master
2025-08-13 10:13:26,621 - Knowledge - INFO - worker kw21 pull /app/data/b2c/156786/b5961k4/mern-ecommerce-156786/client/app/styles/core/_subpage.scss from ingest queue
2025-08-13 10:13:26,621 - Knowledge - INFO - adding /app/data/b2c/156786/b5961k4/mern-ecommerce-156786/server/utils/store.js to ingest queue
2025-08-13 10:13:25,866 - Knowledge - INFO - Found code-base-name: https://github.com/kavia-common/mern-ecommerce-156786.git:kavia-master
2025-08-13 10:13:27,194 - Knowledge - INFO - Found code_base: <app.utils.kg_build.knowledge.KnowledgeCodeBase object at 0x7fdc0fcfba90>
2025-08-13 10:13:27,347 - Knowledge - INFO - process ingested knowledge for /app/data/b2c/156786/b5961k4/mern-ecommerce-156786/client/app/styles/core/_subpage.scss
2025-08-13 10:13:27,446 - Knowledge - INFO - Found code-base-name: https://github.com/kavia-common/mern-ecommerce-156786.git:kavia-master
2025-08-13 10:13:27,446 - Knowledge - INFO - worker kw22 pull /app/data/b2c/156786/b5961k4/mern-ecommerce-156786/client/app/styles/core/_brand.scss from ingest queue
2025-08-13 10:13:27,447 - Knowledge - INFO - adding /app/data/b2c/156786/b5961k4/mern-ecommerce-156786/server/socket/support.js to ingest queue
2025-08-13 10:13:27,525 - Knowledge - INFO - Found code_base: <app.utils.kg_build.knowledge.KnowledgeCodeBase object at 0x7fdc0fcfba90>
2025-08-13 10:13:27,639 - Knowledge - INFO - persist ingested knowledge for /app/data/b2c/156786/b5961k4/mern-ecommerce-156786/server/index.js
2025-08-13 10:13:27,812 - Knowledge - INFO - Found code_base: <app.utils.kg_build.knowledge.KnowledgeCodeBase object at 0x7fdc0fcfba90>
2025-08-13 10:13:27,929 - Knowledge - INFO - process ingested knowledge for /app/data/b2c/156786/b5961k4/mern-ecommerce-156786/client/app/styles/core/_brand.scss
2025-08-13 10:13:27,999 - Knowledge - INFO - Found code-base-name: https://github.com/kavia-common/mern-ecommerce-156786.git:kavia-master
2025-08-13 10:13:27,999 - Knowledge - INFO - Found code-base-name: https://github.com/kavia-common/mern-ecommerce-156786.git:kavia-master
2025-08-13 10:13:28,007 - Knowledge - INFO - worker kw13 pull /app/data/b2c/156786/b5961k4/mern-ecommerce-156786/client/app/styles/core/_wishlist.scss from ingest queue
2025-08-13 10:13:28,007 - Knowledge - INFO - Found code-base-name: https://github.com/kavia-common/mern-ecommerce-156786.git:kavia-master
2025-08-13 10:13:28,028 - Knowledge - INFO - worker kw1 pull /app/data/b2c/156786/b5961k4/mern-ecommerce-156786/client/app/styles/core/_radio.scss from ingest queue
2025-08-13 10:13:28,029 - Knowledge - INFO - worker kw17 pull /app/data/b2c/156786/b5961k4/mern-ecommerce-156786/client/app/styles/core/_checkbox.scss from ingest queue
2025-08-13 10:13:28,029 - Knowledge - INFO - adding /app/data/b2c/156786/b5961k4/mern-ecommerce-156786/server/utils/queries.js to ingest queue
2025-08-13 10:13:28,120 - Knowledge - INFO - persist ingested knowledge for /app/data/b2c/156786/b5961k4/mern-ecommerce-156786/client/app/contexts/Socket/context.js
2025-08-13 10:13:28,282 - Knowledge - INFO - persist ingested knowledge for /app/data/b2c/156786/b5961k4/mern-ecommerce-156786/client/package.json
2025-08-13 10:13:28,463 - Knowledge - INFO - Found code_base: <app.utils.kg_build.knowledge.KnowledgeCodeBase object at 0x7fdc0fcfba90>
2025-08-13 10:13:28,580 - Knowledge - INFO - Found code_base: <app.utils.kg_build.knowledge.KnowledgeCodeBase object at 0x7fdc0fcfba90>
2025-08-13 10:13:29,454 - Knowledge - INFO - persist ingested knowledge for /app/data/b2c/156786/b5961k4/mern-ecommerce-156786/client/app/contexts/Socket/useSocket.js
2025-08-13 10:13:28,770 - Knowledge - INFO - Found code_base: <app.utils.kg_build.knowledge.KnowledgeCodeBase object at 0x7fdc0fcfba90>
2025-08-13 10:13:28,900 - Knowledge - INFO - process ingested knowledge for /app/data/b2c/156786/b5961k4/mern-ecommerce-156786/client/app/styles/core/_radio.scss
2025-08-13 10:13:28,999 - Knowledge - INFO - process ingested knowledge for /app/data/b2c/156786/b5961k4/mern-ecommerce-156786/client/app/styles/core/_checkbox.scss
2025-08-13 10:13:29,055 - Knowledge - INFO - worker kw14 pull /app/data/b2c/156786/b5961k4/mern-ecommerce-156786/client/app/styles/core/_spinner.scss from ingest queue
2025-08-13 10:13:29,064 - Knowledge - INFO - Found code-base-name: https://github.com/kavia-common/mern-ecommerce-156786.git:kavia-master
2025-08-13 10:13:29,171 - Knowledge - INFO - Found code-base-name: https://github.com/kavia-common/mern-ecommerce-156786.git:kavia-master
2025-08-13 10:13:29,228 - Knowledge - INFO - adding /app/data/b2c/156786/b5961k4/mern-ecommerce-156786/client/app/scrollToTop.js to ingest queue
2025-08-13 10:13:29,359 - Knowledge - INFO - persist ingested knowledge for /app/data/b2c/156786/b5961k4/mern-ecommerce-156786/client/app/contexts/Socket/provider.js
2025-08-13 10:13:28,710 - Knowledge - INFO - process ingested knowledge for /app/data/b2c/156786/b5961k4/mern-ecommerce-156786/client/app/styles/core/_wishlist.scss
2025-08-13 10:13:29,651 - Knowledge - INFO - persist ingested knowledge for /app/data/b2c/156786/b5961k4/mern-ecommerce-156786/client/app/contexts/Socket/index.js
2025-08-13 10:13:29,940 - Knowledge - INFO - process ingested knowledge for /app/data/b2c/156786/b5961k4/mern-ecommerce-156786/client/app/styles/core/_spinner.scss
2025-08-13 10:13:30,014 - Knowledge - INFO - Found code_base: <app.utils.kg_build.knowledge.KnowledgeCodeBase object at 0x7fdc0fcfba90>
2025-08-13 10:13:30,117 - Knowledge - INFO - Found code_base: <app.utils.kg_build.knowledge.KnowledgeCodeBase object at 0x7fdc0fcfba90>
2025-08-13 10:13:30,202 - Knowledge - INFO - worker kw16 pull /app/data/b2c/156786/b5961k4/mern-ecommerce-156786/client/app/styles/core/_footer.scss from ingest queue
2025-08-13 10:13:30,202 - Knowledge - INFO - worker kw20 pull /app/data/b2c/156786/b5961k4/mern-ecommerce-156786/client/app/styles/core/_fixes.scss from ingest queue
2025-08-13 10:13:30,263 - Knowledge - INFO - worker kw23 pull /app/data/b2c/156786/b5961k4/mern-ecommerce-156786/client/app/styles/core/_share.scss from ingest queue
2025-08-13 10:13:30,328 - Knowledge - INFO - Found code-base-name: https://github.com/kavia-common/mern-ecommerce-156786.git:kavia-master
2025-08-13 10:13:30,328 - Knowledge - INFO - adding /app/data/b2c/156786/b5961k4/mern-ecommerce-156786/server/constants/index.js to ingest queue
2025-08-13 10:13:31,291 - Knowledge - INFO - worker kw7 pull /app/data/b2c/156786/b5961k4/mern-ecommerce-156786/client/app/styles/core/_badge.scss from ingest queue
2025-08-13 10:13:30,773 - Knowledge - INFO - persist ingested knowledge for /app/data/b2c/156786/b5961k4/mern-ecommerce-156786/client/app/styles/_custom.scss
2025-08-13 10:13:30,967 - Knowledge - INFO - process ingested knowledge for /app/data/b2c/156786/b5961k4/mern-ecommerce-156786/client/app/styles/core/_footer.scss
2025-08-13 10:13:31,055 - Knowledge - INFO - process ingested knowledge for /app/data/b2c/156786/b5961k4/mern-ecommerce-156786/client/app/styles/core/_fixes.scss
2025-08-13 10:13:31,148 - Knowledge - INFO - process ingested knowledge for /app/data/b2c/156786/b5961k4/mern-ecommerce-156786/client/app/styles/core/_share.scss
2025-08-13 10:13:31,197 - Knowledge - INFO - Found code_base: <app.utils.kg_build.knowledge.KnowledgeCodeBase object at 0x7fdc0fcfba90>
2025-08-13 10:13:30,656 - Knowledge - INFO - persist ingested knowledge for /app/data/b2c/156786/b5961k4/mern-ecommerce-156786/server/utils/utils.js
2025-08-13 10:13:31,349 - Knowledge - INFO - adding /app/data/b2c/156786/b5961k4/mern-ecommerce-156786/client/app/contexts/Socket/context.js to ingest queue
2025-08-13 10:13:31,448 - Knowledge - INFO - process ingested knowledge for /app/data/b2c/156786/b5961k4/mern-ecommerce-156786/client/app/styles/core/_badge.scss
2025-08-13 10:13:31,925 - Knowledge - INFO - persist ingested knowledge for /app/data/b2c/156786/b5961k4/mern-ecommerce-156786/client/app/styles/core/_brand.scss
2025-08-13 10:13:32,233 - Knowledge - INFO - Found code-base-name: https://github.com/kavia-common/mern-ecommerce-156786.git:kavia-master
2025-08-13 10:13:32,233 - Knowledge - INFO - Found code-base-name: https://github.com/kavia-common/mern-ecommerce-156786.git:kavia-master
2025-08-13 10:13:32,233 - Knowledge - INFO - Found code-base-name: https://github.com/kavia-common/mern-ecommerce-156786.git:kavia-master
2025-08-13 10:13:32,281 - Knowledge - INFO - adding /app/data/b2c/156786/b5961k4/mern-ecommerce-156786/server/socket/index.js to ingest queue
2025-08-13 10:13:32,400 - Knowledge - INFO - Found code_base: <app.utils.kg_build.knowledge.KnowledgeCodeBase object at 0x7fdc0fcfba90>
2025-08-13 10:13:32,482 - Knowledge - INFO - Found code_base: <app.utils.kg_build.knowledge.KnowledgeCodeBase object at 0x7fdc0fcfba90>
2025-08-13 10:13:32,904 - Knowledge - INFO - persist ingested knowledge for /app/data/b2c/156786/b5961k4/mern-ecommerce-156786/client/app/styles/core/_checkbox.scss
2025-08-13 10:13:32,690 - Knowledge - INFO - adding /app/data/b2c/156786/b5961k4/mern-ecommerce-156786/server/vercel.json to ingest queue
2025-08-13 10:13:32,783 - Knowledge - INFO - persist ingested knowledge for /app/data/b2c/156786/b5961k4/mern-ecommerce-156786/client/app/styles/core/_radio.scss
2025-08-13 10:13:32,593 - Knowledge - INFO - Found code_base: <app.utils.kg_build.knowledge.KnowledgeCodeBase object at 0x7fdc0fcfba90>
2025-08-13 10:13:33,165 - Knowledge - INFO - adding /app/data/b2c/156786/b5961k4/mern-ecommerce-156786/server/index.js to ingest queue
2025-08-13 10:13:33,363 - Knowledge - INFO - persist ingested knowledge for /app/data/b2c/156786/b5961k4/mern-ecommerce-156786/client/app/styles/core/_subpage.scss
2025-08-13 10:13:33,440 - Knowledge - INFO - Found code-base-name: https://github.com/kavia-common/mern-ecommerce-156786.git:kavia-master
2025-08-13 10:13:33,499 - Knowledge - INFO - Found code-base-name: https://github.com/kavia-common/mern-ecommerce-156786.git:kavia-master
2025-08-13 10:13:33,499 - Knowledge - INFO - adding /app/data/b2c/156786/b5961k4/mern-ecommerce-156786/client/app/reducers.js to ingest queue
2025-08-13 10:13:33,680 - Knowledge - INFO - Found code_base: <app.utils.kg_build.knowledge.KnowledgeCodeBase object at 0x7fdc0fcfba90>
2025-08-13 10:13:33,777 - Knowledge - INFO - Found code_base: <app.utils.kg_build.knowledge.KnowledgeCodeBase object at 0x7fdc0fcfba90>
2025-08-13 10:13:33,869 - Knowledge - INFO - adding /app/data/b2c/156786/b5961k4/mern-ecommerce-156786/client/app/store.js to ingest queue
2025-08-13 10:13:33,978 - Knowledge - INFO - persist ingested knowledge for /app/data/b2c/156786/b5961k4/mern-ecommerce-156786/client/app/styles/core/_wishlist.scss
2025-08-13 10:13:34,071 - Knowledge - INFO - persist ingested knowledge for /app/data/b2c/156786/b5961k4/mern-ecommerce-156786/client/app/styles/core/_spinner.scss
2025-08-13 10:13:34,203 - Knowledge - INFO - worker kw24 pull /app/data/b2c/156786/b5961k4/mern-ecommerce-156786/client/app/styles/core/_overrides.scss from ingest queue
2025-08-13 10:13:34,203 - Knowledge - INFO - worker kw18 pull /app/data/b2c/156786/b5961k4/mern-ecommerce-156786/client/app/styles/core/_variables.scss from ingest queue
2025-08-13 10:13:34,203 - Knowledge - INFO - Found code-base-name: https://github.com/kavia-common/mern-ecommerce-156786.git:kavia-master
2025-08-13 10:13:34,203 - Knowledge - INFO - Found code-base-name: https://github.com/kavia-common/mern-ecommerce-156786.git:kavia-master
2025-08-13 10:13:34,203 - Knowledge - INFO - Found code-base-name: https://github.com/kavia-common/mern-ecommerce-156786.git:kavia-master
2025-08-13 10:13:34,265 - Knowledge - INFO - worker kw3 pull /app/data/b2c/156786/b5961k4/mern-ecommerce-156786/client/app/styles/core/_header.scss from ingest queue
2025-08-13 10:13:34,265 - Knowledge - INFO - adding /app/data/b2c/156786/b5961k4/mern-ecommerce-156786/client/package.json to ingest queue
2025-08-13 10:13:34,533 - Knowledge - INFO - process ingested knowledge for /app/data/b2c/156786/b5961k4/mern-ecommerce-156786/client/app/styles/core/_overrides.scss
2025-08-13 10:13:34,632 - Knowledge - INFO - process ingested knowledge for /app/data/b2c/156786/b5961k4/mern-ecommerce-156786/client/app/styles/core/_variables.scss
2025-08-13 10:13:34,693 - Knowledge - INFO - Found code_base: <app.utils.kg_build.knowledge.KnowledgeCodeBase object at 0x7fdc0fcfba90>
2025-08-13 10:13:34,771 - Knowledge - INFO - Found code_base: <app.utils.kg_build.knowledge.KnowledgeCodeBase object at 0x7fdc0fcfba90>
2025-08-13 10:13:35,525 - Knowledge - INFO - persist ingested knowledge for /app/data/b2c/156786/b5961k4/mern-ecommerce-156786/client/app/styles/core/_fixes.scss
2025-08-13 10:13:35,029 - Knowledge - INFO - process ingested knowledge for /app/data/b2c/156786/b5961k4/mern-ecommerce-156786/client/app/styles/core/_header.scss
2025-08-13 10:13:35,121 - Knowledge - INFO - adding /app/data/b2c/156786/b5961k4/mern-ecommerce-156786/client/app/contexts/Socket/useSocket.js to ingest queue
2025-08-13 10:13:35,432 - Knowledge - INFO - persist ingested knowledge for /app/data/b2c/156786/b5961k4/mern-ecommerce-156786/client/app/styles/core/_footer.scss
2025-08-13 10:13:34,877 - Knowledge - INFO - Found code_base: <app.utils.kg_build.knowledge.KnowledgeCodeBase object at 0x7fdc0fcfba90>
2025-08-13 10:13:35,804 - Knowledge - INFO - adding /app/data/b2c/156786/b5961k4/mern-ecommerce-156786/server/utils/db.js to ingest queue
2025-08-13 10:13:36,071 - Knowledge - INFO - worker kw15 pull /app/data/b2c/156786/b5961k4/mern-ecommerce-156786/client/app/styles/core/_login.scss from ingest queue
2025-08-13 10:13:35,958 - Knowledge - INFO - persist ingested knowledge for /app/data/b2c/156786/b5961k4/mern-ecommerce-156786/client/app/styles/core/_share.scss
2025-08-13 10:13:36,139 - Knowledge - INFO - worker kw12 pull /app/data/b2c/156786/b5961k4/mern-ecommerce-156786/client/app/styles/core/_coming-soon.scss from ingest queue
2025-08-13 10:13:36,139 - Knowledge - INFO - adding /app/data/b2c/156786/b5961k4/mern-ecommerce-156786/client/app/contexts/Socket/provider.js to ingest queue
2025-08-13 10:13:36,202 - Knowledge - INFO - process ingested knowledge for /app/data/b2c/156786/b5961k4/mern-ecommerce-156786/client/app/styles/core/_login.scss
2025-08-13 10:13:36,399 - Knowledge - INFO - process ingested knowledge for /app/data/b2c/156786/b5961k4/mern-ecommerce-156786/client/app/styles/core/_coming-soon.scss
2025-08-13 10:13:36,448 - Knowledge - INFO - worker kw10 pull /app/data/b2c/156786/b5961k4/mern-ecommerce-156786/client/app/styles/core/_utils.scss from ingest queue
2025-08-13 10:13:36,448 - Knowledge - INFO - worker kw19 pull /app/data/b2c/156786/b5961k4/mern-ecommerce-156786/client/app/styles/core/_product.scss from ingest queue
2025-08-13 10:13:36,449 - Knowledge - INFO - worker kw5 pull /app/data/b2c/156786/b5961k4/mern-ecommerce-156786/client/app/styles/core/_support.scss from ingest queue
2025-08-13 10:13:36,449 - Knowledge - INFO - Found code-base-name: https://github.com/kavia-common/mern-ecommerce-156786.git:kavia-master
2025-08-13 10:13:36,564 - Knowledge - INFO - worker kw4 pull /app/data/b2c/156786/b5961k4/mern-ecommerce-156786/client/app/styles/core/_account.scss from ingest queue
2025-08-13 10:13:36,564 - Knowledge - INFO - Found code-base-name: https://github.com/kavia-common/mern-ecommerce-156786.git:kavia-master
2025-08-13 10:13:36,627 - Knowledge - INFO - Found code-base-name: https://github.com/kavia-common/mern-ecommerce-156786.git:kavia-master
2025-08-13 10:13:36,628 - Knowledge - INFO - worker kw8 pull /app/data/b2c/156786/b5961k4/mern-ecommerce-156786/client/app/styles/core/_newsletter.scss from ingest queue
2025-08-13 10:13:36,703 - Knowledge - INFO - adding /app/data/b2c/156786/b5961k4/mern-ecommerce-156786/client/app/styles/core/_footer.scss to ingest queue
2025-08-13 10:13:36,795 - Knowledge - INFO - process ingested knowledge for /app/data/b2c/156786/b5961k4/mern-ecommerce-156786/client/app/styles/core/_utils.scss
2025-08-13 10:13:36,919 - Knowledge - INFO - process ingested knowledge for /app/data/b2c/156786/b5961k4/mern-ecommerce-156786/client/app/styles/core/_product.scss
2025-08-13 10:13:36,998 - Knowledge - INFO - process ingested knowledge for /app/data/b2c/156786/b5961k4/mern-ecommerce-156786/client/app/styles/core/_support.scss
2025-08-13 10:13:37,082 - Knowledge - INFO - Found code_base: <app.utils.kg_build.knowledge.KnowledgeCodeBase object at 0x7fdc0fcfba90>
2025-08-13 10:13:37,194 - Knowledge - INFO - process ingested knowledge for /app/data/b2c/156786/b5961k4/mern-ecommerce-156786/client/app/styles/core/_account.scss
2025-08-13 10:13:37,239 - Knowledge - INFO - Found code_base: <app.utils.kg_build.knowledge.KnowledgeCodeBase object at 0x7fdc0fcfba90>
2025-08-13 10:13:37,331 - Knowledge - INFO - Found code_base: <app.utils.kg_build.knowledge.KnowledgeCodeBase object at 0x7fdc0fcfba90>
2025-08-13 10:13:37,454 - Knowledge - INFO - process ingested knowledge for /app/data/b2c/156786/b5961k4/mern-ecommerce-156786/client/app/styles/core/_newsletter.scss
2025-08-13 10:13:37,509 - Knowledge - INFO - adding /app/data/b2c/156786/b5961k4/mern-ecommerce-156786/client/app/styles/core/_checkbox.scss to ingest queue
2025-08-13 10:13:37,943 - Knowledge - INFO - persist ingested knowledge for /app/data/b2c/156786/b5961k4/mern-ecommerce-156786/client/app/styles/core/_badge.scss
2025-08-13 10:13:38,154 - Knowledge - INFO - persist ingested knowledge for /app/data/b2c/156786/b5961k4/mern-ecommerce-156786/client/app/styles/core/_overrides.scss
2025-08-13 10:13:38,252 - Knowledge - INFO - persist ingested knowledge for /app/data/b2c/156786/b5961k4/mern-ecommerce-156786/client/app/styles/core/_header.scss
2025-08-13 10:13:38,437 - Knowledge - INFO - worker kw17 pull /app/data/b2c/156786/b5961k4/mern-ecommerce-156786/client/app/styles/core/_menu.scss from ingest queue
2025-08-13 10:13:38,500 - Knowledge - INFO - worker kw25 pull /app/data/b2c/156786/b5961k4/mern-ecommerce-156786/client/app/styles/core/_table.scss from ingest queue
2025-08-13 10:13:38,565 - Knowledge - INFO - adding /app/data/b2c/156786/b5961k4/mern-ecommerce-156786/server/utils/utils.js to ingest queue
2025-08-13 10:13:38,858 - Knowledge - INFO - process ingested knowledge for /app/data/b2c/156786/b5961k4/mern-ecommerce-156786/client/app/styles/core/_menu.scss
2025-08-13 10:13:38,946 - Knowledge - INFO - process ingested knowledge for /app/data/b2c/156786/b5961k4/mern-ecommerce-156786/client/app/styles/core/_table.scss
2025-08-13 10:13:39,091 - Knowledge - INFO - adding /app/data/b2c/156786/b5961k4/mern-ecommerce-156786/client/app/styles/core/_wishlist.scss to ingest queue
2025-08-13 10:13:39,387 - Knowledge - INFO - Found code-base-name: https://github.com/kavia-common/mern-ecommerce-156786.git:kavia-master
2025-08-13 10:13:39,388 - Knowledge - INFO - adding /app/data/b2c/156786/b5961k4/mern-ecommerce-156786/client/app/styles/core/_spinner.scss to ingest queue
2025-08-13 10:13:39,496 - Knowledge - INFO - Found code_base: <app.utils.kg_build.knowledge.KnowledgeCodeBase object at 0x7fdc0fcfba90>
2025-08-13 10:13:39,600 - Knowledge - INFO - Found code-base-name: https://github.com/kavia-common/mern-ecommerce-156786.git:kavia-master
2025-08-13 10:13:39,600 - Knowledge - INFO - adding /app/data/b2c/156786/b5961k4/mern-ecommerce-156786/client/app/styles/core/_fixes.scss to ingest queue
2025-08-13 10:13:39,718 - Knowledge - INFO - persist ingested knowledge for /app/data/b2c/156786/b5961k4/mern-ecommerce-156786/client/app/styles/core/_variables.scss
2025-08-13 10:13:39,805 - Knowledge - INFO - Found code_base: <app.utils.kg_build.knowledge.KnowledgeCodeBase object at 0x7fdc0fcfba90>
2025-08-13 10:13:39,955 - Knowledge - INFO - Found code-base-name: https://github.com/kavia-common/mern-ecommerce-156786.git:kavia-master
2025-08-13 10:13:40,258 - Knowledge - INFO - Found code_base: <app.utils.kg_build.knowledge.KnowledgeCodeBase object at 0x7fdc0fcfba90>
2025-08-13 10:13:39,955 - Knowledge - INFO - Found code-base-name: https://github.com/kavia-common/mern-ecommerce-156786.git:kavia-master
2025-08-13 10:13:39,955 - Knowledge - INFO - Found code-base-name: https://github.com/kavia-common/mern-ecommerce-156786.git:kavia-master
2025-08-13 10:13:39,955 - Knowledge - INFO - Found code-base-name: https://github.com/kavia-common/mern-ecommerce-156786.git:kavia-master
2025-08-13 10:13:39,955 - Knowledge - INFO - Found code-base-name: https://github.com/kavia-common/mern-ecommerce-156786.git:kavia-master
2025-08-13 10:13:39,955 - Knowledge - INFO - Found code-base-name: https://github.com/kavia-common/mern-ecommerce-156786.git:kavia-master
2025-08-13 10:13:39,955 - Knowledge - INFO - adding /app/data/b2c/156786/b5961k4/mern-ecommerce-156786/client/app/contexts/Socket/index.js to ingest queue
2025-08-13 10:13:40,166 - Knowledge - INFO - persist ingested knowledge for /app/data/b2c/156786/b5961k4/mern-ecommerce-156786/client/app/styles/core/_login.scss
2025-08-13 10:13:39,955 - Knowledge - INFO - worker kw9 pull /app/data/b2c/156786/b5961k4/mern-ecommerce-156786/client/app/styles/core/_mixins.scss from ingest queue
2025-08-13 10:13:40,385 - Knowledge - INFO - persist ingested knowledge for /app/data/b2c/156786/b5961k4/mern-ecommerce-156786/client/app/styles/core/_coming-soon.scss
2025-08-13 10:13:40,476 - Knowledge - INFO - Found code_base: <app.utils.kg_build.knowledge.KnowledgeCodeBase object at 0x7fdc0fcfba90>
2025-08-13 10:13:40,566 - Knowledge - INFO - Found code_base: <app.utils.kg_build.knowledge.KnowledgeCodeBase object at 0x7fdc0fcfba90>
2025-08-13 10:13:40,680 - Knowledge - INFO - Found code_base: <app.utils.kg_build.knowledge.KnowledgeCodeBase object at 0x7fdc0fcfba90>
2025-08-13 10:13:40,833 - Knowledge - INFO - Found code_base: <app.utils.kg_build.knowledge.KnowledgeCodeBase object at 0x7fdc0fcfba90>
2025-08-13 10:13:41,731 - Knowledge - INFO - persist ingested knowledge for /app/data/b2c/156786/b5961k4/mern-ecommerce-156786/client/app/styles/core/_account.scss
2025-08-13 10:13:41,089 - Knowledge - INFO - adding /app/data/b2c/156786/b5961k4/mern-ecommerce-156786/client/app/styles/core/_share.scss to ingest queue
2025-08-13 10:13:41,245 - Knowledge - INFO - process ingested knowledge for /app/data/b2c/156786/b5961k4/mern-ecommerce-156786/client/app/styles/core/_mixins.scss
2025-08-13 10:13:41,394 - Knowledge - INFO - persist ingested knowledge for /app/data/b2c/156786/b5961k4/mern-ecommerce-156786/client/app/styles/core/_utils.scss
2025-08-13 10:13:41,509 - Knowledge - INFO - persist ingested knowledge for /app/data/b2c/156786/b5961k4/mern-ecommerce-156786/client/app/styles/core/_product.scss
2025-08-13 10:13:41,621 - Knowledge - INFO - persist ingested knowledge for /app/data/b2c/156786/b5961k4/mern-ecommerce-156786/client/app/styles/core/_support.scss
2025-08-13 10:13:40,934 - Knowledge - INFO - Found code_base: <app.utils.kg_build.knowledge.KnowledgeCodeBase object at 0x7fdc0fcfba90>
2025-08-13 10:13:42,003 - Knowledge - INFO - adding /app/data/b2c/156786/b5961k4/mern-ecommerce-156786/client/app/styles/_custom.scss to ingest queue
2025-08-13 10:13:42,446 - Knowledge - INFO - persist ingested knowledge for /app/data/b2c/156786/b5961k4/mern-ecommerce-156786/client/app/styles/core/_newsletter.scss
2025-08-13 10:13:42,682 - Knowledge - INFO - adding /app/data/b2c/156786/b5961k4/mern-ecommerce-156786/client/app/styles/core/_header.scss to ingest queue
2025-08-13 10:13:42,784 - Knowledge - INFO - worker kw3 pull /app/data/b2c/156786/b5961k4/mern-ecommerce-156786/client/app/styles/core/utils/_reset.scss from ingest queue
2025-08-13 10:13:42,786 - Knowledge - INFO - Found code-base-name: https://github.com/kavia-common/mern-ecommerce-156786.git:kavia-master
2025-08-13 10:13:42,786 - Knowledge - INFO - worker kw13 pull /app/data/b2c/156786/b5961k4/mern-ecommerce-156786/client/app/styles/core/utils/_fonts.scss from ingest queue
2025-08-13 10:13:42,786 - Knowledge - INFO - worker kw14 pull /app/data/b2c/156786/b5961k4/mern-ecommerce-156786/client/app/styles/core/_dashboard.scss from ingest queue
2025-08-13 10:13:42,786 - Knowledge - INFO - adding /app/data/b2c/156786/b5961k4/mern-ecommerce-156786/client/app/styles/core/_brand.scss to ingest queue
2025-08-13 10:13:42,932 - Knowledge - INFO - process ingested knowledge for /app/data/b2c/156786/b5961k4/mern-ecommerce-156786/client/app/styles/core/utils/_reset.scss
2025-08-13 10:13:42,976 - Knowledge - INFO - Found code_base: <app.utils.kg_build.knowledge.KnowledgeCodeBase object at 0x7fdc0fcfba90>
2025-08-13 10:13:43,095 - Knowledge - INFO - process ingested knowledge for /app/data/b2c/156786/b5961k4/mern-ecommerce-156786/client/app/styles/core/utils/_fonts.scss
2025-08-13 10:13:43,218 - Knowledge - INFO - process ingested knowledge for /app/data/b2c/156786/b5961k4/mern-ecommerce-156786/client/app/styles/core/_dashboard.scss
2025-08-13 10:13:43,347 - Knowledge - INFO - worker kw2 pull /app/data/b2c/156786/b5961k4/mern-ecommerce-156786/client/app/styles/core/_input.scss from ingest queue
2025-08-13 10:13:43,348 - Knowledge - INFO - adding /app/data/b2c/156786/b5961k4/mern-ecommerce-156786/client/app/styles/core/_radio.scss to ingest queue
2025-08-13 10:13:43,526 - Knowledge - INFO - persist ingested knowledge for /app/data/b2c/156786/b5961k4/mern-ecommerce-156786/client/app/styles/core/_menu.scss
2025-08-13 10:13:43,905 - Knowledge - INFO - process ingested knowledge for /app/data/b2c/156786/b5961k4/mern-ecommerce-156786/client/app/styles/core/_input.scss
2025-08-13 10:13:44,068 - Knowledge - INFO - worker kw23 pull /app/data/b2c/156786/b5961k4/mern-ecommerce-156786/client/app/styles/core/_button.scss from ingest queue
2025-08-13 10:13:44,068 - Knowledge - INFO - adding /app/data/b2c/156786/b5961k4/mern-ecommerce-156786/client/app/styles/core/_badge.scss to ingest queue
2025-08-13 10:13:44,270 - Knowledge - INFO - process ingested knowledge for /app/data/b2c/156786/b5961k4/mern-ecommerce-156786/client/app/styles/core/_button.scss
2025-08-13 10:13:44,499 - Knowledge - INFO - worker kw11 pull /app/data/b2c/156786/b5961k4/mern-ecommerce-156786/client/app/styles/core/_order.scss from ingest queue
2025-08-13 10:13:44,500 - Knowledge - INFO - adding /app/data/b2c/156786/b5961k4/mern-ecommerce-156786/client/app/styles/core/_overrides.scss to ingest queue
2025-08-13 10:13:44,639 - Knowledge - INFO - process ingested knowledge for /app/data/b2c/156786/b5961k4/mern-ecommerce-156786/client/app/styles/core/_order.scss
2025-08-13 10:13:44,722 - Knowledge - INFO - worker kw6 pull /app/data/b2c/156786/b5961k4/mern-ecommerce-156786/client/app/styles/core/core.scss from ingest queue
2025-08-13 10:13:44,723 - Knowledge - INFO - adding /app/data/b2c/156786/b5961k4/mern-ecommerce-156786/client/app/styles/core/_subpage.scss to ingest queue
2025-08-13 10:13:44,956 - Knowledge - INFO - process ingested knowledge for /app/data/b2c/156786/b5961k4/mern-ecommerce-156786/client/app/styles/core/core.scss
2025-08-13 10:13:45,039 - Knowledge - INFO - worker kw20 pull /app/data/b2c/156786/b5961k4/mern-ecommerce-156786/client/app/styles/core/_shop.scss from ingest queue
2025-08-13 10:13:45,041 - Knowledge - INFO - worker kw16 pull /app/data/b2c/156786/b5961k4/mern-ecommerce-156786/client/app/styles/core/_cart.scss from ingest queue
2025-08-13 10:13:45,109 - Knowledge - INFO - Found code-base-name: https://github.com/kavia-common/mern-ecommerce-156786.git:kavia-master
2025-08-13 10:13:45,109 - Knowledge - INFO - Found code-base-name: https://github.com/kavia-common/mern-ecommerce-156786.git:kavia-master
2025-08-13 10:13:45,109 - Knowledge - INFO - Found code-base-name: https://github.com/kavia-common/mern-ecommerce-156786.git:kavia-master
2025-08-13 10:13:45,109 - Knowledge - INFO - worker kw1 pull /app/data/b2c/156786/b5961k4/mern-ecommerce-156786/client/app/styles/core/_users.scss from ingest queue
2025-08-13 10:13:45,165 - Knowledge - INFO - Found code-base-name: https://github.com/kavia-common/mern-ecommerce-156786.git:kavia-master
2025-08-13 10:13:45,859 - Knowledge - INFO - Found code_base: <app.utils.kg_build.knowledge.KnowledgeCodeBase object at 0x7fdc0fcfba90>
2025-08-13 10:13:45,290 - Knowledge - INFO - process ingested knowledge for /app/data/b2c/156786/b5961k4/mern-ecommerce-156786/client/app/styles/core/_shop.scss
2025-08-13 10:13:45,393 - Knowledge - INFO - process ingested knowledge for /app/data/b2c/156786/b5961k4/mern-ecommerce-156786/client/app/styles/core/_cart.scss
2025-08-13 10:13:45,449 - Knowledge - INFO - Found code_base: <app.utils.kg_build.knowledge.KnowledgeCodeBase object at 0x7fdc0fcfba90>
2025-08-13 10:13:45,553 - Knowledge - INFO - Found code_base: <app.utils.kg_build.knowledge.KnowledgeCodeBase object at 0x7fdc0fcfba90>
2025-08-13 10:13:45,663 - Knowledge - INFO - Found code_base: <app.utils.kg_build.knowledge.KnowledgeCodeBase object at 0x7fdc0fcfba90>
2025-08-13 10:13:45,805 - Knowledge - INFO - process ingested knowledge for /app/data/b2c/156786/b5961k4/mern-ecommerce-156786/client/app/styles/core/_users.scss
2025-08-13 10:13:45,166 - Knowledge - INFO - adding /app/data/b2c/156786/b5961k4/mern-ecommerce-156786/client/app/styles/core/_account.scss to ingest queue
2025-08-13 10:13:45,991 - Knowledge - INFO - persist ingested knowledge for /app/data/b2c/156786/b5961k4/mern-ecommerce-156786/client/app/styles/core/_mixins.scss
2025-08-13 10:13:46,324 - Knowledge - INFO - persist ingested knowledge for /app/data/b2c/156786/b5961k4/mern-ecommerce-156786/client/app/styles/core/utils/_reset.scss
2025-08-13 10:13:46,416 - Knowledge - INFO - persist ingested knowledge for /app/data/b2c/156786/b5961k4/mern-ecommerce-156786/client/app/styles/core/utils/_fonts.scss
2025-08-13 10:13:46,502 - Knowledge - INFO - persist ingested knowledge for /app/data/b2c/156786/b5961k4/mern-ecommerce-156786/client/app/styles/core/_dashboard.scss
2025-08-13 10:13:46,728 - Knowledge - INFO - Found code-base-name: https://github.com/kavia-common/mern-ecommerce-156786.git:kavia-master
2025-08-13 10:13:46,728 - Knowledge - INFO - worker kw4 pull /app/data/b2c/156786/b5961k4/mern-ecommerce-156786/client/app/styles/core/_rtl.scss from ingest queue
2025-08-13 10:13:46,729 - Knowledge - INFO - adding /app/data/b2c/156786/b5961k4/mern-ecommerce-156786/client/app/styles/core/_utils.scss to ingest queue
2025-08-13 10:13:47,241 - Knowledge - INFO - Found code_base: <app.utils.kg_build.knowledge.KnowledgeCodeBase object at 0x7fdc0fcfba90>
2025-08-13 10:13:47,435 - Knowledge - INFO - process ingested knowledge for /app/data/b2c/156786/b5961k4/mern-ecommerce-156786/client/app/styles/core/_rtl.scss
2025-08-13 10:13:47,522 - Knowledge - INFO - Found code-base-name: https://github.com/kavia-common/mern-ecommerce-156786.git:kavia-master
2025-08-13 10:13:47,595 - Knowledge - INFO - adding /app/data/b2c/156786/b5961k4/mern-ecommerce-156786/client/app/styles/core/_support.scss to ingest queue
2025-08-13 10:13:47,628 - Knowledge - INFO - persist ingested knowledge for /app/data/b2c/156786/b5961k4/mern-ecommerce-156786/client/app/styles/core/_input.scss
2025-08-13 10:13:47,810 - Knowledge - INFO - Found code_base: <app.utils.kg_build.knowledge.KnowledgeCodeBase object at 0x7fdc0fcfba90>
2025-08-13 10:13:47,939 - Knowledge - INFO - Found code-base-name: https://github.com/kavia-common/mern-ecommerce-156786.git:kavia-master
2025-08-13 10:13:47,939 - Knowledge - INFO - worker kw5 pull /app/data/b2c/156786/b5961k4/mern-ecommerce-156786/client/app/styles/core/_review.scss from ingest queue
2025-08-13 10:13:47,940 - Knowledge - INFO - worker kw24 pull /app/data/b2c/156786/b5961k4/mern-ecommerce-156786/client/app/styles/core/_merchant.scss from ingest queue
2025-08-13 10:13:47,941 - Knowledge - INFO - worker kw21 pull /app/data/b2c/156786/b5961k4/mern-ecommerce-156786/client/app/styles/core/_switch.scss from ingest queue
2025-08-13 10:13:47,941 - Knowledge - INFO - adding /app/data/b2c/156786/b5961k4/mern-ecommerce-156786/client/app/styles/core/_login.scss to ingest queue
2025-08-13 10:13:48,161 - Knowledge - INFO - persist ingested knowledge for /app/data/b2c/156786/b5961k4/mern-ecommerce-156786/client/app/styles/core/_button.scss
2025-08-13 10:13:48,270 - Knowledge - INFO - Found code_base: <app.utils.kg_build.knowledge.KnowledgeCodeBase object at 0x7fdc0fcfba90>
2025-08-13 10:13:48,405 - Knowledge - INFO - process ingested knowledge for /app/data/b2c/156786/b5961k4/mern-ecommerce-156786/client/app/styles/core/_review.scss
2025-08-13 10:13:48,508 - Knowledge - INFO - process ingested knowledge for /app/data/b2c/156786/b5961k4/mern-ecommerce-156786/client/app/styles/core/_merchant.scss
2025-08-13 10:13:48,614 - Knowledge - INFO - process ingested knowledge for /app/data/b2c/156786/b5961k4/mern-ecommerce-156786/client/app/styles/core/_switch.scss
2025-08-13 10:13:48,697 - Knowledge - INFO - Found code-base-name: https://github.com/kavia-common/mern-ecommerce-156786.git:kavia-master
2025-08-13 10:13:48,697 - Knowledge - INFO - adding /app/data/b2c/156786/b5961k4/mern-ecommerce-156786/client/app/styles/core/_menu.scss to ingest queue
2025-08-13 10:13:48,908 - Knowledge - INFO - persist ingested knowledge for /app/data/b2c/156786/b5961k4/mern-ecommerce-156786/client/app/styles/core/_table.scss
2025-08-13 10:13:49,331 - Knowledge - INFO - Found code_base: <app.utils.kg_build.knowledge.KnowledgeCodeBase object at 0x7fdc0fcfba90>
2025-08-13 10:13:49,427 - Knowledge - INFO - Found code-base-name: https://github.com/kavia-common/mern-ecommerce-156786.git:kavia-master
2025-08-13 10:13:49,428 - Knowledge - INFO - Found code-base-name: https://github.com/kavia-common/mern-ecommerce-156786.git:kavia-master
2025-08-13 10:13:49,429 - Knowledge - INFO - Found code-base-name: https://github.com/kavia-common/mern-ecommerce-156786.git:kavia-master
2025-08-13 10:13:49,429 - Knowledge - INFO - worker kw7 pull /app/data/b2c/156786/b5961k4/mern-ecommerce-156786/client/app/styles/core/_layout.scss from ingest queue
2025-08-13 10:13:49,621 - Knowledge - INFO - persist ingested knowledge for /app/data/b2c/156786/b5961k4/mern-ecommerce-156786/client/app/styles/core/core.scss
2025-08-13 10:13:49,656 - Knowledge - INFO - worker kw10 pull /app/data/b2c/156786/b5961k4/mern-ecommerce-156786/client/app/styles/core/_category.scss from ingest queue
2025-08-13 10:13:49,656 - Knowledge - INFO - adding /app/data/b2c/156786/b5961k4/mern-ecommerce-156786/client/app/styles/core/_newsletter.scss to ingest queue
2025-08-13 10:13:49,732 - Knowledge - INFO - Found code_base: <app.utils.kg_build.knowledge.KnowledgeCodeBase object at 0x7fdc0fcfba90>
2025-08-13 10:13:49,845 - Knowledge - INFO - Found code_base: <app.utils.kg_build.knowledge.KnowledgeCodeBase object at 0x7fdc0fcfba90>
2025-08-13 10:13:49,933 - Knowledge - INFO - Found code_base: <app.utils.kg_build.knowledge.KnowledgeCodeBase object at 0x7fdc0fcfba90>
2025-08-13 10:13:50,037 - Knowledge - INFO - process ingested knowledge for /app/data/b2c/156786/b5961k4/mern-ecommerce-156786/client/app/styles/core/_layout.scss
2025-08-13 10:13:50,209 - Knowledge - INFO - process ingested knowledge for /app/data/b2c/156786/b5961k4/mern-ecommerce-156786/client/app/styles/core/_category.scss
2025-08-13 10:13:50,285 - Knowledge - INFO - worker kw22 pull /app/data/b2c/156786/b5961k4/mern-ecommerce-156786/client/app/styles/core/page404.scss from ingest queue
2025-08-13 10:13:50,287 - Knowledge - INFO - adding /app/data/b2c/156786/b5961k4/mern-ecommerce-156786/client/app/styles/core/_coming-soon.scss to ingest queue
2025-08-13 10:13:50,396 - Knowledge - INFO - persist ingested knowledge for /app/data/b2c/156786/b5961k4/mern-ecommerce-156786/client/app/styles/core/_shop.scss
2025-08-13 10:13:50,492 - Knowledge - INFO - persist ingested knowledge for /app/data/b2c/156786/b5961k4/mern-ecommerce-156786/client/app/styles/core/_cart.scss
2025-08-13 10:13:50,605 - Knowledge - INFO - persist ingested knowledge for /app/data/b2c/156786/b5961k4/mern-ecommerce-156786/client/app/styles/core/_users.scss
2025-08-13 10:13:50,961 - Knowledge - INFO - process ingested knowledge for /app/data/b2c/156786/b5961k4/mern-ecommerce-156786/client/app/styles/core/page404.scss
2025-08-13 10:13:51,011 - Knowledge - INFO - adding /app/data/b2c/156786/b5961k4/mern-ecommerce-156786/client/app/styles/core/_variables.scss to ingest queue
2025-08-13 10:13:51,525 - Knowledge - INFO - worker kw15 pull /app/data/b2c/156786/b5961k4/mern-ecommerce-156786/client/app/styles/core/_checkout.scss from ingest queue
2025-08-13 10:13:51,525 - Knowledge - INFO - Found code-base-name: https://github.com/kavia-common/mern-ecommerce-156786.git:kavia-master
2025-08-13 10:13:51,526 - Knowledge - INFO - Found code-base-name: https://github.com/kavia-common/mern-ecommerce-156786.git:kavia-master
2025-08-13 10:13:51,527 - Knowledge - INFO - Found code-base-name: https://github.com/kavia-common/mern-ecommerce-156786.git:kavia-master
2025-08-13 10:13:51,527 - Knowledge - INFO - worker kw17 pull /app/data/b2c/156786/b5961k4/mern-ecommerce-156786/client/app/styles/core/_components.scss from ingest queue
2025-08-13 10:13:51,527 - Knowledge - INFO - adding /app/data/b2c/156786/b5961k4/mern-ecommerce-156786/client/app/styles/core/_product.scss to ingest queue
2025-08-13 10:13:51,641 - Knowledge - INFO - process ingested knowledge for /app/data/b2c/156786/b5961k4/mern-ecommerce-156786/client/app/styles/core/_checkout.scss
2025-08-13 10:13:51,725 - Knowledge - INFO - Found code_base: <app.utils.kg_build.knowledge.KnowledgeCodeBase object at 0x7fdc0fcfba90>
2025-08-13 10:13:51,817 - Knowledge - INFO - Found code_base: <app.utils.kg_build.knowledge.KnowledgeCodeBase object at 0x7fdc0fcfba90>
2025-08-13 10:13:51,920 - Knowledge - INFO - Found code_base: <app.utils.kg_build.knowledge.KnowledgeCodeBase object at 0x7fdc0fcfba90>
2025-08-13 10:13:52,060 - Knowledge - INFO - process ingested knowledge for /app/data/b2c/156786/b5961k4/mern-ecommerce-156786/client/app/styles/core/_components.scss
2025-08-13 10:13:52,204 - Knowledge - INFO - adding /app/data/b2c/156786/b5961k4/mern-ecommerce-156786/client/app/styles/core/utils/_reset.scss to ingest queue
2025-08-13 10:13:52,335 - Knowledge - INFO - persist ingested knowledge for /app/data/b2c/156786/b5961k4/mern-ecommerce-156786/client/app/styles/core/_review.scss
2025-08-13 10:13:52,429 - Knowledge - INFO - persist ingested knowledge for /app/data/b2c/156786/b5961k4/mern-ecommerce-156786/client/app/styles/core/_merchant.scss
2025-08-13 10:13:52,533 - Knowledge - INFO - persist ingested knowledge for /app/data/b2c/156786/b5961k4/mern-ecommerce-156786/client/app/styles/core/_switch.scss
2025-08-13 10:13:52,740 - Knowledge - INFO - adding /app/data/b2c/156786/b5961k4/mern-ecommerce-156786/client/app/styles/core/utils/_fonts.scss to ingest queue
2025-08-13 10:13:53,119 - Knowledge - INFO - Found code-base-name: https://github.com/kavia-common/mern-ecommerce-156786.git:kavia-master
2025-08-13 10:13:53,121 - Knowledge - INFO - adding /app/data/b2c/156786/b5961k4/mern-ecommerce-156786/client/app/styles/core/_dashboard.scss to ingest queue
2025-08-13 10:13:53,227 - Knowledge - INFO - Found code_base: <app.utils.kg_build.knowledge.KnowledgeCodeBase object at 0x7fdc0fcfba90>
2025-08-13 10:13:53,384 - Knowledge - INFO - Found code-base-name: https://github.com/kavia-common/mern-ecommerce-156786.git:kavia-master
2025-08-13 10:13:53,531 - Knowledge - INFO - Found code_base: <app.utils.kg_build.knowledge.KnowledgeCodeBase object at 0x7fdc0fcfba90>
2025-08-13 10:13:53,384 - Knowledge - INFO - Found code-base-name: https://github.com/kavia-common/mern-ecommerce-156786.git:kavia-master
2025-08-13 10:13:53,742 - Knowledge - INFO - Found code_base: <app.utils.kg_build.knowledge.KnowledgeCodeBase object at 0x7fdc0fcfba90>
2025-08-13 10:13:53,407 - Knowledge - INFO - persist ingested knowledge for /app/data/b2c/156786/b5961k4/mern-ecommerce-156786/client/app/styles/core/_rtl.scss
2025-08-13 10:13:53,498 - Knowledge - INFO - Found code-base-name: https://github.com/kavia-common/mern-ecommerce-156786.git:kavia-master
2025-08-13 10:13:53,499 - Knowledge - INFO - worker kw18 pull /app/data/b2c/156786/b5961k4/mern-ecommerce-156786/client/app/styles/core/_address.scss from ingest queue
2025-08-13 10:13:53,499 - Knowledge - INFO - adding /app/data/b2c/156786/b5961k4/mern-ecommerce-156786/client/app/styles/core/_input.scss to ingest queue
2025-08-13 10:13:53,384 - Knowledge - INFO - worker kw8 pull /app/data/b2c/156786/b5961k4/mern-ecommerce-156786/client/app/styles/core/_search.scss from ingest queue
2025-08-13 10:13:53,642 - Knowledge - INFO - persist ingested knowledge for /app/data/b2c/156786/b5961k4/mern-ecommerce-156786/client/app/styles/core/_order.scss
2025-08-13 10:13:53,385 - Knowledge - INFO - worker kw12 pull /app/data/b2c/156786/b5961k4/mern-ecommerce-156786/client/app/styles/core/_homepage.scss from ingest queue
2025-08-13 10:13:53,821 - Knowledge - INFO - persist ingested knowledge for /app/data/b2c/156786/b5961k4/mern-ecommerce-156786/client/app/styles/core/_layout.scss
2025-08-13 10:13:53,997 - Knowledge - INFO - Found code_base: <app.utils.kg_build.knowledge.KnowledgeCodeBase object at 0x7fdc0fcfba90>
2025-08-13 10:13:54,130 - Knowledge - INFO - process ingested knowledge for /app/data/b2c/156786/b5961k4/mern-ecommerce-156786/client/app/styles/core/_address.scss
2025-08-13 10:13:54,228 - Knowledge - INFO - adding /app/data/b2c/156786/b5961k4/mern-ecommerce-156786/client/app/styles/core/_mixins.scss to ingest queue
2025-08-13 10:13:54,345 - Knowledge - INFO - process ingested knowledge for /app/data/b2c/156786/b5961k4/mern-ecommerce-156786/client/app/styles/core/_search.scss
2025-08-13 10:13:54,508 - Knowledge - INFO - process ingested knowledge for /app/data/b2c/156786/b5961k4/mern-ecommerce-156786/client/app/styles/core/_homepage.scss
2025-08-13 10:13:54,650 - Knowledge - INFO - persist ingested knowledge for /app/data/b2c/156786/b5961k4/mern-ecommerce-156786/client/app/styles/core/page404.scss
2025-08-13 10:13:54,853 - Knowledge - INFO - adding /app/data/b2c/156786/b5961k4/mern-ecommerce-156786/client/app/styles/core/_table.scss to ingest queue
2025-08-13 10:13:55,278 - Knowledge - INFO - Found code-base-name: https://github.com/kavia-common/mern-ecommerce-156786.git:kavia-master
2025-08-13 10:13:55,278 - Knowledge - INFO - Found code-base-name: https://github.com/kavia-common/mern-ecommerce-156786.git:kavia-master
2025-08-13 10:13:55,480 - Knowledge - INFO - Found code_base: <app.utils.kg_build.knowledge.KnowledgeCodeBase object at 0x7fdc0fcfba90>
2025-08-13 10:13:55,342 - Knowledge - INFO - adding /app/data/b2c/156786/b5961k4/mern-ecommerce-156786/client/app/styles/core/_review.scss to ingest queue
2025-08-13 10:13:55,364 - Knowledge - INFO - Found code_base: <app.utils.kg_build.knowledge.KnowledgeCodeBase object at 0x7fdc0fcfba90>
2025-08-13 10:13:55,279 - Knowledge - INFO - worker kw3 pull /app/data/b2c/156786/b5961k4/mern-ecommerce-156786/client/app/styles/style.scss from ingest queue
2025-08-13 10:13:55,609 - Knowledge - INFO - persist ingested knowledge for /app/data/b2c/156786/b5961k4/mern-ecommerce-156786/client/app/styles/core/_components.scss
2025-08-13 10:13:55,705 - Knowledge - INFO - worker kw13 pull /app/data/b2c/156786/b5961k4/mern-ecommerce-156786/client/app/actions.js from ingest queue
2025-08-13 10:13:55,706 - Knowledge - INFO - adding /app/data/b2c/156786/b5961k4/mern-ecommerce-156786/client/app/styles/core/core.scss to ingest queue
2025-08-13 10:13:55,795 - Knowledge - INFO - persist ingested knowledge for /app/data/b2c/156786/b5961k4/mern-ecommerce-156786/client/app/styles/core/_checkout.scss
2025-08-13 10:13:55,925 - Knowledge - INFO - process ingested knowledge for /app/data/b2c/156786/b5961k4/mern-ecommerce-156786/client/app/styles/style.scss
2025-08-13 10:13:56,129 - Knowledge - INFO - process ingested knowledge for /app/data/b2c/156786/b5961k4/mern-ecommerce-156786/client/app/actions.js
2025-08-13 10:13:56,188 - Knowledge - INFO - Found code-base-name: https://github.com/kavia-common/mern-ecommerce-156786.git:kavia-master
2025-08-13 10:13:56,251 - Knowledge - INFO - adding /app/data/b2c/156786/b5961k4/mern-ecommerce-156786/client/app/styles/core/_shop.scss to ingest queue
2025-08-13 10:13:56,776 - Knowledge - INFO - adding /app/data/b2c/156786/b5961k4/mern-ecommerce-156786/client/app/styles/core/_users.scss to ingest queue
2025-08-13 10:13:56,682 - Knowledge - INFO - Found code_base: <app.utils.kg_build.knowledge.KnowledgeCodeBase object at 0x7fdc0fcfba90>
2025-08-13 10:13:56,940 - Knowledge - INFO - persist ingested knowledge for /app/data/b2c/156786/b5961k4/mern-ecommerce-156786/client/app/styles/core/_category.scss
2025-08-13 10:13:57,086 - Knowledge - INFO - Found code-base-name: https://github.com/kavia-common/mern-ecommerce-156786.git:kavia-master
2025-08-13 10:13:57,086 - Knowledge - INFO - adding /app/data/b2c/156786/b5961k4/mern-ecommerce-156786/client/app/styles/core/_layout.scss to ingest queue
2025-08-13 10:13:57,210 - Knowledge - INFO - Found code_base: <app.utils.kg_build.knowledge.KnowledgeCodeBase object at 0x7fdc0fcfba90>
2025-08-13 10:13:57,321 - Knowledge - INFO - worker kw9 pull /app/data/b2c/156786/b5961k4/mern-ecommerce-156786/client/app/app.js from ingest queue
2025-08-13 10:13:57,321 - Knowledge - INFO - Found code-base-name: https://github.com/kavia-common/mern-ecommerce-156786.git:kavia-master
2025-08-13 10:13:57,388 - Knowledge - INFO - worker kw25 pull /app/data/b2c/156786/b5961k4/mern-ecommerce-156786/client/app/components/Common/RangeSlider/index.js from ingest queue
2025-08-13 10:13:57,410 - Knowledge - INFO - persist ingested knowledge for /app/data/b2c/156786/b5961k4/mern-ecommerce-156786/client/app/styles/core/_address.scss
2025-08-13 10:13:57,446 - Knowledge - INFO - worker kw14 pull /app/data/b2c/156786/b5961k4/mern-ecommerce-156786/client/app/components/Common/Input/index.js from ingest queue
2025-08-13 10:13:57,446 - Knowledge - INFO - worker kw5 pull /app/data/b2c/156786/b5961k4/mern-ecommerce-156786/client/app/components/Common/Table/index.js from ingest queue
2025-08-13 10:13:57,446 - Knowledge - INFO - worker kw6 pull /app/data/b2c/156786/b5961k4/mern-ecommerce-156786/client/app/components/Common/Button/index.js from ingest queue
2025-08-13 10:13:57,504 - Knowledge - INFO - Found code-base-name: https://github.com/kavia-common/mern-ecommerce-156786.git:kavia-master
2025-08-13 10:13:57,504 - Knowledge - INFO - worker kw20 pull /app/data/b2c/156786/b5961k4/mern-ecommerce-156786/client/app/components/Common/ComingSoon/index.js from ingest queue
2025-08-13 10:13:57,504 - Knowledge - INFO - worker kw1 pull /app/data/b2c/156786/b5961k4/mern-ecommerce-156786/client/app/components/Common/Switch/index.js from ingest queue
2025-08-13 10:13:57,504 - Knowledge - INFO - adding /app/data/b2c/156786/b5961k4/mern-ecommerce-156786/client/app/styles/core/_rtl.scss to ingest queue
2025-08-13 10:13:57,545 - Knowledge - INFO - process ingested knowledge for /app/data/b2c/156786/b5961k4/mern-ecommerce-156786/client/app/app.js
2025-08-13 10:13:57,607 - Knowledge - INFO - Found code_base: <app.utils.kg_build.knowledge.KnowledgeCodeBase object at 0x7fdc0fcfba90>
2025-08-13 10:13:57,740 - Knowledge - INFO - process ingested knowledge for /app/data/b2c/156786/b5961k4/mern-ecommerce-156786/client/app/components/Common/RangeSlider/index.js
2025-08-13 10:13:57,917 - Knowledge - INFO - process ingested knowledge for /app/data/b2c/156786/b5961k4/mern-ecommerce-156786/client/app/components/Common/Input/index.js
2025-08-13 10:13:58,014 - Knowledge - INFO - process ingested knowledge for /app/data/b2c/156786/b5961k4/mern-ecommerce-156786/client/app/components/Common/Table/index.js
2025-08-13 10:13:58,105 - Knowledge - INFO - process ingested knowledge for /app/data/b2c/156786/b5961k4/mern-ecommerce-156786/client/app/components/Common/Button/index.js
2025-08-13 10:13:58,160 - Knowledge - INFO - Found code_base: <app.utils.kg_build.knowledge.KnowledgeCodeBase object at 0x7fdc0fcfba90>
2025-08-13 10:13:58,300 - Knowledge - INFO - process ingested knowledge for /app/data/b2c/156786/b5961k4/mern-ecommerce-156786/client/app/components/Common/ComingSoon/index.js
2025-08-13 10:13:58,425 - Knowledge - INFO - process ingested knowledge for /app/data/b2c/156786/b5961k4/mern-ecommerce-156786/client/app/components/Common/Switch/index.js
2025-08-13 10:13:58,479 - Knowledge - INFO - adding /app/data/b2c/156786/b5961k4/mern-ecommerce-156786/client/app/styles/core/_order.scss to ingest queue
2025-08-13 10:13:58,641 - Knowledge - INFO - persist ingested knowledge for /app/data/b2c/156786/b5961k4/mern-ecommerce-156786/client/app/styles/core/_search.scss
2025-08-13 10:13:59,077 - Knowledge - INFO - persist ingested knowledge for /app/data/b2c/156786/b5961k4/mern-ecommerce-156786/client/app/actions.js
2025-08-13 10:13:59,494 - Knowledge - INFO - worker kw19 pull /app/data/b2c/156786/b5961k4/mern-ecommerce-156786/client/app/components/Common/ResetPasswordForm/index.js from ingest queue
2025-08-13 10:13:59,495 - Knowledge - INFO - Found code-base-name: https://github.com/kavia-common/mern-ecommerce-156786.git:kavia-master
2025-08-13 10:13:59,495 - Knowledge - INFO - worker kw7 pull /app/data/b2c/156786/b5961k4/mern-ecommerce-156786/client/app/components/Common/Pagination/index.js from ingest queue
2025-08-13 10:13:59,545 - Knowledge - INFO - adding /app/data/b2c/156786/b5961k4/mern-ecommerce-156786/client/app/styles/core/_merchant.scss to ingest queue
2025-08-13 10:13:59,753 - Knowledge - INFO - process ingested knowledge for /app/data/b2c/156786/b5961k4/mern-ecommerce-156786/client/app/components/Common/ResetPasswordForm/index.js
2025-08-13 10:13:59,856 - Knowledge - INFO - Found code_base: <app.utils.kg_build.knowledge.KnowledgeCodeBase object at 0x7fdc0fcfba90>
2025-08-13 10:13:59,991 - Knowledge - INFO - process ingested knowledge for /app/data/b2c/156786/b5961k4/mern-ecommerce-156786/client/app/components/Common/Pagination/index.js
2025-08-13 10:14:00,130 - Knowledge - INFO - adding /app/data/b2c/156786/b5961k4/mern-ecommerce-156786/client/app/styles/core/_components.scss to ingest queue
2025-08-13 10:14:00,261 - Knowledge - INFO - persist ingested knowledge for /app/data/b2c/156786/b5961k4/mern-ecommerce-156786/client/app/styles/core/_homepage.scss
2025-08-13 10:14:00,461 - Knowledge - INFO - Found code-base-name: https://github.com/kavia-common/mern-ecommerce-156786.git:kavia-master
2025-08-13 10:14:00,461 - Knowledge - INFO - adding /app/data/b2c/156786/b5961k4/mern-ecommerce-156786/client/app/styles/core/_button.scss to ingest queue
2025-08-13 10:14:00,654 - Knowledge - INFO - Found code_base: <app.utils.kg_build.knowledge.KnowledgeCodeBase object at 0x7fdc0fcfba90>
2025-08-13 10:14:00,749 - Knowledge - INFO - worker kw2 pull /app/data/b2c/156786/b5961k4/mern-ecommerce-156786/client/app/components/Common/CarouselSlider/utils.js from ingest queue
2025-08-13 10:14:00,814 - Knowledge - INFO - adding /app/data/b2c/156786/b5961k4/mern-ecommerce-156786/client/app/styles/core/_address.scss to ingest queue
2025-08-13 10:14:00,885 - Knowledge - INFO - persist ingested knowledge for /app/data/b2c/156786/b5961k4/mern-ecommerce-156786/client/app/styles/style.scss
2025-08-13 10:14:01,002 - Knowledge - INFO - process ingested knowledge for /app/data/b2c/156786/b5961k4/mern-ecommerce-156786/client/app/components/Common/CarouselSlider/utils.js
2025-08-13 10:14:01,058 - Knowledge - INFO - Found code-base-name: https://github.com/kavia-common/mern-ecommerce-156786.git:kavia-master
2025-08-13 10:14:01,061 - Knowledge - INFO - Found code-base-name: https://github.com/kavia-common/mern-ecommerce-156786.git:kavia-master
2025-08-13 10:14:01,061 - Knowledge - INFO - Found code-base-name: https://github.com/kavia-common/mern-ecommerce-156786.git:kavia-master
2025-08-13 10:14:01,062 - Knowledge - INFO - Found code-base-name: https://github.com/kavia-common/mern-ecommerce-156786.git:kavia-master
2025-08-13 10:14:01,062 - Knowledge - INFO - Found code-base-name: https://github.com/kavia-common/mern-ecommerce-156786.git:kavia-master
2025-08-13 10:14:01,062 - Knowledge - INFO - Found code-base-name: https://github.com/kavia-common/mern-ecommerce-156786.git:kavia-master
2025-08-13 10:14:01,062 - Knowledge - INFO - Found code-base-name: https://github.com/kavia-common/mern-ecommerce-156786.git:kavia-master
2025-08-13 10:14:01,062 - Knowledge - INFO - worker kw11 pull /app/data/b2c/156786/b5961k4/mern-ecommerce-156786/client/app/components/Common/CarouselSlider/index.js from ingest queue
2025-08-13 10:14:01,062 - Knowledge - INFO - adding /app/data/b2c/156786/b5961k4/mern-ecommerce-156786/client/app/styles/core/_category.scss to ingest queue
2025-08-13 10:14:01,324 - Knowledge - INFO - Found code_base: <app.utils.kg_build.knowledge.KnowledgeCodeBase object at 0x7fdc0fcfba90>
2025-08-13 10:14:01,435 - Knowledge - INFO - Found code_base: <app.utils.kg_build.knowledge.KnowledgeCodeBase object at 0x7fdc0fcfba90>
2025-08-13 10:14:01,517 - Knowledge - INFO - Found code_base: <app.utils.kg_build.knowledge.KnowledgeCodeBase object at 0x7fdc0fcfba90>
2025-08-13 10:14:01,597 - Knowledge - INFO - Found code_base: <app.utils.kg_build.knowledge.KnowledgeCodeBase object at 0x7fdc0fcfba90>
2025-08-13 10:14:01,685 - Knowledge - INFO - Found code_base: <app.utils.kg_build.knowledge.KnowledgeCodeBase object at 0x7fdc0fcfba90>
2025-08-13 10:14:01,772 - Knowledge - INFO - Found code_base: <app.utils.kg_build.knowledge.KnowledgeCodeBase object at 0x7fdc0fcfba90>
2025-08-13 10:14:01,885 - Knowledge - INFO - Found code_base: <app.utils.kg_build.knowledge.KnowledgeCodeBase object at 0x7fdc0fcfba90>
2025-08-13 10:14:02,060 - Knowledge - INFO - process ingested knowledge for /app/data/b2c/156786/b5961k4/mern-ecommerce-156786/client/app/components/Common/CarouselSlider/index.js
2025-08-13 10:14:02,196 - Knowledge - INFO - adding /app/data/b2c/156786/b5961k4/mern-ecommerce-156786/client/app/styles/core/_switch.scss to ingest queue
2025-08-13 10:14:02,234 - Knowledge - INFO - persist ingested knowledge for /app/data/b2c/156786/b5961k4/mern-ecommerce-156786/client/app/app.js
2025-08-13 10:14:02,342 - Knowledge - INFO - persist ingested knowledge for /app/data/b2c/156786/b5961k4/mern-ecommerce-156786/client/app/components/Common/RangeSlider/index.js
2025-08-13 10:14:02,458 - Knowledge - INFO - persist ingested knowledge for /app/data/b2c/156786/b5961k4/mern-ecommerce-156786/client/app/components/Common/Input/index.js
2025-08-13 10:14:02,563 - Knowledge - INFO - persist ingested knowledge for /app/data/b2c/156786/b5961k4/mern-ecommerce-156786/client/app/components/Common/Table/index.js
2025-08-13 10:14:02,672 - Knowledge - INFO - persist ingested knowledge for /app/data/b2c/156786/b5961k4/mern-ecommerce-156786/client/app/components/Common/Button/index.js
2025-08-13 10:14:02,792 - Knowledge - INFO - persist ingested knowledge for /app/data/b2c/156786/b5961k4/mern-ecommerce-156786/client/app/components/Common/ComingSoon/index.js
2025-08-13 10:14:02,882 - Knowledge - INFO - persist ingested knowledge for /app/data/b2c/156786/b5961k4/mern-ecommerce-156786/client/app/components/Common/Switch/index.js
2025-08-13 10:14:03,126 - Knowledge - INFO - worker kw24 pull /app/data/b2c/156786/b5961k4/mern-ecommerce-156786/client/app/components/Common/SignupProvider/index.js from ingest queue
2025-08-13 10:14:03,128 - Knowledge - INFO - Found code-base-name: https://github.com/kavia-common/mern-ecommerce-156786.git:kavia-master
2025-08-13 10:14:03,128 - Knowledge - INFO - Found code-base-name: https://github.com/kavia-common/mern-ecommerce-156786.git:kavia-master
2025-08-13 10:14:03,128 - Knowledge - INFO - worker kw17 pull /app/data/b2c/156786/b5961k4/mern-ecommerce-156786/client/app/components/Common/Icon/index.js from ingest queue
2025-08-13 10:14:03,129 - Knowledge - INFO - adding /app/data/b2c/156786/b5961k4/mern-ecommerce-156786/client/app/styles/core/_checkout.scss to ingest queue
2025-08-13 10:14:03,925 - Knowledge - INFO - process ingested knowledge for /app/data/b2c/156786/b5961k4/mern-ecommerce-156786/client/app/components/Common/SignupProvider/index.js
2025-08-13 10:14:04,037 - Knowledge - INFO - Found code_base: <app.utils.kg_build.knowledge.KnowledgeCodeBase object at 0x7fdc0fcfba90>
2025-08-13 10:14:04,140 - Knowledge - INFO - Found code_base: <app.utils.kg_build.knowledge.KnowledgeCodeBase object at 0x7fdc0fcfba90>
2025-08-13 10:14:04,279 - Knowledge - INFO - process ingested knowledge for /app/data/b2c/156786/b5961k4/mern-ecommerce-156786/client/app/components/Common/Icon/index.js
2025-08-13 10:14:04,367 - Knowledge - INFO - worker kw15 pull /app/data/b2c/156786/b5961k4/mern-ecommerce-156786/client/app/components/Common/SelectOption/index.js from ingest queue
2025-08-13 10:14:04,369 - Knowledge - INFO - worker kw23 pull /app/data/b2c/156786/b5961k4/mern-ecommerce-156786/client/app/components/Common/Page404/index.js from ingest queue
2025-08-13 10:14:04,369 - Knowledge - INFO - adding /app/data/b2c/156786/b5961k4/mern-ecommerce-156786/client/app/styles/core/page404.scss to ingest queue
2025-08-13 10:14:04,554 - Knowledge - INFO - persist ingested knowledge for /app/data/b2c/156786/b5961k4/mern-ecommerce-156786/client/app/components/Common/ResetPasswordForm/index.js
2025-08-13 10:14:04,677 - Knowledge - INFO - persist ingested knowledge for /app/data/b2c/156786/b5961k4/mern-ecommerce-156786/client/app/components/Common/Pagination/index.js
2025-08-13 10:14:04,884 - Knowledge - INFO - process ingested knowledge for /app/data/b2c/156786/b5961k4/mern-ecommerce-156786/client/app/components/Common/SelectOption/index.js
2025-08-13 10:14:05,003 - Knowledge - INFO - process ingested knowledge for /app/data/b2c/156786/b5961k4/mern-ecommerce-156786/client/app/components/Common/Page404/index.js
2025-08-13 10:14:05,129 - Knowledge - INFO - Found code-base-name: https://github.com/kavia-common/mern-ecommerce-156786.git:kavia-master
2025-08-13 10:14:05,129 - Knowledge - INFO - worker kw10 pull /app/data/b2c/156786/b5961k4/mern-ecommerce-156786/client/app/components/Common/NotFound/index.js from ingest queue
2025-08-13 10:14:05,129 - Knowledge - INFO - Found code-base-name: https://github.com/kavia-common/mern-ecommerce-156786.git:kavia-master
2025-08-13 10:14:05,129 - Knowledge - INFO - worker kw21 pull /app/data/b2c/156786/b5961k4/mern-ecommerce-156786/client/app/components/Common/CartIcon/index.js from ingest queue
2025-08-13 10:14:05,130 - Knowledge - INFO - adding /app/data/b2c/156786/b5961k4/mern-ecommerce-156786/client/app/styles/core/_cart.scss to ingest queue
2025-08-13 10:14:05,548 - Knowledge - INFO - Found code_base: <app.utils.kg_build.knowledge.KnowledgeCodeBase object at 0x7fdc0fcfba90>
2025-08-13 10:14:05,670 - Knowledge - INFO - process ingested knowledge for /app/data/b2c/156786/b5961k4/mern-ecommerce-156786/client/app/components/Common/NotFound/index.js
2025-08-13 10:14:05,712 - Knowledge - INFO - Found code_base: <app.utils.kg_build.knowledge.KnowledgeCodeBase object at 0x7fdc0fcfba90>
2025-08-13 10:14:05,841 - Knowledge - INFO - process ingested knowledge for /app/data/b2c/156786/b5961k4/mern-ecommerce-156786/client/app/components/Common/CartIcon/index.js
2025-08-13 10:14:05,984 - Knowledge - INFO - persist ingested knowledge for /app/data/b2c/156786/b5961k4/mern-ecommerce-156786/client/app/components/Common/CarouselSlider/utils.js
2025-08-13 10:14:06,238 - Knowledge - INFO - persist ingested knowledge for /app/data/b2c/156786/b5961k4/mern-ecommerce-156786/client/app/components/Common/CarouselSlider/index.js
2025-08-13 10:14:06,255 - Knowledge - INFO - worker kw4 pull /app/data/b2c/156786/b5961k4/mern-ecommerce-156786/client/app/components/Common/Badge/index.js from ingest queue
2025-08-13 10:14:06,255 - Knowledge - INFO - worker kw18 pull /app/data/b2c/156786/b5961k4/mern-ecommerce-156786/client/app/components/Common/Tooltip/index.js from ingest queue
2025-08-13 10:14:06,317 - Knowledge - INFO - worker kw22 pull /app/data/b2c/156786/b5961k4/mern-ecommerce-156786/client/app/components/Common/SearchBar/index.js from ingest queue
2025-08-13 10:14:06,317 - Knowledge - INFO - adding /app/data/b2c/156786/b5961k4/mern-ecommerce-156786/client/app/styles/core/_search.scss to ingest queue
2025-08-13 10:14:06,651 - Knowledge - INFO - process ingested knowledge for /app/data/b2c/156786/b5961k4/mern-ecommerce-156786/client/app/components/Common/Badge/index.js
2025-08-13 10:14:06,761 - Knowledge - INFO - process ingested knowledge for /app/data/b2c/156786/b5961k4/mern-ecommerce-156786/client/app/components/Common/Tooltip/index.js
2025-08-13 10:14:06,863 - Knowledge - INFO - process ingested knowledge for /app/data/b2c/156786/b5961k4/mern-ecommerce-156786/client/app/components/Common/SearchBar/index.js
2025-08-13 10:14:06,918 - Knowledge - INFO - adding /app/data/b2c/156786/b5961k4/mern-ecommerce-156786/client/app/actions.js to ingest queue
2025-08-13 10:14:07,417 - Knowledge - INFO - Found code-base-name: https://github.com/kavia-common/mern-ecommerce-156786.git:kavia-master
2025-08-13 10:14:07,417 - Knowledge - INFO - Found code-base-name: https://github.com/kavia-common/mern-ecommerce-156786.git:kavia-master
2025-08-13 10:14:07,418 - Knowledge - INFO - worker kw16 pull /app/data/b2c/156786/b5961k4/mern-ecommerce-156786/client/app/components/Common/LoadingIndicator/index.js from ingest queue
2025-08-13 10:14:07,418 - Knowledge - INFO - adding /app/data/b2c/156786/b5961k4/mern-ecommerce-156786/client/app/app.js to ingest queue
2025-08-13 10:14:07,505 - Knowledge - INFO - Found code_base: <app.utils.kg_build.knowledge.KnowledgeCodeBase object at 0x7fdc0fcfba90>
2025-08-13 10:14:07,588 - Knowledge - INFO - Found code_base: <app.utils.kg_build.knowledge.KnowledgeCodeBase object at 0x7fdc0fcfba90>
2025-08-13 10:14:07,730 - Knowledge - INFO - process ingested knowledge for /app/data/b2c/156786/b5961k4/mern-ecommerce-156786/client/app/components/Common/LoadingIndicator/index.js
2025-08-13 10:14:07,771 - Knowledge - INFO - adding /app/data/b2c/156786/b5961k4/mern-ecommerce-156786/client/app/components/Common/Input/index.js to ingest queue
2025-08-13 10:14:07,900 - Knowledge - INFO - persist ingested knowledge for /app/data/b2c/156786/b5961k4/mern-ecommerce-156786/client/app/components/Common/SelectOption/index.js
2025-08-13 10:14:07,982 - Knowledge - INFO - persist ingested knowledge for /app/data/b2c/156786/b5961k4/mern-ecommerce-156786/client/app/components/Common/Page404/index.js
2025-08-13 10:14:08,225 - Knowledge - INFO - adding /app/data/b2c/156786/b5961k4/mern-ecommerce-156786/client/app/components/Common/Table/index.js to ingest queue
2025-08-13 10:14:08,517 - Knowledge - INFO - Found code-base-name: https://github.com/kavia-common/mern-ecommerce-156786.git:kavia-master
2025-08-13 10:14:08,595 - Knowledge - INFO - Found code_base: <app.utils.kg_build.knowledge.KnowledgeCodeBase object at 0x7fdc0fcfba90>
2025-08-13 10:14:08,695 - Knowledge - INFO - persist ingested knowledge for /app/data/b2c/156786/b5961k4/mern-ecommerce-156786/client/app/components/Common/NotFound/index.js
2025-08-13 10:14:08,517 - Knowledge - INFO - adding /app/data/b2c/156786/b5961k4/mern-ecommerce-156786/client/app/components/Common/Button/index.js to ingest queue
2025-08-13 10:14:08,887 - Knowledge - INFO - adding /app/data/b2c/156786/b5961k4/mern-ecommerce-156786/client/app/components/Common/ComingSoon/index.js to ingest queue
2025-08-13 10:14:08,969 - Knowledge - INFO - adding /app/data/b2c/156786/b5961k4/mern-ecommerce-156786/client/app/components/Common/Switch/index.js to ingest queue
2025-08-13 10:14:09,098 - Knowledge - INFO - Found code-base-name: https://github.com/kavia-common/mern-ecommerce-156786.git:kavia-master
2025-08-13 10:14:09,099 - Knowledge - INFO - Found code-base-name: https://github.com/kavia-common/mern-ecommerce-156786.git:kavia-master
2025-08-13 10:14:09,100 - Knowledge - INFO - adding /app/data/b2c/156786/b5961k4/mern-ecommerce-156786/client/app/styles/core/_homepage.scss to ingest queue
2025-08-13 10:14:09,222 - Knowledge - INFO - Found code_base: <app.utils.kg_build.knowledge.KnowledgeCodeBase object at 0x7fdc0fcfba90>
2025-08-13 10:14:09,325 - Knowledge - INFO - Found code_base: <app.utils.kg_build.knowledge.KnowledgeCodeBase object at 0x7fdc0fcfba90>
2025-08-13 10:14:09,426 - Knowledge - INFO - adding /app/data/b2c/156786/b5961k4/mern-ecommerce-156786/client/app/styles/style.scss to ingest queue
2025-08-13 10:14:09,549 - Knowledge - INFO - persist ingested knowledge for /app/data/b2c/156786/b5961k4/mern-ecommerce-156786/client/app/components/Common/SignupProvider/index.js
2025-08-13 10:14:09,635 - Knowledge - INFO - persist ingested knowledge for /app/data/b2c/156786/b5961k4/mern-ecommerce-156786/client/app/components/Common/Icon/index.js
2025-08-13 10:14:09,717 - Knowledge - INFO - Found code-base-name: https://github.com/kavia-common/mern-ecommerce-156786.git:kavia-master
2025-08-13 10:14:09,836 - Knowledge - INFO - worker kw8 pull /app/data/b2c/156786/b5961k4/mern-ecommerce-156786/client/app/components/Common/DropdownConfirm/index.js from ingest queue
2025-08-13 10:14:09,837 - Knowledge - INFO - Found code-base-name: https://github.com/kavia-common/mern-ecommerce-156786.git:kavia-master
2025-08-13 10:14:09,837 - Knowledge - INFO - Found code-base-name: https://github.com/kavia-common/mern-ecommerce-156786.git:kavia-master
2025-08-13 10:14:10,268 - Knowledge - INFO - Found code_base: <app.utils.kg_build.knowledge.KnowledgeCodeBase object at 0x7fdc0fcfba90>
2025-08-13 10:14:09,837 - Knowledge - INFO - adding /app/data/b2c/156786/b5961k4/mern-ecommerce-156786/client/app/components/Common/Pagination/index.js to ingest queue
2025-08-13 10:14:10,506 - Knowledge - INFO - adding /app/data/b2c/156786/b5961k4/mern-ecommerce-156786/client/app/components/Common/RangeSlider/index.js to ingest queue
2025-08-13 10:14:10,144 - Knowledge - INFO - process ingested knowledge for /app/data/b2c/156786/b5961k4/mern-ecommerce-156786/client/app/components/Common/DropdownConfirm/index.js
2025-08-13 10:14:10,177 - Knowledge - INFO - Found code_base: <app.utils.kg_build.knowledge.KnowledgeCodeBase object at 0x7fdc0fcfba90>
2025-08-13 10:14:09,837 - Knowledge - INFO - worker kw13 pull /app/data/b2c/156786/b5961k4/mern-ecommerce-156786/client/app/components/Common/Popover/index.js from ingest queue
2025-08-13 10:14:10,373 - Knowledge - INFO - persist ingested knowledge for /app/data/b2c/156786/b5961k4/mern-ecommerce-156786/client/app/components/Common/SearchBar/index.js
2025-08-13 10:14:09,973 - Knowledge - INFO - Found code_base: <app.utils.kg_build.knowledge.KnowledgeCodeBase object at 0x7fdc0fcfba90>
2025-08-13 10:14:10,599 - Knowledge - INFO - worker kw9 pull /app/data/b2c/156786/b5961k4/mern-ecommerce-156786/client/app/components/Common/Checkbox/index.js from ingest queue
2025-08-13 10:14:10,600 - Knowledge - INFO - Found code-base-name: https://github.com/kavia-common/mern-ecommerce-156786.git:kavia-master
2025-08-13 10:14:10,600 - Knowledge - INFO - worker kw14 pull /app/data/b2c/156786/b5961k4/mern-ecommerce-156786/client/app/components/Common/Footer/index.js from ingest queue
2025-08-13 10:14:10,710 - Knowledge - INFO - worker kw6 pull /app/data/b2c/156786/b5961k4/mern-ecommerce-156786/client/app/components/Common/Radio/index.js from ingest queue
2025-08-13 10:14:10,710 - Knowledge - INFO - worker kw20 pull /app/data/b2c/156786/b5961k4/mern-ecommerce-156786/client/app/components/Store/CartSummary/index.js from ingest queue
2025-08-13 10:14:10,711 - Knowledge - INFO - worker kw3 pull /app/data/b2c/156786/b5961k4/mern-ecommerce-156786/client/app/components/Store/MiniBrand/index.js from ingest queue
2025-08-13 10:14:10,711 - Knowledge - INFO - adding /app/data/b2c/156786/b5961k4/mern-ecommerce-156786/client/app/components/Common/CarouselSlider/utils.js to ingest queue
2025-08-13 10:14:10,808 - Knowledge - INFO - persist ingested knowledge for /app/data/b2c/156786/b5961k4/mern-ecommerce-156786/client/app/components/Common/Badge/index.js
2025-08-13 10:14:10,935 - Knowledge - INFO - process ingested knowledge for /app/data/b2c/156786/b5961k4/mern-ecommerce-156786/client/app/components/Common/Popover/index.js
2025-08-13 10:14:11,147 - Knowledge - INFO - persist ingested knowledge for /app/data/b2c/156786/b5961k4/mern-ecommerce-156786/client/app/components/Common/CartIcon/index.js
2025-08-13 10:14:11,302 - Knowledge - INFO - process ingested knowledge for /app/data/b2c/156786/b5961k4/mern-ecommerce-156786/client/app/components/Common/Checkbox/index.js
2025-08-13 10:14:11,369 - Knowledge - INFO - Found code_base: <app.utils.kg_build.knowledge.KnowledgeCodeBase object at 0x7fdc0fcfba90>
2025-08-13 10:14:11,486 - Knowledge - INFO - process ingested knowledge for /app/data/b2c/156786/b5961k4/mern-ecommerce-156786/client/app/components/Common/Footer/index.js
2025-08-13 10:14:11,561 - Knowledge - INFO - process ingested knowledge for /app/data/b2c/156786/b5961k4/mern-ecommerce-156786/client/app/components/Common/Radio/index.js
2025-08-13 10:14:11,688 - Knowledge - INFO - process ingested knowledge for /app/data/b2c/156786/b5961k4/mern-ecommerce-156786/client/app/components/Store/CartSummary/index.js
2025-08-13 10:14:11,800 - Knowledge - INFO - process ingested knowledge for /app/data/b2c/156786/b5961k4/mern-ecommerce-156786/client/app/components/Store/MiniBrand/index.js
2025-08-13 10:14:11,891 - Knowledge - INFO - Found code-base-name: https://github.com/kavia-common/mern-ecommerce-156786.git:kavia-master
2025-08-13 10:14:11,892 - Knowledge - INFO - adding /app/data/b2c/156786/b5961k4/mern-ecommerce-156786/client/app/components/Common/CarouselSlider/index.js to ingest queue
2025-08-13 10:14:12,410 - Knowledge - INFO - persist ingested knowledge for /app/data/b2c/156786/b5961k4/mern-ecommerce-156786/client/app/components/Common/LoadingIndicator/index.js
2025-08-13 10:14:12,918 - Knowledge - INFO - Found code_base: <app.utils.kg_build.knowledge.KnowledgeCodeBase object at 0x7fdc0fcfba90>
2025-08-13 10:14:13,102 - Knowledge - INFO - worker kw25 pull /app/data/b2c/156786/b5961k4/mern-ecommerce-156786/client/app/components/Store/CartList/index.js from ingest queue
2025-08-13 10:14:13,148 - Knowledge - INFO - adding /app/data/b2c/156786/b5961k4/mern-ecommerce-156786/client/app/components/Common/Page404/index.js to ingest queue
2025-08-13 10:14:13,235 - Knowledge - INFO - persist ingested knowledge for /app/data/b2c/156786/b5961k4/mern-ecommerce-156786/client/app/components/Common/Tooltip/index.js
2025-08-13 10:14:13,382 - Knowledge - INFO - process ingested knowledge for /app/data/b2c/156786/b5961k4/mern-ecommerce-156786/client/app/components/Store/CartList/index.js
2025-08-13 10:14:13,443 - Knowledge - INFO - worker kw1 pull /app/data/b2c/156786/b5961k4/mern-ecommerce-156786/client/app/components/Store/Checkout/index.js from ingest queue
2025-08-13 10:14:13,444 - Knowledge - INFO - adding /app/data/b2c/156786/b5961k4/mern-ecommerce-156786/client/app/components/Common/NotFound/index.js to ingest queue
2025-08-13 10:14:13,787 - Knowledge - INFO - process ingested knowledge for /app/data/b2c/156786/b5961k4/mern-ecommerce-156786/client/app/components/Store/Checkout/index.js
2025-08-13 10:14:13,906 - Knowledge - INFO - Found code-base-name: https://github.com/kavia-common/mern-ecommerce-156786.git:kavia-master
2025-08-13 10:14:13,957 - Knowledge - INFO - worker kw2 pull /app/data/b2c/156786/b5961k4/mern-ecommerce-156786/client/app/components/Store/ProductReviews/Add.js from ingest queue
2025-08-13 10:14:13,958 - Knowledge - INFO - adding /app/data/b2c/156786/b5961k4/mern-ecommerce-156786/client/app/components/Common/ResetPasswordForm/index.js to ingest queue
2025-08-13 10:14:14,056 - Knowledge - INFO - Found code_base: <app.utils.kg_build.knowledge.KnowledgeCodeBase object at 0x7fdc0fcfba90>
2025-08-13 10:14:14,190 - Knowledge - INFO - process ingested knowledge for /app/data/b2c/156786/b5961k4/mern-ecommerce-156786/client/app/components/Store/ProductReviews/Add.js
2025-08-13 10:14:14,305 - Knowledge - INFO - Found code-base-name: https://github.com/kavia-common/mern-ecommerce-156786.git:kavia-master
2025-08-13 10:14:14,345 - Knowledge - INFO - persist ingested knowledge for /app/data/b2c/156786/b5961k4/mern-ecommerce-156786/client/app/components/Common/DropdownConfirm/index.js
2025-08-13 10:14:14,364 - Knowledge - INFO - Found code-base-name: https://github.com/kavia-common/mern-ecommerce-156786.git:kavia-master
2025-08-13 10:14:14,364 - Knowledge - INFO - Found code-base-name: https://github.com/kavia-common/mern-ecommerce-156786.git:kavia-master
2025-08-13 10:14:14,365 - Knowledge - INFO - Found code-base-name: https://github.com/kavia-common/mern-ecommerce-156786.git:kavia-master
2025-08-13 10:14:14,365 - Knowledge - INFO - Found code-base-name: https://github.com/kavia-common/mern-ecommerce-156786.git:kavia-master
2025-08-13 10:14:14,365 - Knowledge - INFO - Found code-base-name: https://github.com/kavia-common/mern-ecommerce-156786.git:kavia-master
2025-08-13 10:14:14,365 - Knowledge - INFO - worker kw11 pull /app/data/b2c/156786/b5961k4/mern-ecommerce-156786/client/app/components/Store/ProductReviews/Summary.js from ingest queue
2025-08-13 10:14:14,365 - Knowledge - INFO - worker kw7 pull /app/data/b2c/156786/b5961k4/mern-ecommerce-156786/client/app/components/Store/ProductReviews/index.js from ingest queue
2025-08-13 10:14:14,365 - Knowledge - INFO - worker kw5 pull /app/data/b2c/156786/b5961k4/mern-ecommerce-156786/client/app/components/Store/ProductReviews/List.js from ingest queue
2025-08-13 10:14:14,365 - Knowledge - INFO - adding /app/data/b2c/156786/b5961k4/mern-ecommerce-156786/client/app/components/Common/SelectOption/index.js to ingest queue
2025-08-13 10:14:14,533 - Knowledge - INFO - Found code_base: <app.utils.kg_build.knowledge.KnowledgeCodeBase object at 0x7fdc0fcfba90>
2025-08-13 10:14:14,740 - Knowledge - INFO - Found code_base: <app.utils.kg_build.knowledge.KnowledgeCodeBase object at 0x7fdc0fcfba90>
2025-08-13 10:14:14,829 - Knowledge - INFO - Found code_base: <app.utils.kg_build.knowledge.KnowledgeCodeBase object at 0x7fdc0fcfba90>
2025-08-13 10:14:14,950 - Knowledge - INFO - Found code_base: <app.utils.kg_build.knowledge.KnowledgeCodeBase object at 0x7fdc0fcfba90>
2025-08-13 10:14:15,066 - Knowledge - INFO - Found code_base: <app.utils.kg_build.knowledge.KnowledgeCodeBase object at 0x7fdc0fcfba90>
2025-08-13 10:14:15,148 - Knowledge - INFO - Found code_base: <app.utils.kg_build.knowledge.KnowledgeCodeBase object at 0x7fdc0fcfba90>
2025-08-13 10:14:15,317 - Knowledge - INFO - process ingested knowledge for /app/data/b2c/156786/b5961k4/mern-ecommerce-156786/client/app/components/Store/ProductReviews/Summary.js
2025-08-13 10:14:15,446 - Knowledge - INFO - process ingested knowledge for /app/data/b2c/156786/b5961k4/mern-ecommerce-156786/client/app/components/Store/ProductReviews/index.js
2025-08-13 10:14:15,540 - Knowledge - INFO - process ingested knowledge for /app/data/b2c/156786/b5961k4/mern-ecommerce-156786/client/app/components/Store/ProductReviews/List.js
2025-08-13 10:14:15,589 - Knowledge - INFO - worker kw12 pull /app/data/b2c/156786/b5961k4/mern-ecommerce-156786/client/app/components/Store/SocialShare/index.js from ingest queue
2025-08-13 10:14:15,656 - Knowledge - INFO - Found code-base-name: https://github.com/kavia-common/mern-ecommerce-156786.git:kavia-master
2025-08-13 10:14:15,656 - Knowledge - INFO - worker kw10 pull /app/data/b2c/156786/b5961k4/mern-ecommerce-156786/client/app/components/Store/ProductList/index.js from ingest queue
2025-08-13 10:14:15,657 - Knowledge - INFO - adding /app/data/b2c/156786/b5961k4/mern-ecommerce-156786/client/app/components/Common/SignupProvider/index.js to ingest queue
2025-08-13 10:14:15,699 - Knowledge - INFO - persist ingested knowledge for /app/data/b2c/156786/b5961k4/mern-ecommerce-156786/client/app/components/Common/Popover/index.js
2025-08-13 10:14:15,796 - Knowledge - INFO - persist ingested knowledge for /app/data/b2c/156786/b5961k4/mern-ecommerce-156786/client/app/components/Common/Checkbox/index.js
2025-08-13 10:14:15,889 - Knowledge - INFO - persist ingested knowledge for /app/data/b2c/156786/b5961k4/mern-ecommerce-156786/client/app/components/Common/Footer/index.js
2025-08-13 10:14:16,009 - Knowledge - INFO - persist ingested knowledge for /app/data/b2c/156786/b5961k4/mern-ecommerce-156786/client/app/components/Common/Radio/index.js
2025-08-13 10:14:16,100 - Knowledge - INFO - persist ingested knowledge for /app/data/b2c/156786/b5961k4/mern-ecommerce-156786/client/app/components/Store/CartSummary/index.js
2025-08-13 10:14:16,180 - Knowledge - INFO - persist ingested knowledge for /app/data/b2c/156786/b5961k4/mern-ecommerce-156786/client/app/components/Store/MiniBrand/index.js
2025-08-13 10:14:16,629 - Knowledge - INFO - process ingested knowledge for /app/data/b2c/156786/b5961k4/mern-ecommerce-156786/client/app/components/Store/SocialShare/index.js
2025-08-13 10:14:16,666 - Knowledge - INFO - Found code_base: <app.utils.kg_build.knowledge.KnowledgeCodeBase object at 0x7fdc0fcfba90>
2025-08-13 10:14:16,800 - Knowledge - INFO - process ingested knowledge for /app/data/b2c/156786/b5961k4/mern-ecommerce-156786/client/app/components/Store/ProductList/index.js
2025-08-13 10:14:16,852 - Knowledge - INFO - adding /app/data/b2c/156786/b5961k4/mern-ecommerce-156786/client/app/components/Common/SearchBar/index.js to ingest queue
2025-08-13 10:14:17,692 - Knowledge - INFO - persist ingested knowledge for /app/data/b2c/156786/b5961k4/mern-ecommerce-156786/client/app/components/Store/CartList/index.js
2025-08-13 10:14:17,896 - Knowledge - INFO - worker kw19 pull /app/data/b2c/156786/b5961k4/mern-ecommerce-156786/client/app/components/Store/AddToWishList/index.js from ingest queue
2025-08-13 10:14:17,897 - Knowledge - INFO - adding /app/data/b2c/156786/b5961k4/mern-ecommerce-156786/client/app/components/Common/Badge/index.js to ingest queue
2025-08-13 10:14:18,109 - Knowledge - INFO - process ingested knowledge for /app/data/b2c/156786/b5961k4/mern-ecommerce-156786/client/app/components/Store/AddToWishList/index.js
2025-08-13 10:14:18,233 - Knowledge - INFO - adding /app/data/b2c/156786/b5961k4/mern-ecommerce-156786/client/app/components/Common/Icon/index.js to ingest queue
2025-08-13 10:14:18,372 - Knowledge - INFO - Found code-base-name: https://github.com/kavia-common/mern-ecommerce-156786.git:kavia-master
2025-08-13 10:14:18,435 - Knowledge - INFO - worker kw23 pull /app/data/b2c/156786/b5961k4/mern-ecommerce-156786/client/app/components/Store/BrandList/index.js from ingest queue
2025-08-13 10:14:18,435 - Knowledge - INFO - Found code-base-name: https://github.com/kavia-common/mern-ecommerce-156786.git:kavia-master
2025-08-13 10:14:18,435 - Knowledge - INFO - adding /app/data/b2c/156786/b5961k4/mern-ecommerce-156786/client/app/components/Common/Tooltip/index.js to ingest queue
2025-08-13 10:14:18,449 - Knowledge - INFO - Found code_base: <app.utils.kg_build.knowledge.KnowledgeCodeBase object at 0x7fdc0fcfba90>
2025-08-13 10:14:18,604 - Knowledge - INFO - process ingested knowledge for /app/data/b2c/156786/b5961k4/mern-ecommerce-156786/client/app/components/Store/BrandList/index.js
2025-08-13 10:14:18,679 - Knowledge - INFO - Found code_base: <app.utils.kg_build.knowledge.KnowledgeCodeBase object at 0x7fdc0fcfba90>
2025-08-13 10:14:18,802 - Knowledge - INFO - Found code-base-name: https://github.com/kavia-common/mern-ecommerce-156786.git:kavia-master
2025-08-13 10:14:18,804 - Knowledge - INFO - Found code-base-name: https://github.com/kavia-common/mern-ecommerce-156786.git:kavia-master
2025-08-13 10:14:18,804 - Knowledge - INFO - Found code-base-name: https://github.com/kavia-common/mern-ecommerce-156786.git:kavia-master
2025-08-13 10:14:18,805 - Knowledge - INFO - worker kw24 pull /app/data/b2c/156786/b5961k4/mern-ecommerce-156786/client/app/components/Store/ProductFilter/index.js from ingest queue
2025-08-13 10:14:18,913 - Knowledge - INFO - persist ingested knowledge for /app/data/b2c/156786/b5961k4/mern-ecommerce-156786/client/app/components/Store/ProductReviews/Add.js
2025-08-13 10:14:18,919 - Knowledge - INFO - adding /app/data/b2c/156786/b5961k4/mern-ecommerce-156786/client/app/components/Common/Footer/index.js to ingest queue
2025-08-13 10:14:19,120 - Knowledge - INFO - persist ingested knowledge for /app/data/b2c/156786/b5961k4/mern-ecommerce-156786/client/app/components/Store/Checkout/index.js
2025-08-13 10:14:19,219 - Knowledge - INFO - Found code_base: <app.utils.kg_build.knowledge.KnowledgeCodeBase object at 0x7fdc0fcfba90>
2025-08-13 10:14:19,291 - Knowledge - INFO - Found code_base: <app.utils.kg_build.knowledge.KnowledgeCodeBase object at 0x7fdc0fcfba90>
2025-08-13 10:14:19,380 - Knowledge - INFO - Found code_base: <app.utils.kg_build.knowledge.KnowledgeCodeBase object at 0x7fdc0fcfba90>
2025-08-13 10:14:19,506 - Knowledge - INFO - process ingested knowledge for /app/data/b2c/156786/b5961k4/mern-ecommerce-156786/client/app/components/Store/ProductFilter/index.js
2025-08-13 10:14:19,831 - Knowledge - INFO - Found code-base-name: https://github.com/kavia-common/mern-ecommerce-156786.git:kavia-master
2025-08-13 10:14:20,264 - Knowledge - INFO - Found code_base: <app.utils.kg_build.knowledge.KnowledgeCodeBase object at 0x7fdc0fcfba90>
2025-08-13 10:14:19,831 - Knowledge - INFO - worker kw22 pull /app/data/b2c/156786/b5961k4/mern-ecommerce-156786/client/app/components/Manager/AddBrand/index.js from ingest queue
2025-08-13 10:14:19,875 - Knowledge - INFO - persist ingested knowledge for /app/data/b2c/156786/b5961k4/mern-ecommerce-156786/client/app/components/Store/ProductReviews/Summary.js
2025-08-13 10:14:19,884 - Knowledge - INFO - worker kw4 pull /app/data/b2c/156786/b5961k4/mern-ecommerce-156786/client/app/components/Manager/MerchantSearch/index.js from ingest queue
2025-08-13 10:14:19,885 - Knowledge - INFO - adding /app/data/b2c/156786/b5961k4/mern-ecommerce-156786/client/app/components/Common/LoadingIndicator/index.js to ingest queue
2025-08-13 10:14:20,006 - Knowledge - INFO - persist ingested knowledge for /app/data/b2c/156786/b5961k4/mern-ecommerce-156786/client/app/components/Store/ProductReviews/index.js
2025-08-13 10:14:20,092 - Knowledge - INFO - persist ingested knowledge for /app/data/b2c/156786/b5961k4/mern-ecommerce-156786/client/app/components/Store/ProductReviews/List.js
2025-08-13 10:14:19,831 - Knowledge - INFO - Found code-base-name: https://github.com/kavia-common/mern-ecommerce-156786.git:kavia-master
2025-08-13 10:14:20,388 - Knowledge - INFO - persist ingested knowledge for /app/data/b2c/156786/b5961k4/mern-ecommerce-156786/client/app/components/Store/SocialShare/index.js
2025-08-13 10:14:20,514 - Knowledge - INFO - process ingested knowledge for /app/data/b2c/156786/b5961k4/mern-ecommerce-156786/client/app/components/Manager/AddBrand/index.js
2025-08-13 10:14:20,707 - Knowledge - INFO - process ingested knowledge for /app/data/b2c/156786/b5961k4/mern-ecommerce-156786/client/app/components/Manager/MerchantSearch/index.js
2025-08-13 10:14:20,762 - Knowledge - INFO - worker kw16 pull /app/data/b2c/156786/b5961k4/mern-ecommerce-156786/client/app/components/Manager/Dashboard/Admin.js from ingest queue
2025-08-13 10:14:20,762 - Knowledge - INFO - worker kw15 pull /app/data/b2c/156786/b5961k4/mern-ecommerce-156786/client/app/components/Manager/Dashboard/Merchant.js from ingest queue
2025-08-13 10:14:20,764 - Knowledge - INFO - adding /app/data/b2c/156786/b5961k4/mern-ecommerce-156786/client/app/components/Common/Checkbox/index.js to ingest queue
2025-08-13 10:14:21,646 - Knowledge - INFO - worker kw9 pull /app/data/b2c/156786/b5961k4/mern-ecommerce-156786/client/app/components/Manager/Dashboard/Customer.js from ingest queue
2025-08-13 10:14:21,474 - Knowledge - INFO - process ingested knowledge for /app/data/b2c/156786/b5961k4/mern-ecommerce-156786/client/app/components/Manager/Dashboard/Admin.js
2025-08-13 10:14:21,590 - Knowledge - INFO - process ingested knowledge for /app/data/b2c/156786/b5961k4/mern-ecommerce-156786/client/app/components/Manager/Dashboard/Merchant.js
2025-08-13 10:14:21,648 - Knowledge - INFO - Found code-base-name: https://github.com/kavia-common/mern-ecommerce-156786.git:kavia-master
2025-08-13 10:14:21,062 - Knowledge - INFO - Found code_base: <app.utils.kg_build.knowledge.KnowledgeCodeBase object at 0x7fdc0fcfba90>
2025-08-13 10:14:21,648 - Knowledge - INFO - adding /app/data/b2c/156786/b5961k4/mern-ecommerce-156786/client/app/components/Store/CartSummary/index.js to ingest queue
2025-08-13 10:14:21,792 - Knowledge - INFO - process ingested knowledge for /app/data/b2c/156786/b5961k4/mern-ecommerce-156786/client/app/components/Manager/Dashboard/Customer.js
2025-08-13 10:14:22,043 - Knowledge - INFO - Found code_base: <app.utils.kg_build.knowledge.KnowledgeCodeBase object at 0x7fdc0fcfba90>
2025-08-13 10:14:22,120 - Knowledge - INFO - persist ingested knowledge for /app/data/b2c/156786/b5961k4/mern-ecommerce-156786/client/app/components/Store/ProductList/index.js
2025-08-13 10:14:22,299 - Knowledge - INFO - adding /app/data/b2c/156786/b5961k4/mern-ecommerce-156786/client/app/components/Store/MiniBrand/index.js to ingest queue
2025-08-13 10:14:22,434 - Knowledge - INFO - persist ingested knowledge for /app/data/b2c/156786/b5961k4/mern-ecommerce-156786/client/app/components/Store/BrandList/index.js
2025-08-13 10:14:22,616 - Knowledge - INFO - adding /app/data/b2c/156786/b5961k4/mern-ecommerce-156786/client/app/components/Common/CartIcon/index.js to ingest queue
2025-08-13 10:14:22,806 - Knowledge - INFO - Found code-base-name: https://github.com/kavia-common/mern-ecommerce-156786.git:kavia-master
2025-08-13 10:14:22,807 - Knowledge - INFO - adding /app/data/b2c/156786/b5961k4/mern-ecommerce-156786/client/app/components/Store/CartList/index.js to ingest queue
2025-08-13 10:14:22,903 - Knowledge - INFO - Found code_base: <app.utils.kg_build.knowledge.KnowledgeCodeBase object at 0x7fdc0fcfba90>
2025-08-13 10:14:23,116 - Knowledge - INFO - persist ingested knowledge for /app/data/b2c/156786/b5961k4/mern-ecommerce-156786/client/app/components/Store/AddToWishList/index.js
2025-08-13 10:14:23,070 - Knowledge - INFO - adding /app/data/b2c/156786/b5961k4/mern-ecommerce-156786/client/app/components/Common/DropdownConfirm/index.js to ingest queue
2025-08-13 10:14:23,008 - Knowledge - INFO - Found code-base-name: https://github.com/kavia-common/mern-ecommerce-156786.git:kavia-master
2025-08-13 10:14:23,401 - Knowledge - INFO - worker kw17 pull /app/data/b2c/156786/b5961k4/mern-ecommerce-156786/client/app/components/Manager/OrderList/index.js from ingest queue
2025-08-13 10:14:23,413 - Knowledge - INFO - Found code_base: <app.utils.kg_build.knowledge.KnowledgeCodeBase object at 0x7fdc0fcfba90>
2025-08-13 10:14:23,598 - Knowledge - INFO - persist ingested knowledge for /app/data/b2c/156786/b5961k4/mern-ecommerce-156786/client/app/components/Store/ProductFilter/index.js
2025-08-13 10:14:23,572 - Knowledge - INFO - Found code-base-name: https://github.com/kavia-common/mern-ecommerce-156786.git:kavia-master
2025-08-13 10:14:23,572 - Knowledge - INFO - Found code-base-name: https://github.com/kavia-common/mern-ecommerce-156786.git:kavia-master
2025-08-13 10:14:23,888 - Knowledge - INFO - Found code_base: <app.utils.kg_build.knowledge.KnowledgeCodeBase object at 0x7fdc0fcfba90>
2025-08-13 10:14:23,678 - Knowledge - INFO - worker kw14 pull /app/data/b2c/156786/b5961k4/mern-ecommerce-156786/client/app/components/Manager/EditCategory/index.js from ingest queue
2025-08-13 10:14:23,678 - Knowledge - INFO - Found code-base-name: https://github.com/kavia-common/mern-ecommerce-156786.git:kavia-master
2025-08-13 10:14:23,678 - Knowledge - INFO - Found code-base-name: https://github.com/kavia-common/mern-ecommerce-156786.git:kavia-master
2025-08-13 10:14:24,329 - Knowledge - INFO - Found code_base: <app.utils.kg_build.knowledge.KnowledgeCodeBase object at 0x7fdc0fcfba90>
2025-08-13 10:14:24,438 - Knowledge - INFO - persist ingested knowledge for /app/data/b2c/156786/b5961k4/mern-ecommerce-156786/client/app/components/Manager/Dashboard/Merchant.js
2025-08-13 10:14:23,787 - Knowledge - INFO - worker kw21 pull /app/data/b2c/156786/b5961k4/mern-ecommerce-156786/client/app/components/Manager/EditAddress/index.js from ingest queue
2025-08-13 10:14:23,787 - Knowledge - INFO - worker kw25 pull /app/data/b2c/156786/b5961k4/mern-ecommerce-156786/client/app/components/Manager/AddressList/index.js from ingest queue
2025-08-13 10:14:23,809 - Knowledge - INFO - Found code_base: <app.utils.kg_build.knowledge.KnowledgeCodeBase object at 0x7fdc0fcfba90>
2025-08-13 10:14:23,844 - Knowledge - INFO - worker kw18 pull /app/data/b2c/156786/b5961k4/mern-ecommerce-156786/client/app/components/Manager/OrderDetails/index.js from ingest queue
2025-08-13 10:14:23,844 - Knowledge - INFO - adding /app/data/b2c/156786/b5961k4/mern-ecommerce-156786/client/app/components/Common/Popover/index.js to ingest queue
2025-08-13 10:14:23,571 - Knowledge - INFO - process ingested knowledge for /app/data/b2c/156786/b5961k4/mern-ecommerce-156786/client/app/components/Manager/OrderList/index.js
2025-08-13 10:14:24,006 - Knowledge - INFO - persist ingested knowledge for /app/data/b2c/156786/b5961k4/mern-ecommerce-156786/client/app/components/Manager/MerchantSearch/index.js
2025-08-13 10:14:24,152 - Knowledge - INFO - process ingested knowledge for /app/data/b2c/156786/b5961k4/mern-ecommerce-156786/client/app/components/Manager/EditCategory/index.js
2025-08-13 10:14:24,205 - Knowledge - INFO - Found code_base: <app.utils.kg_build.knowledge.KnowledgeCodeBase object at 0x7fdc0fcfba90>
2025-08-13 10:14:23,679 - Knowledge - INFO - worker kw20 pull /app/data/b2c/156786/b5961k4/mern-ecommerce-156786/client/app/components/Manager/SearchResultMeta/index.js from ingest queue
2025-08-13 10:14:23,679 - Knowledge - INFO - Found code-base-name: https://github.com/kavia-common/mern-ecommerce-156786.git:kavia-master
2025-08-13 10:14:24,660 - Knowledge - INFO - process ingested knowledge for /app/data/b2c/156786/b5961k4/mern-ecommerce-156786/client/app/components/Manager/EditAddress/index.js
2025-08-13 10:14:24,763 - Knowledge - INFO - process ingested knowledge for /app/data/b2c/156786/b5961k4/mern-ecommerce-156786/client/app/components/Manager/AddressList/index.js
2025-08-13 10:14:24,807 - Knowledge - INFO - persist ingested knowledge for /app/data/b2c/156786/b5961k4/mern-ecommerce-156786/client/app/components/Manager/AddBrand/index.js
2025-08-13 10:14:24,956 - Knowledge - INFO - process ingested knowledge for /app/data/b2c/156786/b5961k4/mern-ecommerce-156786/client/app/components/Manager/OrderDetails/index.js
2025-08-13 10:14:25,016 - Knowledge - INFO - adding /app/data/b2c/156786/b5961k4/mern-ecommerce-156786/client/app/components/Store/ProductReviews/index.js to ingest queue
2025-08-13 10:14:25,367 - Knowledge - INFO - persist ingested knowledge for /app/data/b2c/156786/b5961k4/mern-ecommerce-156786/client/app/components/Manager/Dashboard/Admin.js
2025-08-13 10:14:25,518 - Knowledge - INFO - process ingested knowledge for /app/data/b2c/156786/b5961k4/mern-ecommerce-156786/client/app/components/Manager/SearchResultMeta/index.js
2025-08-13 10:14:25,669 - Knowledge - INFO - Found code_base: <app.utils.kg_build.knowledge.KnowledgeCodeBase object at 0x7fdc0fcfba90>
2025-08-13 10:14:26,206 - Knowledge - INFO - worker kw7 pull /app/data/b2c/156786/b5961k4/mern-ecommerce-156786/client/app/components/Manager/OrderSearch/index.js from ingest queue
2025-08-13 10:14:26,206 - Knowledge - INFO - adding /app/data/b2c/156786/b5961k4/mern-ecommerce-156786/client/app/components/Store/ProductReviews/List.js to ingest queue
2025-08-13 10:14:26,507 - Knowledge - INFO - persist ingested knowledge for /app/data/b2c/156786/b5961k4/mern-ecommerce-156786/client/app/components/Manager/Dashboard/Customer.js
2025-08-13 10:14:26,652 - Knowledge - INFO - process ingested knowledge for /app/data/b2c/156786/b5961k4/mern-ecommerce-156786/client/app/components/Manager/OrderSearch/index.js
2025-08-13 10:14:26,703 - Knowledge - INFO - adding /app/data/b2c/156786/b5961k4/mern-ecommerce-156786/client/app/components/Store/ProductReviews/Add.js to ingest queue
2025-08-13 10:14:26,974 - Knowledge - INFO - adding /app/data/b2c/156786/b5961k4/mern-ecommerce-156786/client/app/components/Store/Checkout/index.js to ingest queue
2025-08-13 10:14:27,156 - Knowledge - INFO - worker kw3 pull /app/data/b2c/156786/b5961k4/mern-ecommerce-156786/client/app/components/Manager/AccountMenu/index.js from ingest queue
2025-08-13 10:14:27,157 - Knowledge - INFO - adding /app/data/b2c/156786/b5961k4/mern-ecommerce-156786/client/app/components/Store/ProductList/index.js to ingest queue
2025-08-13 10:14:27,271 - Knowledge - INFO - process ingested knowledge for /app/data/b2c/156786/b5961k4/mern-ecommerce-156786/client/app/components/Manager/AccountMenu/index.js
2025-08-13 10:14:27,333 - Knowledge - INFO - adding /app/data/b2c/156786/b5961k4/mern-ecommerce-156786/client/app/components/Store/BrandList/index.js to ingest queue
2025-08-13 10:14:27,536 - Knowledge - INFO - adding /app/data/b2c/156786/b5961k4/mern-ecommerce-156786/client/app/components/Store/ProductReviews/Summary.js to ingest queue
2025-08-13 10:14:27,633 - Knowledge - INFO - worker kw8 pull /app/data/b2c/156786/b5961k4/mern-ecommerce-156786/client/app/components/Manager/AddProduct/index.js from ingest queue
2025-08-13 10:14:27,634 - Knowledge - INFO - adding /app/data/b2c/156786/b5961k4/mern-ecommerce-156786/client/app/components/Store/AddToWishList/index.js to ingest queue
2025-08-13 10:14:27,794 - Knowledge - INFO - process ingested knowledge for /app/data/b2c/156786/b5961k4/mern-ecommerce-156786/client/app/components/Manager/AddProduct/index.js
2025-08-13 10:14:27,833 - Knowledge - INFO - worker kw13 pull /app/data/b2c/156786/b5961k4/mern-ecommerce-156786/client/app/components/Manager/CategoryList/index.js from ingest queue
2025-08-13 10:14:27,898 - Knowledge - INFO - Found code-base-name: https://github.com/kavia-common/mern-ecommerce-156786.git:kavia-master
2025-08-13 10:14:27,898 - Knowledge - INFO - adding /app/data/b2c/156786/b5961k4/mern-ecommerce-156786/client/app/components/Manager/MerchantSearch/index.js to ingest queue
2025-08-13 10:14:28,292 - Knowledge - INFO - Found code-base-name: https://github.com/kavia-common/mern-ecommerce-156786.git:kavia-master
2025-08-13 10:14:28,162 - Knowledge - INFO - Found code_base: <app.utils.kg_build.knowledge.KnowledgeCodeBase object at 0x7fdc0fcfba90>
2025-08-13 10:14:28,110 - Knowledge - INFO - process ingested knowledge for /app/data/b2c/156786/b5961k4/mern-ecommerce-156786/client/app/components/Manager/CategoryList/index.js
2025-08-13 10:14:28,350 - Knowledge - INFO - Found code-base-name: https://github.com/kavia-common/mern-ecommerce-156786.git:kavia-master
2025-08-13 10:14:28,351 - Knowledge - INFO - adding /app/data/b2c/156786/b5961k4/mern-ecommerce-156786/client/app/components/Store/SocialShare/index.js to ingest queue
2025-08-13 10:14:28,409 - Knowledge - INFO - Found code_base: <app.utils.kg_build.knowledge.KnowledgeCodeBase object at 0x7fdc0fcfba90>
2025-08-13 10:14:28,515 - Knowledge - INFO - persist ingested knowledge for /app/data/b2c/156786/b5961k4/mern-ecommerce-156786/client/app/components/Manager/EditCategory/index.js
2025-08-13 10:14:28,746 - Knowledge - INFO - Found code_base: <app.utils.kg_build.knowledge.KnowledgeCodeBase object at 0x7fdc0fcfba90>
2025-08-13 10:14:29,167 - Knowledge - INFO - persist ingested knowledge for /app/data/b2c/156786/b5961k4/mern-ecommerce-156786/client/app/components/Manager/OrderDetails/index.js
2025-08-13 10:14:28,943 - Knowledge - INFO - persist ingested knowledge for /app/data/b2c/156786/b5961k4/mern-ecommerce-156786/client/app/components/Manager/AddressList/index.js
2025-08-13 10:14:28,829 - Knowledge - INFO - adding /app/data/b2c/156786/b5961k4/mern-ecommerce-156786/client/app/components/Common/Radio/index.js to ingest queue
2025-08-13 10:14:29,508 - Knowledge - INFO - adding /app/data/b2c/156786/b5961k4/mern-ecommerce-156786/client/app/components/Manager/Dashboard/Admin.js to ingest queue
2025-08-13 10:14:29,593 - Knowledge - INFO - worker kw5 pull /app/data/b2c/156786/b5961k4/mern-ecommerce-156786/client/app/components/Manager/OrderSummary/index.js from ingest queue
2025-08-13 10:14:29,652 - Knowledge - INFO - worker kw2 pull /app/data/b2c/156786/b5961k4/mern-ecommerce-156786/client/app/components/Manager/ReviewList/index.js from ingest queue
2025-08-13 10:14:29,652 - Knowledge - INFO - worker kw1 pull /app/data/b2c/156786/b5961k4/mern-ecommerce-156786/client/app/components/Manager/MerchantList/index.js from ingest queue
2025-08-13 10:14:29,652 - Knowledge - INFO - Found code-base-name: https://github.com/kavia-common/mern-ecommerce-156786.git:kavia-master
2025-08-13 10:14:29,652 - Knowledge - INFO - worker kw23 pull /app/data/b2c/156786/b5961k4/mern-ecommerce-156786/client/app/components/Manager/OrderItems/index.js from ingest queue
2025-08-13 10:14:29,652 - Knowledge - INFO - worker kw11 pull /app/data/b2c/156786/b5961k4/mern-ecommerce-156786/client/app/components/Manager/UserRole/index.js from ingest queue
2025-08-13 10:14:29,652 - Knowledge - INFO - Found code-base-name: https://github.com/kavia-common/mern-ecommerce-156786.git:kavia-master
2025-08-13 10:14:29,652 - Knowledge - INFO - worker kw19 pull /app/data/b2c/156786/b5961k4/mern-ecommerce-156786/client/app/components/Manager/UserSearch/index.js from ingest queue
2025-08-13 10:14:29,653 - Knowledge - INFO - Found code-base-name: https://github.com/kavia-common/mern-ecommerce-156786.git:kavia-master
2025-08-13 10:14:29,653 - Knowledge - INFO - adding /app/data/b2c/156786/b5961k4/mern-ecommerce-156786/client/app/components/Manager/AddBrand/index.js to ingest queue
2025-08-13 10:14:29,734 - Knowledge - INFO - process ingested knowledge for /app/data/b2c/156786/b5961k4/mern-ecommerce-156786/client/app/components/Manager/OrderSummary/index.js
2025-08-13 10:14:29,855 - Knowledge - INFO - process ingested knowledge for /app/data/b2c/156786/b5961k4/mern-ecommerce-156786/client/app/components/Manager/ReviewList/index.js
2025-08-13 10:14:29,980 - Knowledge - INFO - process ingested knowledge for /app/data/b2c/156786/b5961k4/mern-ecommerce-156786/client/app/components/Manager/MerchantList/index.js
2025-08-13 10:14:30,070 - Knowledge - INFO - Found code_base: <app.utils.kg_build.knowledge.KnowledgeCodeBase object at 0x7fdc0fcfba90>
2025-08-13 10:14:30,215 - Knowledge - INFO - process ingested knowledge for /app/data/b2c/156786/b5961k4/mern-ecommerce-156786/client/app/components/Manager/OrderItems/index.js
2025-08-13 10:14:30,302 - Knowledge - INFO - process ingested knowledge for /app/data/b2c/156786/b5961k4/mern-ecommerce-156786/client/app/components/Manager/UserRole/index.js
2025-08-13 10:14:30,364 - Knowledge - INFO - Found code_base: <app.utils.kg_build.knowledge.KnowledgeCodeBase object at 0x7fdc0fcfba90>
2025-08-13 10:14:30,512 - Knowledge - INFO - process ingested knowledge for /app/data/b2c/156786/b5961k4/mern-ecommerce-156786/client/app/components/Manager/UserSearch/index.js
2025-08-13 10:14:30,579 - Knowledge - INFO - Found code_base: <app.utils.kg_build.knowledge.KnowledgeCodeBase object at 0x7fdc0fcfba90>
2025-08-13 10:14:30,670 - Knowledge - INFO - Found code-base-name: https://github.com/kavia-common/mern-ecommerce-156786.git:kavia-master
2025-08-13 10:14:30,865 - Knowledge - INFO - worker kw6 pull /app/data/b2c/156786/b5961k4/mern-ecommerce-156786/client/app/components/Manager/DisabledAccount/Merchant.js from ingest queue
2025-08-13 10:14:30,865 - Knowledge - INFO - Found code-base-name: https://github.com/kavia-common/mern-ecommerce-156786.git:kavia-master
2025-08-13 10:14:30,865 - Knowledge - INFO - worker kw16 pull /app/data/b2c/156786/b5961k4/mern-ecommerce-156786/client/app/components/Manager/EditBrand/index.js from ingest queue
2025-08-13 10:14:30,866 - Knowledge - INFO - adding /app/data/b2c/156786/b5961k4/mern-ecommerce-156786/client/app/components/Manager/Dashboard/Customer.js to ingest queue
2025-08-13 10:14:31,038 - Knowledge - INFO - persist ingested knowledge for /app/data/b2c/156786/b5961k4/mern-ecommerce-156786/client/app/components/Manager/AccountMenu/index.js
2025-08-13 10:14:31,386 - Knowledge - INFO - persist ingested knowledge for /app/data/b2c/156786/b5961k4/mern-ecommerce-156786/client/app/components/Manager/OrderList/index.js
2025-08-13 10:14:31,621 - Knowledge - INFO - persist ingested knowledge for /app/data/b2c/156786/b5961k4/mern-ecommerce-156786/client/app/components/Manager/AddProduct/index.js
2025-08-13 10:14:31,710 - Knowledge - INFO - Found code_base: <app.utils.kg_build.knowledge.KnowledgeCodeBase object at 0x7fdc0fcfba90>
2025-08-13 10:14:31,843 - Knowledge - INFO - process ingested knowledge for /app/data/b2c/156786/b5961k4/mern-ecommerce-156786/client/app/components/Manager/DisabledAccount/Merchant.js
2025-08-13 10:14:31,891 - Knowledge - INFO - Found code_base: <app.utils.kg_build.knowledge.KnowledgeCodeBase object at 0x7fdc0fcfba90>
2025-08-13 10:14:32,023 - Knowledge - INFO - process ingested knowledge for /app/data/b2c/156786/b5961k4/mern-ecommerce-156786/client/app/components/Manager/EditBrand/index.js
2025-08-13 10:14:32,082 - Knowledge - INFO - worker kw10 pull /app/data/b2c/156786/b5961k4/mern-ecommerce-156786/client/app/components/Manager/Support/MessageList.js from ingest queue
2025-08-13 10:14:32,143 - Knowledge - INFO - worker kw4 pull /app/data/b2c/156786/b5961k4/mern-ecommerce-156786/client/app/components/Manager/Support/UserList.js from ingest queue
2025-08-13 10:14:32,145 - Knowledge - INFO - worker kw22 pull /app/data/b2c/156786/b5961k4/mern-ecommerce-156786/client/app/components/Manager/Support/AddMessage.js from ingest queue
2025-08-13 10:14:32,146 - Knowledge - INFO - adding /app/data/b2c/156786/b5961k4/mern-ecommerce-156786/client/app/components/Manager/EditCategory/index.js to ingest queue
2025-08-13 10:14:32,501 - Knowledge - INFO - persist ingested knowledge for /app/data/b2c/156786/b5961k4/mern-ecommerce-156786/client/app/components/Manager/CategoryList/index.js
2025-08-13 10:14:32,673 - Knowledge - INFO - persist ingested knowledge for /app/data/b2c/156786/b5961k4/mern-ecommerce-156786/client/app/components/Manager/SearchResultMeta/index.js
2025-08-13 10:14:32,913 - Knowledge - INFO - process ingested knowledge for /app/data/b2c/156786/b5961k4/mern-ecommerce-156786/client/app/components/Manager/Support/MessageList.js
2025-08-13 10:14:33,027 - Knowledge - INFO - process ingested knowledge for /app/data/b2c/156786/b5961k4/mern-ecommerce-156786/client/app/components/Manager/Support/UserList.js
2025-08-13 10:14:33,108 - Knowledge - INFO - process ingested knowledge for /app/data/b2c/156786/b5961k4/mern-ecommerce-156786/client/app/components/Manager/Support/AddMessage.js
2025-08-13 10:14:33,144 - Knowledge - INFO - adding /app/data/b2c/156786/b5961k4/mern-ecommerce-156786/client/app/components/Manager/OrderDetails/index.js to ingest queue
2025-08-13 10:14:33,702 - Knowledge - INFO - Found code-base-name: https://github.com/kavia-common/mern-ecommerce-156786.git:kavia-master
2025-08-13 10:14:33,704 - Knowledge - INFO - Found code-base-name: https://github.com/kavia-common/mern-ecommerce-156786.git:kavia-master
2025-08-13 10:14:33,704 - Knowledge - INFO - adding /app/data/b2c/156786/b5961k4/mern-ecommerce-156786/client/app/components/Manager/AddressList/index.js to ingest queue
2025-08-13 10:14:34,005 - Knowledge - INFO - adding /app/data/b2c/156786/b5961k4/mern-ecommerce-156786/client/app/components/Store/ProductFilter/index.js to ingest queue
2025-08-13 10:14:33,887 - Knowledge - INFO - Found code_base: <app.utils.kg_build.knowledge.KnowledgeCodeBase object at 0x7fdc0fcfba90>
2025-08-13 10:14:33,804 - Knowledge - INFO - Found code_base: <app.utils.kg_build.knowledge.KnowledgeCodeBase object at 0x7fdc0fcfba90>
2025-08-13 10:14:34,120 - Knowledge - INFO - worker kw24 pull /app/data/b2c/156786/b5961k4/mern-ecommerce-156786/client/app/components/Manager/Support/index.js from ingest queue
2025-08-13 10:14:34,121 - Knowledge - INFO - Found code-base-name: https://github.com/kavia-common/mern-ecommerce-156786.git:kavia-master
2025-08-13 10:14:34,121 - Knowledge - INFO - Found code-base-name: https://github.com/kavia-common/mern-ecommerce-156786.git:kavia-master
2025-08-13 10:14:34,121 - Knowledge - INFO - Found code-base-name: https://github.com/kavia-common/mern-ecommerce-156786.git:kavia-master
2025-08-13 10:14:34,121 - Knowledge - INFO - worker kw9 pull /app/data/b2c/156786/b5961k4/mern-ecommerce-156786/client/app/components/Manager/ProductList/index.js from ingest queue
2025-08-13 10:14:34,121 - Knowledge - INFO - adding /app/data/b2c/156786/b5961k4/mern-ecommerce-156786/client/app/components/Manager/Dashboard/Merchant.js to ingest queue
2025-08-13 10:14:34,226 - Knowledge - INFO - persist ingested knowledge for /app/data/b2c/156786/b5961k4/mern-ecommerce-156786/client/app/components/Manager/OrderSearch/index.js
2025-08-13 10:14:34,306 - Knowledge - INFO - persist ingested knowledge for /app/data/b2c/156786/b5961k4/mern-ecommerce-156786/client/app/components/Manager/ReviewList/index.js
2025-08-13 10:14:34,451 - Knowledge - INFO - process ingested knowledge for /app/data/b2c/156786/b5961k4/mern-ecommerce-156786/client/app/components/Manager/Support/index.js
2025-08-13 10:14:34,514 - Knowledge - INFO - Found code_base: <app.utils.kg_build.knowledge.KnowledgeCodeBase object at 0x7fdc0fcfba90>
2025-08-13 10:14:34,601 - Knowledge - INFO - Found code_base: <app.utils.kg_build.knowledge.KnowledgeCodeBase object at 0x7fdc0fcfba90>
2025-08-13 10:14:34,720 - Knowledge - INFO - Found code_base: <app.utils.kg_build.knowledge.KnowledgeCodeBase object at 0x7fdc0fcfba90>
2025-08-13 10:14:34,873 - Knowledge - INFO - process ingested knowledge for /app/data/b2c/156786/b5961k4/mern-ecommerce-156786/client/app/components/Manager/ProductList/index.js
2025-08-13 10:14:34,933 - Knowledge - INFO - Found code-base-name: https://github.com/kavia-common/mern-ecommerce-156786.git:kavia-master
2025-08-13 10:14:35,043 - Knowledge - INFO - adding /app/data/b2c/156786/b5961k4/mern-ecommerce-156786/client/app/components/Manager/OrderList/index.js to ingest queue
2025-08-13 10:14:35,306 - Knowledge - INFO - persist ingested knowledge for /app/data/b2c/156786/b5961k4/mern-ecommerce-156786/client/app/components/Manager/OrderItems/index.js
2025-08-13 10:14:35,430 - Knowledge - INFO - persist ingested knowledge for /app/data/b2c/156786/b5961k4/mern-ecommerce-156786/client/app/components/Manager/UserSearch/index.js
2025-08-13 10:14:35,531 - Knowledge - INFO - persist ingested knowledge for /app/data/b2c/156786/b5961k4/mern-ecommerce-156786/client/app/components/Manager/EditAddress/index.js
2025-08-13 10:14:35,707 - Knowledge - INFO - Found code_base: <app.utils.kg_build.knowledge.KnowledgeCodeBase object at 0x7fdc0fcfba90>
2025-08-13 10:14:35,791 - Knowledge - INFO - Found code-base-name: https://github.com/kavia-common/mern-ecommerce-156786.git:kavia-master
2025-08-13 10:14:36,260 - Knowledge - INFO - Found code_base: <app.utils.kg_build.knowledge.KnowledgeCodeBase object at 0x7fdc0fcfba90>
2025-08-13 10:14:35,793 - Knowledge - INFO - worker kw14 pull /app/data/b2c/156786/b5961k4/mern-ecommerce-156786/client/app/components/Manager/OrderMeta/index.js from ingest queue
2025-08-13 10:14:35,867 - Knowledge - INFO - Found code-base-name: https://github.com/kavia-common/mern-ecommerce-156786.git:kavia-master
2025-08-13 10:14:35,867 - Knowledge - INFO - Found code-base-name: https://github.com/kavia-common/mern-ecommerce-156786.git:kavia-master
2025-08-13 10:14:35,867 - Knowledge - INFO - Found code-base-name: https://github.com/kavia-common/mern-ecommerce-156786.git:kavia-master
2025-08-13 10:14:36,761 - Knowledge - INFO - Found code_base: <app.utils.kg_build.knowledge.KnowledgeCodeBase object at 0x7fdc0fcfba90>
2025-08-13 10:14:35,868 - Knowledge - INFO - Found code-base-name: https://github.com/kavia-common/mern-ecommerce-156786.git:kavia-master
2025-08-13 10:14:35,868 - Knowledge - INFO - Found code-base-name: https://github.com/kavia-common/mern-ecommerce-156786.git:kavia-master
2025-08-13 10:14:37,080 - Knowledge - INFO - Found code_base: <app.utils.kg_build.knowledge.KnowledgeCodeBase object at 0x7fdc0fcfba90>
2025-08-13 10:14:37,164 - Knowledge - INFO - persist ingested knowledge for /app/data/b2c/156786/b5961k4/mern-ecommerce-156786/client/app/components/Manager/MerchantList/index.js
2025-08-13 10:14:35,869 - Knowledge - INFO - adding /app/data/b2c/156786/b5961k4/mern-ecommerce-156786/client/app/components/Manager/AccountMenu/index.js to ingest queue
2025-08-13 10:14:37,384 - Knowledge - INFO - worker kw3 pull /app/data/b2c/156786/b5961k4/mern-ecommerce-156786/client/app/components/Manager/UserList/index.js from ingest queue
2025-08-13 10:14:35,792 - Knowledge - INFO - Found code-base-name: https://github.com/kavia-common/mern-ecommerce-156786.git:kavia-master
2025-08-13 10:14:36,347 - Knowledge - INFO - persist ingested knowledge for /app/data/b2c/156786/b5961k4/mern-ecommerce-156786/client/app/components/Manager/DisabledAccount/Merchant.js
2025-08-13 10:14:36,467 - Knowledge - INFO - process ingested knowledge for /app/data/b2c/156786/b5961k4/mern-ecommerce-156786/client/app/components/Manager/OrderMeta/index.js
2025-08-13 10:14:36,524 - Knowledge - INFO - Found code_base: <app.utils.kg_build.knowledge.KnowledgeCodeBase object at 0x7fdc0fcfba90>
2025-08-13 10:14:36,637 - Knowledge - INFO - Found code_base: <app.utils.kg_build.knowledge.KnowledgeCodeBase object at 0x7fdc0fcfba90>
2025-08-13 10:14:35,867 - Knowledge - INFO - worker kw18 pull /app/data/b2c/156786/b5961k4/mern-ecommerce-156786/client/app/components/Manager/AccountDetails/index.js from ingest queue
2025-08-13 10:14:36,879 - Knowledge - INFO - persist ingested knowledge for /app/data/b2c/156786/b5961k4/mern-ecommerce-156786/client/app/components/Manager/Support/AddMessage.js
2025-08-13 10:14:36,976 - Knowledge - INFO - Found code_base: <app.utils.kg_build.knowledge.KnowledgeCodeBase object at 0x7fdc0fcfba90>
2025-08-13 10:14:35,868 - Knowledge - INFO - worker kw12 pull /app/data/b2c/156786/b5961k4/mern-ecommerce-156786/client/app/components/Manager/BrandList/index.js from ingest queue
2025-08-13 10:14:35,868 - Knowledge - INFO - worker kw15 pull /app/data/b2c/156786/b5961k4/mern-ecommerce-156786/client/app/components/Manager/AddMerchant/index.js from ingest queue
2025-08-13 10:14:36,165 - Knowledge - INFO - persist ingested knowledge for /app/data/b2c/156786/b5961k4/mern-ecommerce-156786/client/app/components/Manager/OrderSummary/index.js
2025-08-13 10:14:37,385 - Knowledge - INFO - Found code-base-name: https://github.com/kavia-common/mern-ecommerce-156786.git:kavia-master
2025-08-13 10:14:37,385 - Knowledge - INFO - Found code-base-name: https://github.com/kavia-common/mern-ecommerce-156786.git:kavia-master
2025-08-13 10:14:37,385 - Knowledge - INFO - worker kw17 pull /app/data/b2c/156786/b5961k4/mern-ecommerce-156786/client/app/components/Manager/WishList/index.js from ingest queue
2025-08-13 10:14:37,445 - Knowledge - INFO - worker kw25 pull /app/data/b2c/156786/b5961k4/mern-ecommerce-156786/client/app/components/Manager/AddCategory/index.js from ingest queue
2025-08-13 10:14:37,567 - Knowledge - INFO - process ingested knowledge for /app/data/b2c/156786/b5961k4/mern-ecommerce-156786/client/app/components/Manager/UserList/index.js
2025-08-13 10:14:37,574 - Knowledge - INFO - Found code_base: <app.utils.kg_build.knowledge.KnowledgeCodeBase object at 0x7fdc0fcfba90>
2025-08-13 10:14:37,799 - Knowledge - INFO - adding /app/data/b2c/156786/b5961k4/mern-ecommerce-156786/client/app/components/Manager/SearchResultMeta/index.js to ingest queue
2025-08-13 10:14:37,850 - Knowledge - INFO - persist ingested knowledge for /app/data/b2c/156786/b5961k4/mern-ecommerce-156786/client/app/components/Manager/Support/MessageList.js
2025-08-13 10:14:37,941 - Knowledge - INFO - persist ingested knowledge for /app/data/b2c/156786/b5961k4/mern-ecommerce-156786/client/app/components/Manager/Support/UserList.js
2025-08-13 10:14:38,072 - Knowledge - INFO - process ingested knowledge for /app/data/b2c/156786/b5961k4/mern-ecommerce-156786/client/app/components/Manager/AccountDetails/index.js
2025-08-13 10:14:38,190 - Knowledge - INFO - persist ingested knowledge for /app/data/b2c/156786/b5961k4/mern-ecommerce-156786/client/app/components/Manager/UserRole/index.js
2025-08-13 10:14:38,333 - Knowledge - INFO - process ingested knowledge for /app/data/b2c/156786/b5961k4/mern-ecommerce-156786/client/app/components/Manager/BrandList/index.js
2025-08-13 10:14:38,449 - Knowledge - INFO - process ingested knowledge for /app/data/b2c/156786/b5961k4/mern-ecommerce-156786/client/app/components/Manager/AddMerchant/index.js
2025-08-13 10:14:38,628 - Knowledge - INFO - Found code_base: <app.utils.kg_build.knowledge.KnowledgeCodeBase object at 0x7fdc0fcfba90>
2025-08-13 10:14:38,746 - Knowledge - INFO - Found code_base: <app.utils.kg_build.knowledge.KnowledgeCodeBase object at 0x7fdc0fcfba90>
2025-08-13 10:14:38,913 - Knowledge - INFO - process ingested knowledge for /app/data/b2c/156786/b5961k4/mern-ecommerce-156786/client/app/components/Manager/WishList/index.js
2025-08-13 10:14:39,053 - Knowledge - INFO - process ingested knowledge for /app/data/b2c/156786/b5961k4/mern-ecommerce-156786/client/app/components/Manager/AddCategory/index.js
2025-08-13 10:14:39,205 - Knowledge - INFO - persist ingested knowledge for /app/data/b2c/156786/b5961k4/mern-ecommerce-156786/client/app/components/Manager/EditBrand/index.js
2025-08-13 10:14:39,387 - Knowledge - INFO - adding /app/data/b2c/156786/b5961k4/mern-ecommerce-156786/client/app/components/Manager/CategoryList/index.js to ingest queue
2025-08-13 10:14:39,948 - Knowledge - INFO - persist ingested knowledge for /app/data/b2c/156786/b5961k4/mern-ecommerce-156786/client/app/components/Manager/Support/index.js
2025-08-13 10:14:40,053 - Knowledge - INFO - persist ingested knowledge for /app/data/b2c/156786/b5961k4/mern-ecommerce-156786/client/app/components/Manager/ProductList/index.js
2025-08-13 10:14:40,461 - Knowledge - INFO - adding /app/data/b2c/156786/b5961k4/mern-ecommerce-156786/client/app/components/Manager/OrderSearch/index.js to ingest queue
2025-08-13 10:14:40,764 - Knowledge - INFO - worker kw7 pull /app/data/b2c/156786/b5961k4/mern-ecommerce-156786/client/app/components/Manager/SubPage/index.js from ingest queue
2025-08-13 10:14:40,765 - Knowledge - INFO - adding /app/data/b2c/156786/b5961k4/mern-ecommerce-156786/client/app/components/Manager/MerchantList/index.js to ingest queue
2025-08-13 10:14:40,913 - Knowledge - INFO - process ingested knowledge for /app/data/b2c/156786/b5961k4/mern-ecommerce-156786/client/app/components/Manager/SubPage/index.js
2025-08-13 10:14:41,050 - Knowledge - INFO - adding /app/data/b2c/156786/b5961k4/mern-ecommerce-156786/client/app/components/Manager/ReviewList/index.js to ingest queue
2025-08-13 10:14:41,207 - Knowledge - INFO - worker kw2 pull /app/data/b2c/156786/b5961k4/mern-ecommerce-156786/client/app/components/Manager/EditProduct/index.js from ingest queue
2025-08-13 10:14:41,208 - Knowledge - INFO - adding /app/data/b2c/156786/b5961k4/mern-ecommerce-156786/client/app/components/Manager/AddProduct/index.js to ingest queue
2025-08-13 10:14:41,329 - Knowledge - INFO - process ingested knowledge for /app/data/b2c/156786/b5961k4/mern-ecommerce-156786/client/app/components/Manager/EditProduct/index.js
2025-08-13 10:14:41,475 - Knowledge - INFO - Found code-base-name: https://github.com/kavia-common/mern-ecommerce-156786.git:kavia-master
2025-08-13 10:14:41,475 - Knowledge - INFO - adding /app/data/b2c/156786/b5961k4/mern-ecommerce-156786/client/app/components/Manager/OrderItems/index.js to ingest queue
2025-08-13 10:14:41,705 - Knowledge - INFO - Found code_base: <app.utils.kg_build.knowledge.KnowledgeCodeBase object at 0x7fdc0fcfba90>
2025-08-13 10:14:41,858 - Knowledge - INFO - adding /app/data/b2c/156786/b5961k4/mern-ecommerce-156786/client/app/components/Manager/Support/MessageList.js to ingest queue
2025-08-13 10:14:41,884 - Knowledge - INFO - persist ingested knowledge for /app/data/b2c/156786/b5961k4/mern-ecommerce-156786/client/app/components/Manager/UserList/index.js
2025-08-13 10:14:41,977 - Knowledge - INFO - worker kw10 pull /app/data/b2c/156786/b5961k4/mern-ecommerce-156786/client/app/components/Manager/AddAddress/index.js from ingest queue
2025-08-13 10:14:41,977 - Knowledge - INFO - Found code-base-name: https://github.com/kavia-common/mern-ecommerce-156786.git:kavia-master
2025-08-13 10:14:41,977 - Knowledge - INFO - Found code-base-name: https://github.com/kavia-common/mern-ecommerce-156786.git:kavia-master
2025-08-13 10:14:41,977 - Knowledge - INFO - Found code-base-name: https://github.com/kavia-common/mern-ecommerce-156786.git:kavia-master
2025-08-13 10:14:41,978 - Knowledge - INFO - Found code-base-name: https://github.com/kavia-common/mern-ecommerce-156786.git:kavia-master
2025-08-13 10:14:42,045 - Knowledge - INFO - worker kw13 pull /app/data/b2c/156786/b5961k4/mern-ecommerce-156786/client/app/containers/Authentication/constants.js from ingest queue
2025-08-13 10:14:42,104 - Knowledge - INFO - adding /app/data/b2c/156786/b5961k4/mern-ecommerce-156786/client/app/components/Manager/EditAddress/index.js to ingest queue
2025-08-13 10:14:42,209 - Knowledge - INFO - process ingested knowledge for /app/data/b2c/156786/b5961k4/mern-ecommerce-156786/client/app/components/Manager/AddAddress/index.js
2025-08-13 10:14:42,268 - Knowledge - INFO - Found code_base: <app.utils.kg_build.knowledge.KnowledgeCodeBase object at 0x7fdc0fcfba90>
2025-08-13 10:14:42,342 - Knowledge - INFO - Found code_base: <app.utils.kg_build.knowledge.KnowledgeCodeBase object at 0x7fdc0fcfba90>
2025-08-13 10:14:42,430 - Knowledge - INFO - Found code_base: <app.utils.kg_build.knowledge.KnowledgeCodeBase object at 0x7fdc0fcfba90>
2025-08-13 10:14:42,548 - Knowledge - INFO - Found code_base: <app.utils.kg_build.knowledge.KnowledgeCodeBase object at 0x7fdc0fcfba90>
2025-08-13 10:14:42,654 - Knowledge - INFO - process ingested knowledge for /app/data/b2c/156786/b5961k4/mern-ecommerce-156786/client/app/containers/Authentication/constants.js
2025-08-13 10:14:42,703 - Knowledge - INFO - adding /app/data/b2c/156786/b5961k4/mern-ecommerce-156786/client/app/components/Manager/UserSearch/index.js to ingest queue
2025-08-13 10:14:43,387 - Knowledge - INFO - worker kw1 pull /app/data/b2c/156786/b5961k4/mern-ecommerce-156786/client/app/containers/Authentication/actions.js from ingest queue
2025-08-13 10:14:42,981 - Knowledge - INFO - persist ingested knowledge for /app/data/b2c/156786/b5961k4/mern-ecommerce-156786/client/app/components/Manager/AccountDetails/index.js
2025-08-13 10:14:43,083 - Knowledge - INFO - persist ingested knowledge for /app/data/b2c/156786/b5961k4/mern-ecommerce-156786/client/app/components/Manager/WishList/index.js
2025-08-13 10:14:43,212 - Knowledge - INFO - persist ingested knowledge for /app/data/b2c/156786/b5961k4/mern-ecommerce-156786/client/app/components/Manager/AddCategory/index.js
2025-08-13 10:14:42,892 - Knowledge - INFO - persist ingested knowledge for /app/data/b2c/156786/b5961k4/mern-ecommerce-156786/client/app/components/Manager/BrandList/index.js
2025-08-13 10:14:43,389 - Knowledge - INFO - adding /app/data/b2c/156786/b5961k4/mern-ecommerce-156786/client/app/components/Manager/DisabledAccount/Merchant.js to ingest queue
2025-08-13 10:14:43,547 - Knowledge - INFO - process ingested knowledge for /app/data/b2c/156786/b5961k4/mern-ecommerce-156786/client/app/containers/Authentication/actions.js
2025-08-13 10:14:44,052 - Knowledge - INFO - Found code-base-name: https://github.com/kavia-common/mern-ecommerce-156786.git:kavia-master
2025-08-13 10:14:44,053 - Knowledge - INFO - worker kw8 pull /app/data/b2c/156786/b5961k4/mern-ecommerce-156786/client/app/containers/Authentication/reducer.js from ingest queue
2025-08-13 10:14:44,053 - Knowledge - INFO - worker kw20 pull /app/data/b2c/156786/b5961k4/mern-ecommerce-156786/client/app/containers/Authentication/index.js from ingest queue
2025-08-13 10:14:44,053 - Knowledge - INFO - Found code-base-name: https://github.com/kavia-common/mern-ecommerce-156786.git:kavia-master
2025-08-13 10:14:44,053 - Knowledge - INFO - worker kw23 pull /app/data/b2c/156786/b5961k4/mern-ecommerce-156786/client/app/containers/Sell/index.js from ingest queue
2025-08-13 10:14:44,104 - Knowledge - INFO - Found code-base-name: https://github.com/kavia-common/mern-ecommerce-156786.git:kavia-master
2025-08-13 10:14:44,171 - Knowledge - INFO - adding /app/data/b2c/156786/b5961k4/mern-ecommerce-156786/client/app/components/Manager/EditBrand/index.js to ingest queue
2025-08-13 10:14:44,172 - Knowledge - INFO - Found code_base: <app.utils.kg_build.knowledge.KnowledgeCodeBase object at 0x7fdc0fcfba90>
2025-08-13 10:14:44,288 - Knowledge - INFO - process ingested knowledge for /app/data/b2c/156786/b5961k4/mern-ecommerce-156786/client/app/containers/Authentication/reducer.js
2025-08-13 10:14:44,392 - Knowledge - INFO - process ingested knowledge for /app/data/b2c/156786/b5961k4/mern-ecommerce-156786/client/app/containers/Authentication/index.js
2025-08-13 10:14:44,465 - Knowledge - INFO - Found code_base: <app.utils.kg_build.knowledge.KnowledgeCodeBase object at 0x7fdc0fcfba90>
2025-08-13 10:14:44,596 - Knowledge - INFO - process ingested knowledge for /app/data/b2c/156786/b5961k4/mern-ecommerce-156786/client/app/containers/Sell/index.js
2025-08-13 10:14:44,687 - Knowledge - INFO - Found code_base: <app.utils.kg_build.knowledge.KnowledgeCodeBase object at 0x7fdc0fcfba90>
2025-08-13 10:14:45,373 - Knowledge - INFO - persist ingested knowledge for /app/data/b2c/156786/b5961k4/mern-ecommerce-156786/client/app/components/Manager/AddMerchant/index.js
2025-08-13 10:14:44,859 - Knowledge - INFO - persist ingested knowledge for /app/data/b2c/156786/b5961k4/mern-ecommerce-156786/client/app/components/Manager/OrderMeta/index.js
2025-08-13 10:14:45,169 - Knowledge - INFO - persist ingested knowledge for /app/data/b2c/156786/b5961k4/mern-ecommerce-156786/client/app/components/Manager/EditProduct/index.js
2025-08-13 10:14:44,827 - Knowledge - INFO - adding /app/data/b2c/156786/b5961k4/mern-ecommerce-156786/client/app/components/Manager/Support/index.js to ingest queue
2025-08-13 10:14:45,803 - Knowledge - INFO - worker kw21 pull /app/data/b2c/156786/b5961k4/mern-ecommerce-156786/client/app/containers/Navigation/constants.js from ingest queue
2025-08-13 10:14:45,804 - Knowledge - INFO - Found code-base-name: https://github.com/kavia-common/mern-ecommerce-156786.git:kavia-master
2025-08-13 10:14:45,804 - Knowledge - INFO - Found code-base-name: https://github.com/kavia-common/mern-ecommerce-156786.git:kavia-master
2025-08-13 10:14:45,804 - Knowledge - INFO - worker kw19 pull /app/data/b2c/156786/b5961k4/mern-ecommerce-156786/client/app/containers/Navigation/actions.js from ingest queue
2025-08-13 10:14:45,950 - Knowledge - INFO - process ingested knowledge for /app/data/b2c/156786/b5961k4/mern-ecommerce-156786/client/app/containers/Navigation/constants.js
2025-08-13 10:14:45,977 - Knowledge - INFO - worker kw6 pull /app/data/b2c/156786/b5961k4/mern-ecommerce-156786/client/app/containers/Navigation/reducer.js from ingest queue
2025-08-13 10:14:45,977 - Knowledge - INFO - adding /app/data/b2c/156786/b5961k4/mern-ecommerce-156786/client/app/components/Manager/OrderSummary/index.js to ingest queue
2025-08-13 10:14:46,003 - Knowledge - INFO - Found code_base: <app.utils.kg_build.knowledge.KnowledgeCodeBase object at 0x7fdc0fcfba90>
2025-08-13 10:14:46,121 - Knowledge - INFO - Found code_base: <app.utils.kg_build.knowledge.KnowledgeCodeBase object at 0x7fdc0fcfba90>
2025-08-13 10:14:46,740 - Knowledge - INFO - persist ingested knowledge for /app/data/b2c/156786/b5961k4/mern-ecommerce-156786/client/app/components/Manager/SubPage/index.js
2025-08-13 10:14:46,456 - Knowledge - INFO - process ingested knowledge for /app/data/b2c/156786/b5961k4/mern-ecommerce-156786/client/app/containers/Navigation/reducer.js
2025-08-13 10:14:46,581 - Knowledge - INFO - adding /app/data/b2c/156786/b5961k4/mern-ecommerce-156786/client/app/components/Manager/Support/UserList.js to ingest queue
2025-08-13 10:14:46,638 - Knowledge - INFO - persist ingested knowledge for /app/data/b2c/156786/b5961k4/mern-ecommerce-156786/client/app/components/Manager/AddAddress/index.js
2025-08-13 10:14:46,273 - Knowledge - INFO - process ingested knowledge for /app/data/b2c/156786/b5961k4/mern-ecommerce-156786/client/app/containers/Navigation/actions.js
2025-08-13 10:14:46,994 - Knowledge - INFO - adding /app/data/b2c/156786/b5961k4/mern-ecommerce-156786/client/app/components/Manager/ProductList/index.js to ingest queue
2025-08-13 10:14:47,267 - Knowledge - INFO - worker kw16 pull /app/data/b2c/156786/b5961k4/mern-ecommerce-156786/client/app/containers/Navigation/index.js from ingest queue
2025-08-13 10:14:47,268 - Knowledge - INFO - adding /app/data/b2c/156786/b5961k4/mern-ecommerce-156786/client/app/components/Manager/UserList/index.js to ingest queue
2025-08-13 10:14:47,463 - Knowledge - INFO - worker kw3 pull /app/data/b2c/156786/b5961k4/mern-ecommerce-156786/client/app/containers/Dashboard/constants.js from ingest queue
2025-08-13 10:14:47,397 - Knowledge - INFO - process ingested knowledge for /app/data/b2c/156786/b5961k4/mern-ecommerce-156786/client/app/containers/Navigation/index.js
2025-08-13 10:14:47,611 - Knowledge - INFO - process ingested knowledge for /app/data/b2c/156786/b5961k4/mern-ecommerce-156786/client/app/containers/Dashboard/constants.js
2025-08-13 10:14:47,640 - Knowledge - INFO - adding /app/data/b2c/156786/b5961k4/mern-ecommerce-156786/client/app/components/Manager/EditProduct/index.js to ingest queue
2025-08-13 10:14:47,860 - Knowledge - INFO - Found code-base-name: https://github.com/kavia-common/mern-ecommerce-156786.git:kavia-master
2025-08-13 10:14:47,921 - Knowledge - INFO - adding /app/data/b2c/156786/b5961k4/mern-ecommerce-156786/client/app/components/Manager/WishList/index.js to ingest queue
2025-08-13 10:14:47,944 - Knowledge - INFO - Found code_base: <app.utils.kg_build.knowledge.KnowledgeCodeBase object at 0x7fdc0fcfba90>
2025-08-13 10:14:48,029 - Knowledge - INFO - adding /app/data/b2c/156786/b5961k4/mern-ecommerce-156786/client/app/components/Manager/AddCategory/index.js to ingest queue
2025-08-13 10:14:48,120 - Knowledge - INFO - persist ingested knowledge for /app/data/b2c/156786/b5961k4/mern-ecommerce-156786/client/app/containers/Authentication/constants.js
2025-08-13 10:14:48,231 - Knowledge - INFO - adding /app/data/b2c/156786/b5961k4/mern-ecommerce-156786/client/app/components/Manager/Support/AddMessage.js to ingest queue
2025-08-13 10:14:48,465 - Knowledge - INFO - adding /app/data/b2c/156786/b5961k4/mern-ecommerce-156786/client/app/components/Manager/BrandList/index.js to ingest queue
2025-08-13 10:14:48,547 - Knowledge - INFO - Found code-base-name: https://github.com/kavia-common/mern-ecommerce-156786.git:kavia-master
2025-08-13 10:14:48,548 - Knowledge - INFO - worker kw5 pull /app/data/b2c/156786/b5961k4/mern-ecommerce-156786/client/app/containers/Dashboard/actions.js from ingest queue
2025-08-13 10:14:48,549 - Knowledge - INFO - worker kw12 pull /app/data/b2c/156786/b5961k4/mern-ecommerce-156786/client/app/containers/Dashboard/links.json from ingest queue
2025-08-13 10:14:48,549 - Knowledge - INFO - adding /app/data/b2c/156786/b5961k4/mern-ecommerce-156786/client/app/components/Manager/UserRole/index.js to ingest queue
2025-08-13 10:14:48,658 - Knowledge - INFO - Found code_base: <app.utils.kg_build.knowledge.KnowledgeCodeBase object at 0x7fdc0fcfba90>
2025-08-13 10:14:48,798 - Knowledge - INFO - process ingested knowledge for /app/data/b2c/156786/b5961k4/mern-ecommerce-156786/client/app/containers/Dashboard/actions.js
2025-08-13 10:14:48,920 - Knowledge - INFO - process ingested knowledge for /app/data/b2c/156786/b5961k4/mern-ecommerce-156786/client/app/containers/Dashboard/links.json
2025-08-13 10:14:48,962 - Knowledge - INFO - Found code-base-name: https://github.com/kavia-common/mern-ecommerce-156786.git:kavia-master
2025-08-13 10:14:48,962 - Knowledge - INFO - worker kw4 pull /app/data/b2c/156786/b5961k4/mern-ecommerce-156786/client/app/containers/Dashboard/reducer.js from ingest queue
2025-08-13 10:14:49,028 - Knowledge - INFO - worker kw9 pull /app/data/b2c/156786/b5961k4/mern-ecommerce-156786/client/app/containers/Dashboard/index.js from ingest queue
2025-08-13 10:14:49,028 - Knowledge - INFO - Found code-base-name: https://github.com/kavia-common/mern-ecommerce-156786.git:kavia-master
2025-08-13 10:14:49,728 - Knowledge - INFO - Found code_base: <app.utils.kg_build.knowledge.KnowledgeCodeBase object at 0x7fdc0fcfba90>
2025-08-13 10:14:49,029 - Knowledge - INFO - adding /app/data/b2c/156786/b5961k4/mern-ecommerce-156786/client/app/components/Manager/AddMerchant/index.js to ingest queue
2025-08-13 10:14:49,053 - Knowledge - INFO - persist ingested knowledge for /app/data/b2c/156786/b5961k4/mern-ecommerce-156786/client/app/containers/Navigation/constants.js
2025-08-13 10:14:49,374 - Knowledge - INFO - Found code_base: <app.utils.kg_build.knowledge.KnowledgeCodeBase object at 0x7fdc0fcfba90>
2025-08-13 10:14:49,573 - Knowledge - INFO - process ingested knowledge for /app/data/b2c/156786/b5961k4/mern-ecommerce-156786/client/app/containers/Dashboard/reducer.js
2025-08-13 10:14:49,667 - Knowledge - INFO - process ingested knowledge for /app/data/b2c/156786/b5961k4/mern-ecommerce-156786/client/app/containers/Dashboard/index.js
2025-08-13 10:14:49,029 - Knowledge - INFO - Found code-base-name: https://github.com/kavia-common/mern-ecommerce-156786.git:kavia-master
2025-08-13 10:14:49,811 - Knowledge - INFO - persist ingested knowledge for /app/data/b2c/156786/b5961k4/mern-ecommerce-156786/client/app/containers/Sell/index.js
2025-08-13 10:14:49,895 - Knowledge - INFO - adding /app/data/b2c/156786/b5961k4/mern-ecommerce-156786/client/app/components/Manager/OrderMeta/index.js to ingest queue
2025-08-13 10:14:50,101 - Knowledge - INFO - persist ingested knowledge for /app/data/b2c/156786/b5961k4/mern-ecommerce-156786/client/app/containers/Navigation/reducer.js
2025-08-13 10:14:50,420 - Knowledge - INFO - Found code_base: <app.utils.kg_build.knowledge.KnowledgeCodeBase object at 0x7fdc0fcfba90>
2025-08-13 10:14:50,616 - Knowledge - INFO - worker kw24 pull /app/data/b2c/156786/b5961k4/mern-ecommerce-156786/client/app/containers/MerchantSignup/index.js from ingest queue
2025-08-13 10:14:50,617 - Knowledge - INFO - Found code-base-name: https://github.com/kavia-common/mern-ecommerce-156786.git:kavia-master
2025-08-13 10:14:50,618 - Knowledge - INFO - worker kw2 pull /app/data/b2c/156786/b5961k4/mern-ecommerce-156786/client/app/containers/CategoryShop/index.js from ingest queue
2025-08-13 10:14:50,618 - Knowledge - INFO - worker kw25 pull /app/data/b2c/156786/b5961k4/mern-ecommerce-156786/client/app/containers/BrandsShop/index.js from ingest queue
2025-08-13 10:14:50,728 - Knowledge - INFO - Found code-base-name: https://github.com/kavia-common/mern-ecommerce-156786.git:kavia-master
2025-08-13 10:14:50,728 - Knowledge - INFO - worker kw11 pull /app/data/b2c/156786/b5961k4/mern-ecommerce-156786/client/app/containers/Application/constants.js from ingest queue
2025-08-13 10:14:50,728 - Knowledge - INFO - Found code-base-name: https://github.com/kavia-common/mern-ecommerce-156786.git:kavia-master
2025-08-13 10:14:50,728 - Knowledge - INFO - Found code-base-name: https://github.com/kavia-common/mern-ecommerce-156786.git:kavia-master
2025-08-13 10:14:50,728 - Knowledge - INFO - Found code-base-name: https://github.com/kavia-common/mern-ecommerce-156786.git:kavia-master
2025-08-13 10:14:50,729 - Knowledge - INFO - Found code-base-name: https://github.com/kavia-common/mern-ecommerce-156786.git:kavia-master
2025-08-13 10:14:50,729 - Knowledge - INFO - worker kw15 pull /app/data/b2c/156786/b5961k4/mern-ecommerce-156786/client/app/containers/Application/actions.js from ingest queue
2025-08-13 10:14:50,796 - Knowledge - INFO - Found code-base-name: https://github.com/kavia-common/mern-ecommerce-156786.git:kavia-master
2025-08-13 10:14:50,822 - Knowledge - INFO - persist ingested knowledge for /app/data/b2c/156786/b5961k4/mern-ecommerce-156786/client/app/containers/Authentication/reducer.js
2025-08-13 10:14:50,857 - Knowledge - INFO - Found code-base-name: https://github.com/kavia-common/mern-ecommerce-156786.git:kavia-master
2025-08-13 10:14:50,857 - Knowledge - INFO - worker kw14 pull /app/data/b2c/156786/b5961k4/mern-ecommerce-156786/client/app/containers/Application/reducer.js from ingest queue
2025-08-13 10:14:50,857 - Knowledge - INFO - adding /app/data/b2c/156786/b5961k4/mern-ecommerce-156786/client/app/components/Manager/AccountDetails/index.js to ingest queue
2025-08-13 10:14:50,969 - Knowledge - INFO - process ingested knowledge for /app/data/b2c/156786/b5961k4/mern-ecommerce-156786/client/app/containers/MerchantSignup/index.js
2025-08-13 10:14:51,047 - Knowledge - INFO - Found code_base: <app.utils.kg_build.knowledge.KnowledgeCodeBase object at 0x7fdc0fcfba90>
2025-08-13 10:14:51,164 - Knowledge - INFO - process ingested knowledge for /app/data/b2c/156786/b5961k4/mern-ecommerce-156786/client/app/containers/CategoryShop/index.js
2025-08-13 10:14:51,251 - Knowledge - INFO - process ingested knowledge for /app/data/b2c/156786/b5961k4/mern-ecommerce-156786/client/app/containers/BrandsShop/index.js
2025-08-13 10:14:51,308 - Knowledge - INFO - Found code_base: <app.utils.kg_build.knowledge.KnowledgeCodeBase object at 0x7fdc0fcfba90>
2025-08-13 10:14:51,441 - Knowledge - INFO - process ingested knowledge for /app/data/b2c/156786/b5961k4/mern-ecommerce-156786/client/app/containers/Application/constants.js
2025-08-13 10:14:51,521 - Knowledge - INFO - Found code_base: <app.utils.kg_build.knowledge.KnowledgeCodeBase object at 0x7fdc0fcfba90>
2025-08-13 10:14:51,595 - Knowledge - INFO - Found code_base: <app.utils.kg_build.knowledge.KnowledgeCodeBase object at 0x7fdc0fcfba90>
2025-08-13 10:14:51,683 - Knowledge - INFO - Found code_base: <app.utils.kg_build.knowledge.KnowledgeCodeBase object at 0x7fdc0fcfba90>
2025-08-13 10:14:53,231 - Knowledge - INFO - persist ingested knowledge for /app/data/b2c/156786/b5961k4/mern-ecommerce-156786/client/app/containers/Dashboard/actions.js
2025-08-13 10:14:51,920 - Knowledge - INFO - process ingested knowledge for /app/data/b2c/156786/b5961k4/mern-ecommerce-156786/client/app/containers/Application/actions.js
2025-08-13 10:14:51,983 - Knowledge - INFO - Found code_base: <app.utils.kg_build.knowledge.KnowledgeCodeBase object at 0x7fdc0fcfba90>
2025-08-13 10:14:52,160 - Knowledge - INFO - Found code_base: <app.utils.kg_build.knowledge.KnowledgeCodeBase object at 0x7fdc0fcfba90>
2025-08-13 10:14:52,284 - Knowledge - INFO - process ingested knowledge for /app/data/b2c/156786/b5961k4/mern-ecommerce-156786/client/app/containers/Application/reducer.js
2025-08-13 10:14:52,368 - Knowledge - INFO - worker kw18 pull /app/data/b2c/156786/b5961k4/mern-ecommerce-156786/client/app/containers/Application/index.js from ingest queue
2025-08-13 10:14:52,370 - Knowledge - INFO - adding /app/data/b2c/156786/b5961k4/mern-ecommerce-156786/client/app/containers/Authentication/constants.js to ingest queue
2025-08-13 10:14:52,543 - Knowledge - INFO - persist ingested knowledge for /app/data/b2c/156786/b5961k4/mern-ecommerce-156786/client/app/containers/Navigation/index.js
2025-08-13 10:14:52,831 - Knowledge - INFO - persist ingested knowledge for /app/data/b2c/156786/b5961k4/mern-ecommerce-156786/client/app/containers/Authentication/actions.js
2025-08-13 10:14:53,023 - Knowledge - INFO - persist ingested knowledge for /app/data/b2c/156786/b5961k4/mern-ecommerce-156786/client/app/containers/Navigation/actions.js
2025-08-13 10:14:53,139 - Knowledge - INFO - persist ingested knowledge for /app/data/b2c/156786/b5961k4/mern-ecommerce-156786/client/app/containers/Authentication/index.js
2025-08-13 10:14:51,763 - Knowledge - INFO - Found code_base: <app.utils.kg_build.knowledge.KnowledgeCodeBase object at 0x7fdc0fcfba90>
2025-08-13 10:14:53,524 - Knowledge - INFO - persist ingested knowledge for /app/data/b2c/156786/b5961k4/mern-ecommerce-156786/client/app/containers/Dashboard/index.js
2025-08-13 10:14:53,636 - Knowledge - INFO - persist ingested knowledge for /app/data/b2c/156786/b5961k4/mern-ecommerce-156786/client/app/containers/Dashboard/constants.js
2025-08-13 10:14:53,865 - Knowledge - INFO - process ingested knowledge for /app/data/b2c/156786/b5961k4/mern-ecommerce-156786/client/app/containers/Application/index.js
2025-08-13 10:14:53,908 - Knowledge - INFO - adding /app/data/b2c/156786/b5961k4/mern-ecommerce-156786/client/app/components/Manager/SubPage/index.js to ingest queue
2025-08-13 10:14:54,829 - Knowledge - INFO - adding /app/data/b2c/156786/b5961k4/mern-ecommerce-156786/client/app/components/Manager/AddAddress/index.js to ingest queue
2025-08-13 10:14:54,436 - Knowledge - INFO - persist ingested knowledge for /app/data/b2c/156786/b5961k4/mern-ecommerce-156786/client/app/containers/Dashboard/links.json
2025-08-13 10:14:54,944 - Knowledge - INFO - Found code-base-name: https://github.com/kavia-common/mern-ecommerce-156786.git:kavia-master
2025-08-13 10:14:54,944 - Knowledge - INFO - adding /app/data/b2c/156786/b5961k4/mern-ecommerce-156786/client/app/containers/Navigation/constants.js to ingest queue
2025-08-13 10:14:55,279 - Knowledge - INFO - adding /app/data/b2c/156786/b5961k4/mern-ecommerce-156786/client/app/containers/Sell/index.js to ingest queue
2025-08-13 10:14:55,187 - Knowledge - INFO - Found code_base: <app.utils.kg_build.knowledge.KnowledgeCodeBase object at 0x7fdc0fcfba90>
2025-08-13 10:14:55,373 - Knowledge - INFO - worker kw23 pull /app/data/b2c/156786/b5961k4/mern-ecommerce-156786/client/app/containers/ForgotPassword/constants.js from ingest queue
2025-08-13 10:14:55,374 - Knowledge - INFO - worker kw17 pull /app/data/b2c/156786/b5961k4/mern-ecommerce-156786/client/app/containers/ForgotPassword/actions.js from ingest queue
2025-08-13 10:14:55,446 - Knowledge - INFO - Found code-base-name: https://github.com/kavia-common/mern-ecommerce-156786.git:kavia-master
2025-08-13 10:14:55,446 - Knowledge - INFO - Found code-base-name: https://github.com/kavia-common/mern-ecommerce-156786.git:kavia-master
2025-08-13 10:14:55,447 - Knowledge - INFO - Found code-base-name: https://github.com/kavia-common/mern-ecommerce-156786.git:kavia-master
2025-08-13 10:14:55,447 - Knowledge - INFO - Found code-base-name: https://github.com/kavia-common/mern-ecommerce-156786.git:kavia-master
2025-08-13 10:14:55,453 - Knowledge - INFO - persist ingested knowledge for /app/data/b2c/156786/b5961k4/mern-ecommerce-156786/client/app/containers/Dashboard/reducer.js
2025-08-13 10:14:55,509 - Knowledge - INFO - Found code-base-name: https://github.com/kavia-common/mern-ecommerce-156786.git:kavia-master
2025-08-13 10:14:56,226 - Knowledge - INFO - Found code_base: <app.utils.kg_build.knowledge.KnowledgeCodeBase object at 0x7fdc0fcfba90>
2025-08-13 10:14:55,509 - Knowledge - INFO - worker kw13 pull /app/data/b2c/156786/b5961k4/mern-ecommerce-156786/client/app/containers/ForgotPassword/reducer.js from ingest queue
2025-08-13 10:14:55,641 - Knowledge - INFO - process ingested knowledge for /app/data/b2c/156786/b5961k4/mern-ecommerce-156786/client/app/containers/ForgotPassword/constants.js
2025-08-13 10:14:55,699 - Knowledge - INFO - process ingested knowledge for /app/data/b2c/156786/b5961k4/mern-ecommerce-156786/client/app/containers/ForgotPassword/actions.js
2025-08-13 10:14:55,765 - Knowledge - INFO - Found code_base: <app.utils.kg_build.knowledge.KnowledgeCodeBase object at 0x7fdc0fcfba90>
2025-08-13 10:14:55,804 - Knowledge - INFO - Found code-base-name: https://github.com/kavia-common/mern-ecommerce-156786.git:kavia-master
2025-08-13 10:14:55,804 - Knowledge - INFO - worker kw7 pull /app/data/b2c/156786/b5961k4/mern-ecommerce-156786/client/app/containers/ForgotPassword/index.js from ingest queue
2025-08-13 10:14:55,858 - Knowledge - INFO - worker kw21 pull /app/data/b2c/156786/b5961k4/mern-ecommerce-156786/client/app/containers/Contact/constants.js from ingest queue
2025-08-13 10:14:55,875 - Knowledge - INFO - Found code_base: <app.utils.kg_build.knowledge.KnowledgeCodeBase object at 0x7fdc0fcfba90>
2025-08-13 10:14:55,922 - Knowledge - INFO - adding /app/data/b2c/156786/b5961k4/mern-ecommerce-156786/client/app/containers/Authentication/reducer.js to ingest queue
2025-08-13 10:14:55,948 - Knowledge - INFO - Found code_base: <app.utils.kg_build.knowledge.KnowledgeCodeBase object at 0x7fdc0fcfba90>
2025-08-13 10:14:56,040 - Knowledge - INFO - Found code_base: <app.utils.kg_build.knowledge.KnowledgeCodeBase object at 0x7fdc0fcfba90>
2025-08-13 10:14:55,509 - Knowledge - INFO - Found code-base-name: https://github.com/kavia-common/mern-ecommerce-156786.git:kavia-master
2025-08-13 10:14:56,334 - Knowledge - INFO - persist ingested knowledge for /app/data/b2c/156786/b5961k4/mern-ecommerce-156786/client/app/containers/Application/actions.js
2025-08-13 10:14:56,471 - Knowledge - INFO - process ingested knowledge for /app/data/b2c/156786/b5961k4/mern-ecommerce-156786/client/app/containers/ForgotPassword/reducer.js
2025-08-13 10:14:56,752 - Knowledge - INFO - persist ingested knowledge for /app/data/b2c/156786/b5961k4/mern-ecommerce-156786/client/app/containers/MerchantSignup/index.js
2025-08-13 10:14:56,874 - Knowledge - INFO - Found code_base: <app.utils.kg_build.knowledge.KnowledgeCodeBase object at 0x7fdc0fcfba90>
2025-08-13 10:14:58,004 - Knowledge - INFO - persist ingested knowledge for /app/data/b2c/156786/b5961k4/mern-ecommerce-156786/client/app/containers/Application/index.js
2025-08-13 10:14:57,110 - Knowledge - INFO - process ingested knowledge for /app/data/b2c/156786/b5961k4/mern-ecommerce-156786/client/app/containers/Contact/constants.js
2025-08-13 10:14:57,183 - Knowledge - INFO - persist ingested knowledge for /app/data/b2c/156786/b5961k4/mern-ecommerce-156786/client/app/containers/CategoryShop/index.js
2025-08-13 10:14:57,300 - Knowledge - INFO - adding /app/data/b2c/156786/b5961k4/mern-ecommerce-156786/client/app/containers/Dashboard/actions.js to ingest queue
2025-08-13 10:14:57,396 - Knowledge - INFO - persist ingested knowledge for /app/data/b2c/156786/b5961k4/mern-ecommerce-156786/client/app/containers/BrandsShop/index.js
2025-08-13 10:14:57,483 - Knowledge - INFO - persist ingested knowledge for /app/data/b2c/156786/b5961k4/mern-ecommerce-156786/client/app/containers/Application/constants.js
2025-08-13 10:14:57,607 - Knowledge - INFO - Found code_base: <app.utils.kg_build.knowledge.KnowledgeCodeBase object at 0x7fdc0fcfba90>
2025-08-13 10:14:57,007 - Knowledge - INFO - process ingested knowledge for /app/data/b2c/156786/b5961k4/mern-ecommerce-156786/client/app/containers/ForgotPassword/index.js
2025-08-13 10:14:58,445 - Knowledge - INFO - adding /app/data/b2c/156786/b5961k4/mern-ecommerce-156786/client/app/containers/Navigation/index.js to ingest queue
2025-08-13 10:14:58,699 - Knowledge - INFO - persist ingested knowledge for /app/data/b2c/156786/b5961k4/mern-ecommerce-156786/client/app/containers/Application/reducer.js
2025-08-13 10:14:58,912 - Knowledge - INFO - adding /app/data/b2c/156786/b5961k4/mern-ecommerce-156786/client/app/containers/Navigation/actions.js to ingest queue
2025-08-13 10:14:59,073 - Knowledge - INFO - adding /app/data/b2c/156786/b5961k4/mern-ecommerce-156786/client/app/containers/Authentication/index.js to ingest queue
2025-08-13 10:14:59,165 - Knowledge - INFO - adding /app/data/b2c/156786/b5961k4/mern-ecommerce-156786/client/app/containers/Dashboard/index.js to ingest queue
2025-08-13 10:14:59,240 - Knowledge - INFO - adding /app/data/b2c/156786/b5961k4/mern-ecommerce-156786/client/app/containers/Dashboard/constants.js to ingest queue
2025-08-13 10:14:59,337 - Knowledge - INFO - worker kw10 pull /app/data/b2c/156786/b5961k4/mern-ecommerce-156786/client/app/containers/Contact/actions.js from ingest queue
2025-08-13 10:14:59,338 - Knowledge - INFO - adding /app/data/b2c/156786/b5961k4/mern-ecommerce-156786/client/app/containers/Dashboard/links.json to ingest queue
2025-08-13 10:14:59,505 - Knowledge - INFO - process ingested knowledge for /app/data/b2c/156786/b5961k4/mern-ecommerce-156786/client/app/containers/Contact/actions.js
2025-08-13 10:14:59,559 - Knowledge - INFO - adding /app/data/b2c/156786/b5961k4/mern-ecommerce-156786/client/app/containers/Navigation/reducer.js to ingest queue
2025-08-13 10:14:59,841 - Knowledge - INFO - Found code-base-name: https://github.com/kavia-common/mern-ecommerce-156786.git:kavia-master
2025-08-13 10:14:59,841 - Knowledge - INFO - Found code-base-name: https://github.com/kavia-common/mern-ecommerce-156786.git:kavia-master
2025-08-13 10:14:59,842 - Knowledge - INFO - worker kw8 pull /app/data/b2c/156786/b5961k4/mern-ecommerce-156786/client/app/containers/Contact/reducer.js from ingest queue
2025-08-13 10:14:59,932 - Knowledge - INFO - Found code_base: <app.utils.kg_build.knowledge.KnowledgeCodeBase object at 0x7fdc0fcfba90>
2025-08-13 10:15:00,014 - Knowledge - INFO - Found code-base-name: https://github.com/kavia-common/mern-ecommerce-156786.git:kavia-master
2025-08-13 10:15:00,048 - Knowledge - INFO - Found code_base: <app.utils.kg_build.knowledge.KnowledgeCodeBase object at 0x7fdc0fcfba90>
2025-08-13 10:15:00,067 - Knowledge - INFO - worker kw5 pull /app/data/b2c/156786/b5961k4/mern-ecommerce-156786/client/app/containers/Contact/index.js from ingest queue
2025-08-13 10:15:00,068 - Knowledge - INFO - adding /app/data/b2c/156786/b5961k4/mern-ecommerce-156786/client/app/containers/Authentication/actions.js to ingest queue
2025-08-13 10:15:00,167 - Knowledge - INFO - process ingested knowledge for /app/data/b2c/156786/b5961k4/mern-ecommerce-156786/client/app/containers/Contact/reducer.js
2025-08-13 10:15:00,227 - Knowledge - INFO - persist ingested knowledge for /app/data/b2c/156786/b5961k4/mern-ecommerce-156786/client/app/containers/ForgotPassword/constants.js
2025-08-13 10:15:00,326 - Knowledge - INFO - Found code_base: <app.utils.kg_build.knowledge.KnowledgeCodeBase object at 0x7fdc0fcfba90>
2025-08-13 10:15:00,411 - Knowledge - INFO - persist ingested knowledge for /app/data/b2c/156786/b5961k4/mern-ecommerce-156786/client/app/containers/ForgotPassword/actions.js
2025-08-13 10:15:00,572 - Knowledge - INFO - process ingested knowledge for /app/data/b2c/156786/b5961k4/mern-ecommerce-156786/client/app/containers/Contact/index.js
2025-08-13 10:15:00,680 - Knowledge - INFO - Found code-base-name: https://github.com/kavia-common/mern-ecommerce-156786.git:kavia-master
2025-08-13 10:15:00,680 - Knowledge - INFO - worker kw16 pull /app/data/b2c/156786/b5961k4/mern-ecommerce-156786/client/app/containers/Order/constants.js from ingest queue
2025-08-13 10:15:00,681 - Knowledge - INFO - worker kw19 pull /app/data/b2c/156786/b5961k4/mern-ecommerce-156786/client/app/containers/Order/actions.js from ingest queue
2025-08-13 10:15:00,681 - Knowledge - INFO - worker kw20 pull /app/data/b2c/156786/b5961k4/mern-ecommerce-156786/client/app/containers/Order/reducer.js from ingest queue
2025-08-13 10:15:00,681 - Knowledge - INFO - worker kw22 pull /app/data/b2c/156786/b5961k4/mern-ecommerce-156786/client/app/containers/Order/Customer.js from ingest queue
2025-08-13 10:15:00,681 - Knowledge - INFO - Found code-base-name: https://github.com/kavia-common/mern-ecommerce-156786.git:kavia-master
2025-08-13 10:15:00,681 - Knowledge - INFO - worker kw6 pull /app/data/b2c/156786/b5961k4/mern-ecommerce-156786/client/app/containers/Order/index.js from ingest queue
2025-08-13 10:15:00,681 - Knowledge - INFO - adding /app/data/b2c/156786/b5961k4/mern-ecommerce-156786/client/app/containers/Dashboard/reducer.js to ingest queue
2025-08-13 10:15:00,881 - Knowledge - INFO - persist ingested knowledge for /app/data/b2c/156786/b5961k4/mern-ecommerce-156786/client/app/containers/Contact/constants.js
2025-08-13 10:15:01,149 - Knowledge - INFO - Found code_base: <app.utils.kg_build.knowledge.KnowledgeCodeBase object at 0x7fdc0fcfba90>
2025-08-13 10:15:01,269 - Knowledge - INFO - process ingested knowledge for /app/data/b2c/156786/b5961k4/mern-ecommerce-156786/client/app/containers/Order/constants.js
2025-08-13 10:15:01,386 - Knowledge - INFO - process ingested knowledge for /app/data/b2c/156786/b5961k4/mern-ecommerce-156786/client/app/containers/Order/actions.js
2025-08-13 10:15:01,496 - Knowledge - INFO - process ingested knowledge for /app/data/b2c/156786/b5961k4/mern-ecommerce-156786/client/app/containers/Order/reducer.js
2025-08-13 10:15:01,612 - Knowledge - INFO - process ingested knowledge for /app/data/b2c/156786/b5961k4/mern-ecommerce-156786/client/app/containers/Order/Customer.js
2025-08-13 10:15:01,670 - Knowledge - INFO - Found code_base: <app.utils.kg_build.knowledge.KnowledgeCodeBase object at 0x7fdc0fcfba90>
2025-08-13 10:15:02,518 - Knowledge - INFO - persist ingested knowledge for /app/data/b2c/156786/b5961k4/mern-ecommerce-156786/client/app/containers/Contact/actions.js
2025-08-13 10:15:01,867 - Knowledge - INFO - adding /app/data/b2c/156786/b5961k4/mern-ecommerce-156786/client/app/containers/Application/actions.js to ingest queue
2025-08-13 10:15:02,029 - Knowledge - INFO - persist ingested knowledge for /app/data/b2c/156786/b5961k4/mern-ecommerce-156786/client/app/containers/ForgotPassword/index.js
2025-08-13 10:15:01,801 - Knowledge - INFO - process ingested knowledge for /app/data/b2c/156786/b5961k4/mern-ecommerce-156786/client/app/containers/Order/index.js
2025-08-13 10:15:02,735 - Knowledge - INFO - adding /app/data/b2c/156786/b5961k4/mern-ecommerce-156786/client/app/containers/MerchantSignup/index.js to ingest queue
2025-08-13 10:15:03,081 - Knowledge - INFO - adding /app/data/b2c/156786/b5961k4/mern-ecommerce-156786/client/app/containers/Application/index.js to ingest queue
2025-08-13 10:15:03,238 - Knowledge - INFO - adding /app/data/b2c/156786/b5961k4/mern-ecommerce-156786/client/app/containers/CategoryShop/index.js to ingest queue
2025-08-13 10:15:03,358 - Knowledge - INFO - worker kw1 pull /app/data/b2c/156786/b5961k4/mern-ecommerce-156786/client/app/containers/Order/List.js from ingest queue
2025-08-13 10:15:03,360 - Knowledge - INFO - adding /app/data/b2c/156786/b5961k4/mern-ecommerce-156786/client/app/containers/Application/constants.js to ingest queue
2025-08-13 10:15:03,494 - Knowledge - INFO - process ingested knowledge for /app/data/b2c/156786/b5961k4/mern-ecommerce-156786/client/app/containers/Order/List.js
2025-08-13 10:15:03,541 - Knowledge - INFO - worker kw9 pull /app/data/b2c/156786/b5961k4/mern-ecommerce-156786/client/app/containers/Merchant/constants.js from ingest queue
2025-08-13 10:15:03,542 - Knowledge - INFO - worker kw12 pull /app/data/b2c/156786/b5961k4/mern-ecommerce-156786/client/app/containers/Merchant/Add.js from ingest queue
2025-08-13 10:15:03,542 - Knowledge - INFO - Found code-base-name: https://github.com/kavia-common/mern-ecommerce-156786.git:kavia-master
2025-08-13 10:15:03,662 - Knowledge - INFO - Found code-base-name: https://github.com/kavia-common/mern-ecommerce-156786.git:kavia-master
2025-08-13 10:15:04,043 - Knowledge - INFO - Found code_base: <app.utils.kg_build.knowledge.KnowledgeCodeBase object at 0x7fdc0fcfba90>
2025-08-13 10:15:03,715 - Knowledge - INFO - Found code-base-name: https://github.com/kavia-common/mern-ecommerce-156786.git:kavia-master
2025-08-13 10:15:03,715 - Knowledge - INFO - Found code-base-name: https://github.com/kavia-common/mern-ecommerce-156786.git:kavia-master
2025-08-13 10:15:03,715 - Knowledge - INFO - Found code-base-name: https://github.com/kavia-common/mern-ecommerce-156786.git:kavia-master
2025-08-13 10:15:03,742 - Knowledge - INFO - process ingested knowledge for /app/data/b2c/156786/b5961k4/mern-ecommerce-156786/client/app/containers/Merchant/constants.js
2025-08-13 10:15:03,766 - Knowledge - INFO - worker kw15 pull /app/data/b2c/156786/b5961k4/mern-ecommerce-156786/client/app/containers/Merchant/reducer.js from ingest queue
2025-08-13 10:15:03,820 - Knowledge - INFO - worker kw24 pull /app/data/b2c/156786/b5961k4/mern-ecommerce-156786/client/app/containers/Merchant/index.js from ingest queue
2025-08-13 10:15:03,820 - Knowledge - INFO - adding /app/data/b2c/156786/b5961k4/mern-ecommerce-156786/client/app/containers/BrandsShop/index.js to ingest queue
2025-08-13 10:15:03,870 - Knowledge - INFO - process ingested knowledge for /app/data/b2c/156786/b5961k4/mern-ecommerce-156786/client/app/containers/Merchant/Add.js
2025-08-13 10:15:03,952 - Knowledge - INFO - Found code_base: <app.utils.kg_build.knowledge.KnowledgeCodeBase object at 0x7fdc0fcfba90>
2025-08-13 10:15:03,663 - Knowledge - INFO - worker kw4 pull /app/data/b2c/156786/b5961k4/mern-ecommerce-156786/client/app/containers/Merchant/actions.js from ingest queue
2025-08-13 10:15:04,129 - Knowledge - INFO - persist ingested knowledge for /app/data/b2c/156786/b5961k4/mern-ecommerce-156786/client/app/containers/Contact/index.js
2025-08-13 10:15:04,218 - Knowledge - INFO - Found code_base: <app.utils.kg_build.knowledge.KnowledgeCodeBase object at 0x7fdc0fcfba90>
2025-08-13 10:15:04,310 - Knowledge - INFO - Found code_base: <app.utils.kg_build.knowledge.KnowledgeCodeBase object at 0x7fdc0fcfba90>
2025-08-13 10:15:04,386 - Knowledge - INFO - Found code_base: <app.utils.kg_build.knowledge.KnowledgeCodeBase object at 0x7fdc0fcfba90>
2025-08-13 10:15:04,629 - Knowledge - INFO - process ingested knowledge for /app/data/b2c/156786/b5961k4/mern-ecommerce-156786/client/app/containers/Merchant/reducer.js
2025-08-13 10:15:04,728 - Knowledge - INFO - process ingested knowledge for /app/data/b2c/156786/b5961k4/mern-ecommerce-156786/client/app/containers/Merchant/index.js
2025-08-13 10:15:04,830 - Knowledge - INFO - worker kw2 pull /app/data/b2c/156786/b5961k4/mern-ecommerce-156786/client/app/containers/Merchant/List.js from ingest queue
2025-08-13 10:15:04,830 - Knowledge - INFO - worker kw11 pull /app/data/b2c/156786/b5961k4/mern-ecommerce-156786/client/app/containers/Users/constants.js from ingest queue
2025-08-13 10:15:04,831 - Knowledge - INFO - Found code-base-name: https://github.com/kavia-common/mern-ecommerce-156786.git:kavia-master
2025-08-13 10:15:04,831 - Knowledge - INFO - Found code-base-name: https://github.com/kavia-common/mern-ecommerce-156786.git:kavia-master
2025-08-13 10:15:04,831 - Knowledge - INFO - adding /app/data/b2c/156786/b5961k4/mern-ecommerce-156786/client/app/containers/ForgotPassword/actions.js to ingest queue
2025-08-13 10:15:04,985 - Knowledge - INFO - persist ingested knowledge for /app/data/b2c/156786/b5961k4/mern-ecommerce-156786/client/app/containers/ForgotPassword/reducer.js
2025-08-13 10:15:05,172 - Knowledge - INFO - process ingested knowledge for /app/data/b2c/156786/b5961k4/mern-ecommerce-156786/client/app/containers/Merchant/actions.js
2025-08-13 10:15:05,300 - Knowledge - INFO - persist ingested knowledge for /app/data/b2c/156786/b5961k4/mern-ecommerce-156786/client/app/containers/Order/actions.js
2025-08-13 10:15:05,391 - Knowledge - INFO - persist ingested knowledge for /app/data/b2c/156786/b5961k4/mern-ecommerce-156786/client/app/containers/Order/reducer.js
2025-08-13 10:15:05,483 - Knowledge - INFO - persist ingested knowledge for /app/data/b2c/156786/b5961k4/mern-ecommerce-156786/client/app/containers/Order/Customer.js
2025-08-13 10:15:05,851 - Knowledge - INFO - process ingested knowledge for /app/data/b2c/156786/b5961k4/mern-ecommerce-156786/client/app/containers/Merchant/List.js
2025-08-13 10:15:05,952 - Knowledge - INFO - process ingested knowledge for /app/data/b2c/156786/b5961k4/mern-ecommerce-156786/client/app/containers/Users/constants.js
2025-08-13 10:15:06,021 - Knowledge - INFO - Found code_base: <app.utils.kg_build.knowledge.KnowledgeCodeBase object at 0x7fdc0fcfba90>
2025-08-13 10:15:06,113 - Knowledge - INFO - Found code_base: <app.utils.kg_build.knowledge.KnowledgeCodeBase object at 0x7fdc0fcfba90>
2025-08-13 10:15:06,195 - Knowledge - INFO - Found code-base-name: https://github.com/kavia-common/mern-ecommerce-156786.git:kavia-master
2025-08-13 10:15:06,195 - Knowledge - INFO - adding /app/data/b2c/156786/b5961k4/mern-ecommerce-156786/client/app/containers/Contact/constants.js to ingest queue
2025-08-13 10:15:07,078 - Knowledge - INFO - persist ingested knowledge for /app/data/b2c/156786/b5961k4/mern-ecommerce-156786/client/app/containers/Contact/reducer.js
2025-08-13 10:15:07,171 - Knowledge - INFO - persist ingested knowledge for /app/data/b2c/156786/b5961k4/mern-ecommerce-156786/client/app/containers/Order/List.js
2025-08-13 10:15:07,256 - Knowledge - INFO - Found code_base: <app.utils.kg_build.knowledge.KnowledgeCodeBase object at 0x7fdc0fcfba90>
2025-08-13 10:15:07,371 - Knowledge - INFO - Found code-base-name: https://github.com/kavia-common/mern-ecommerce-156786.git:kavia-master
2025-08-13 10:15:07,372 - Knowledge - INFO - adding /app/data/b2c/156786/b5961k4/mern-ecommerce-156786/client/app/containers/Contact/actions.js to ingest queue
2025-08-13 10:15:07,695 - Knowledge - INFO - persist ingested knowledge for /app/data/b2c/156786/b5961k4/mern-ecommerce-156786/client/app/containers/Order/constants.js
2025-08-13 10:15:07,786 - Knowledge - INFO - Found code_base: <app.utils.kg_build.knowledge.KnowledgeCodeBase object at 0x7fdc0fcfba90>
2025-08-13 10:15:07,894 - Knowledge - INFO - worker kw18 pull /app/data/b2c/156786/b5961k4/mern-ecommerce-156786/client/app/containers/Users/actions.js from ingest queue
2025-08-13 10:15:07,894 - Knowledge - INFO - adding /app/data/b2c/156786/b5961k4/mern-ecommerce-156786/client/app/containers/ForgotPassword/index.js to ingest queue
2025-08-13 10:15:08,083 - Knowledge - INFO - persist ingested knowledge for /app/data/b2c/156786/b5961k4/mern-ecommerce-156786/client/app/containers/Order/index.js
2025-08-13 10:15:08,216 - Knowledge - INFO - process ingested knowledge for /app/data/b2c/156786/b5961k4/mern-ecommerce-156786/client/app/containers/Users/actions.js
2025-08-13 10:15:08,267 - Knowledge - INFO - worker kw25 pull /app/data/b2c/156786/b5961k4/mern-ecommerce-156786/client/app/containers/Users/reducer.js from ingest queue
2025-08-13 10:15:08,268 - Knowledge - INFO - adding /app/data/b2c/156786/b5961k4/mern-ecommerce-156786/client/app/containers/Application/reducer.js to ingest queue
2025-08-13 10:15:08,613 - Knowledge - INFO - process ingested knowledge for /app/data/b2c/156786/b5961k4/mern-ecommerce-156786/client/app/containers/Users/reducer.js
2025-08-13 10:15:08,659 - Knowledge - INFO - adding /app/data/b2c/156786/b5961k4/mern-ecommerce-156786/client/app/containers/ForgotPassword/constants.js to ingest queue
2025-08-13 10:15:08,895 - Knowledge - INFO - Found code-base-name: https://github.com/kavia-common/mern-ecommerce-156786.git:kavia-master
2025-08-13 10:15:08,958 - Knowledge - INFO - Found code-base-name: https://github.com/kavia-common/mern-ecommerce-156786.git:kavia-master
2025-08-13 10:15:08,958 - Knowledge - INFO - Found code-base-name: https://github.com/kavia-common/mern-ecommerce-156786.git:kavia-master
2025-08-13 10:15:08,958 - Knowledge - INFO - worker kw17 pull /app/data/b2c/156786/b5961k4/mern-ecommerce-156786/client/app/containers/Users/index.js from ingest queue
2025-08-13 10:15:08,980 - Knowledge - INFO - Found code_base: <app.utils.kg_build.knowledge.KnowledgeCodeBase object at 0x7fdc0fcfba90>
2025-08-13 10:15:09,064 - Knowledge - INFO - Found code_base: <app.utils.kg_build.knowledge.KnowledgeCodeBase object at 0x7fdc0fcfba90>
2025-08-13 10:15:09,067 - Knowledge - INFO - adding /app/data/b2c/156786/b5961k4/mern-ecommerce-156786/client/app/containers/Order/actions.js to ingest queue
2025-08-13 10:15:09,142 - Knowledge - INFO - Found code_base: <app.utils.kg_build.knowledge.KnowledgeCodeBase object at 0x7fdc0fcfba90>
2025-08-13 10:15:09,264 - Knowledge - INFO - process ingested knowledge for /app/data/b2c/156786/b5961k4/mern-ecommerce-156786/client/app/containers/Users/index.js
2025-08-13 10:15:09,314 - Knowledge - INFO - persist ingested knowledge for /app/data/b2c/156786/b5961k4/mern-ecommerce-156786/client/app/containers/Merchant/Add.js
2025-08-13 10:15:09,427 - Knowledge - INFO - persist ingested knowledge for /app/data/b2c/156786/b5961k4/mern-ecommerce-156786/client/app/containers/Merchant/reducer.js
2025-08-13 10:15:09,603 - Knowledge - INFO - Found code-base-name: https://github.com/kavia-common/mern-ecommerce-156786.git:kavia-master
2025-08-13 10:15:09,604 - Knowledge - INFO - adding /app/data/b2c/156786/b5961k4/mern-ecommerce-156786/client/app/containers/Order/Customer.js to ingest queue
2025-08-13 10:15:09,620 - Knowledge - INFO - persist ingested knowledge for /app/data/b2c/156786/b5961k4/mern-ecommerce-156786/client/app/containers/Merchant/index.js
2025-08-13 10:15:10,024 - Knowledge - INFO - Found code_base: <app.utils.kg_build.knowledge.KnowledgeCodeBase object at 0x7fdc0fcfba90>
2025-08-13 10:15:10,325 - Knowledge - INFO - persist ingested knowledge for /app/data/b2c/156786/b5961k4/mern-ecommerce-156786/client/app/containers/Merchant/List.js
2025-08-13 10:15:10,180 - Knowledge - INFO - Found code-base-name: https://github.com/kavia-common/mern-ecommerce-156786.git:kavia-master
2025-08-13 10:15:10,180 - Knowledge - INFO - worker kw10 pull /app/data/b2c/156786/b5961k4/mern-ecommerce-156786/client/app/containers/Review/actions.js from ingest queue
2025-08-13 10:15:10,228 - Knowledge - INFO - worker kw3 pull /app/data/b2c/156786/b5961k4/mern-ecommerce-156786/client/app/containers/Review/reducer.js from ingest queue
2025-08-13 10:15:10,287 - Knowledge - INFO - worker kw14 pull /app/data/b2c/156786/b5961k4/mern-ecommerce-156786/client/app/containers/Review/index.js from ingest queue
2025-08-13 10:15:10,287 - Knowledge - INFO - Found code-base-name: https://github.com/kavia-common/mern-ecommerce-156786.git:kavia-master
2025-08-13 10:15:10,287 - Knowledge - INFO - adding /app/data/b2c/156786/b5961k4/mern-ecommerce-156786/client/app/containers/Contact/index.js to ingest queue
2025-08-13 10:15:10,117 - Knowledge - INFO - worker kw21 pull /app/data/b2c/156786/b5961k4/mern-ecommerce-156786/client/app/containers/Review/constants.js from ingest queue
2025-08-13 10:15:10,489 - Knowledge - INFO - Found code_base: <app.utils.kg_build.knowledge.KnowledgeCodeBase object at 0x7fdc0fcfba90>
2025-08-13 10:15:10,598 - Knowledge - INFO - process ingested knowledge for /app/data/b2c/156786/b5961k4/mern-ecommerce-156786/client/app/containers/Review/actions.js
2025-08-13 10:15:10,757 - Knowledge - INFO - process ingested knowledge for /app/data/b2c/156786/b5961k4/mern-ecommerce-156786/client/app/containers/Review/reducer.js
2025-08-13 10:15:10,876 - Knowledge - INFO - process ingested knowledge for /app/data/b2c/156786/b5961k4/mern-ecommerce-156786/client/app/containers/Review/index.js
2025-08-13 10:15:10,902 - Knowledge - INFO - Found code_base: <app.utils.kg_build.knowledge.KnowledgeCodeBase object at 0x7fdc0fcfba90>
2025-08-13 10:15:10,999 - Knowledge - INFO - Found code-base-name: https://github.com/kavia-common/mern-ecommerce-156786.git:kavia-master
2025-08-13 10:15:10,999 - Knowledge - INFO - adding /app/data/b2c/156786/b5961k4/mern-ecommerce-156786/client/app/containers/ForgotPassword/reducer.js to ingest queue
2025-08-13 10:15:11,136 - Knowledge - INFO - process ingested knowledge for /app/data/b2c/156786/b5961k4/mern-ecommerce-156786/client/app/containers/Review/constants.js
2025-08-13 10:15:11,200 - Knowledge - INFO - persist ingested knowledge for /app/data/b2c/156786/b5961k4/mern-ecommerce-156786/client/app/containers/Merchant/constants.js
2025-08-13 10:15:11,636 - Knowledge - INFO - persist ingested knowledge for /app/data/b2c/156786/b5961k4/mern-ecommerce-156786/client/app/containers/Users/reducer.js
2025-08-13 10:15:11,736 - Knowledge - INFO - Found code_base: <app.utils.kg_build.knowledge.KnowledgeCodeBase object at 0x7fdc0fcfba90>
2025-08-13 10:15:11,887 - Knowledge - INFO - worker kw19 pull /app/data/b2c/156786/b5961k4/mern-ecommerce-156786/client/app/containers/Shop/constants.js from ingest queue
2025-08-13 10:15:11,887 - Knowledge - INFO - Found code-base-name: https://github.com/kavia-common/mern-ecommerce-156786.git:kavia-master
2025-08-13 10:15:11,992 - Knowledge - INFO - adding /app/data/b2c/156786/b5961k4/mern-ecommerce-156786/client/app/containers/Merchant/reducer.js to ingest queue
2025-08-13 10:15:12,216 - Knowledge - INFO - persist ingested knowledge for /app/data/b2c/156786/b5961k4/mern-ecommerce-156786/client/app/containers/Merchant/actions.js
2025-08-13 10:15:12,377 - Knowledge - INFO - process ingested knowledge for /app/data/b2c/156786/b5961k4/mern-ecommerce-156786/client/app/containers/Shop/constants.js
2025-08-13 10:15:12,404 - Knowledge - INFO - Found code_base: <app.utils.kg_build.knowledge.KnowledgeCodeBase object at 0x7fdc0fcfba90>
2025-08-13 10:15:12,496 - Knowledge - INFO - worker kw22 pull /app/data/b2c/156786/b5961k4/mern-ecommerce-156786/client/app/containers/Shop/actions.js from ingest queue
2025-08-13 10:15:12,497 - Knowledge - INFO - worker kw7 pull /app/data/b2c/156786/b5961k4/mern-ecommerce-156786/client/app/containers/Shop/reducer.js from ingest queue
2025-08-13 10:15:12,498 - Knowledge - INFO - Found code-base-name: https://github.com/kavia-common/mern-ecommerce-156786.git:kavia-master
2025-08-13 10:15:12,498 - Knowledge - INFO - adding /app/data/b2c/156786/b5961k4/mern-ecommerce-156786/client/app/containers/Order/constants.js to ingest queue
2025-08-13 10:15:12,829 - Knowledge - INFO - persist ingested knowledge for /app/data/b2c/156786/b5961k4/mern-ecommerce-156786/client/app/containers/Users/index.js
2025-08-13 10:15:12,995 - Knowledge - INFO - process ingested knowledge for /app/data/b2c/156786/b5961k4/mern-ecommerce-156786/client/app/containers/Shop/actions.js
2025-08-13 10:15:13,120 - Knowledge - INFO - process ingested knowledge for /app/data/b2c/156786/b5961k4/mern-ecommerce-156786/client/app/containers/Shop/reducer.js
2025-08-13 10:15:13,162 - Knowledge - INFO - Found code_base: <app.utils.kg_build.knowledge.KnowledgeCodeBase object at 0x7fdc0fcfba90>
2025-08-13 10:15:13,278 - Knowledge - INFO - worker kw23 pull /app/data/b2c/156786/b5961k4/mern-ecommerce-156786/client/app/containers/Shop/index.js from ingest queue
2025-08-13 10:15:13,336 - Knowledge - INFO - worker kw5 pull /app/data/b2c/156786/b5961k4/mern-ecommerce-156786/client/app/containers/Cart/constants.js from ingest queue
2025-08-13 10:15:13,336 - Knowledge - INFO - Found code-base-name: https://github.com/kavia-common/mern-ecommerce-156786.git:kavia-master
2025-08-13 10:15:13,336 - Knowledge - INFO - Found code-base-name: https://github.com/kavia-common/mern-ecommerce-156786.git:kavia-master
2025-08-13 10:15:13,337 - Knowledge - INFO - worker kw13 pull /app/data/b2c/156786/b5961k4/mern-ecommerce-156786/client/app/containers/Cart/actions.js from ingest queue
2025-08-13 10:15:13,337 - Knowledge - INFO - Found code-base-name: https://github.com/kavia-common/mern-ecommerce-156786.git:kavia-master
2025-08-13 10:15:13,337 - Knowledge - INFO - adding /app/data/b2c/156786/b5961k4/mern-ecommerce-156786/client/app/containers/Merchant/Add.js to ingest queue
2025-08-13 10:15:13,612 - Knowledge - INFO - persist ingested knowledge for /app/data/b2c/156786/b5961k4/mern-ecommerce-156786/client/app/containers/Users/actions.js
2025-08-13 10:15:13,750 - Knowledge - INFO - process ingested knowledge for /app/data/b2c/156786/b5961k4/mern-ecommerce-156786/client/app/containers/Shop/index.js
2025-08-13 10:15:13,849 - Knowledge - INFO - process ingested knowledge for /app/data/b2c/156786/b5961k4/mern-ecommerce-156786/client/app/containers/Cart/constants.js
2025-08-13 10:15:13,931 - Knowledge - INFO - Found code_base: <app.utils.kg_build.knowledge.KnowledgeCodeBase object at 0x7fdc0fcfba90>
2025-08-13 10:15:14,045 - Knowledge - INFO - Found code_base: <app.utils.kg_build.knowledge.KnowledgeCodeBase object at 0x7fdc0fcfba90>
2025-08-13 10:15:14,174 - Knowledge - INFO - process ingested knowledge for /app/data/b2c/156786/b5961k4/mern-ecommerce-156786/client/app/containers/Cart/actions.js
2025-08-13 10:15:14,229 - Knowledge - INFO - Found code_base: <app.utils.kg_build.knowledge.KnowledgeCodeBase object at 0x7fdc0fcfba90>
2025-08-13 10:15:14,330 - Knowledge - INFO - worker kw12 pull /app/data/b2c/156786/b5961k4/mern-ecommerce-156786/client/app/containers/Cart/reducer.js from ingest queue
2025-08-13 10:15:14,453 - Knowledge - INFO - adding /app/data/b2c/156786/b5961k4/mern-ecommerce-156786/client/app/containers/Order/List.js to ingest queue
2025-08-13 10:15:14,774 - Knowledge - INFO - persist ingested knowledge for /app/data/b2c/156786/b5961k4/mern-ecommerce-156786/client/app/containers/Review/actions.js
2025-08-13 10:15:14,894 - Knowledge - INFO - persist ingested knowledge for /app/data/b2c/156786/b5961k4/mern-ecommerce-156786/client/app/containers/Review/index.js
2025-08-13 10:15:15,086 - Knowledge - INFO - persist ingested knowledge for /app/data/b2c/156786/b5961k4/mern-ecommerce-156786/client/app/containers/Users/constants.js
2025-08-13 10:15:15,227 - Knowledge - INFO - process ingested knowledge for /app/data/b2c/156786/b5961k4/mern-ecommerce-156786/client/app/containers/Cart/reducer.js
2025-08-13 10:15:15,340 - Knowledge - INFO - worker kw15 pull /app/data/b2c/156786/b5961k4/mern-ecommerce-156786/client/app/containers/Cart/index.js from ingest queue
2025-08-13 10:15:15,341 - Knowledge - INFO - adding /app/data/b2c/156786/b5961k4/mern-ecommerce-156786/client/app/containers/Merchant/index.js to ingest queue
2025-08-13 10:15:15,848 - Knowledge - INFO - process ingested knowledge for /app/data/b2c/156786/b5961k4/mern-ecommerce-156786/client/app/containers/Cart/index.js
2025-08-13 10:15:15,913 - Knowledge - INFO - worker kw16 pull /app/data/b2c/156786/b5961k4/mern-ecommerce-156786/client/app/containers/Signup/constants.js from ingest queue
2025-08-13 10:15:15,914 - Knowledge - INFO - Found code-base-name: https://github.com/kavia-common/mern-ecommerce-156786.git:kavia-master
2025-08-13 10:15:15,915 - Knowledge - INFO - adding /app/data/b2c/156786/b5961k4/mern-ecommerce-156786/client/app/containers/Merchant/List.js to ingest queue
2025-08-13 10:15:16,156 - Knowledge - INFO - process ingested knowledge for /app/data/b2c/156786/b5961k4/mern-ecommerce-156786/client/app/containers/Signup/constants.js
2025-08-13 10:15:16,218 - Knowledge - INFO - Found code_base: <app.utils.kg_build.knowledge.KnowledgeCodeBase object at 0x7fdc0fcfba90>
2025-08-13 10:15:16,550 - Knowledge - INFO - persist ingested knowledge for /app/data/b2c/156786/b5961k4/mern-ecommerce-156786/client/app/containers/Review/reducer.js
2025-08-13 10:15:16,352 - Knowledge - INFO - adding /app/data/b2c/156786/b5961k4/mern-ecommerce-156786/client/app/containers/Order/reducer.js to ingest queue
2025-08-13 10:15:16,790 - Knowledge - INFO - Found code-base-name: https://github.com/kavia-common/mern-ecommerce-156786.git:kavia-master
2025-08-13 10:15:16,791 - Knowledge - INFO - Found code-base-name: https://github.com/kavia-common/mern-ecommerce-156786.git:kavia-master
2025-08-13 10:15:16,854 - Knowledge - INFO - Found code-base-name: https://github.com/kavia-common/mern-ecommerce-156786.git:kavia-master
2025-08-13 10:15:16,854 - Knowledge - INFO - adding /app/data/b2c/156786/b5961k4/mern-ecommerce-156786/client/app/containers/Contact/reducer.js to ingest queue
2025-08-13 10:15:16,915 - Knowledge - INFO - Found code_base: <app.utils.kg_build.knowledge.KnowledgeCodeBase object at 0x7fdc0fcfba90>
2025-08-13 10:15:17,005 - Knowledge - INFO - Found code_base: <app.utils.kg_build.knowledge.KnowledgeCodeBase object at 0x7fdc0fcfba90>
2025-08-13 10:15:17,091 - Knowledge - INFO - Found code_base: <app.utils.kg_build.knowledge.KnowledgeCodeBase object at 0x7fdc0fcfba90>
2025-08-13 10:15:17,256 - Knowledge - INFO - adding /app/data/b2c/156786/b5961k4/mern-ecommerce-156786/client/app/containers/Users/reducer.js to ingest queue
2025-08-13 10:15:17,270 - Knowledge - INFO - persist ingested knowledge for /app/data/b2c/156786/b5961k4/mern-ecommerce-156786/client/app/containers/Shop/actions.js
2025-08-13 10:15:17,365 - Knowledge - INFO - persist ingested knowledge for /app/data/b2c/156786/b5961k4/mern-ecommerce-156786/client/app/containers/Shop/reducer.js
2025-08-13 10:15:17,497 - Knowledge - INFO - persist ingested knowledge for /app/data/b2c/156786/b5961k4/mern-ecommerce-156786/client/app/containers/Review/constants.js
2025-08-13 10:15:17,587 - Knowledge - INFO - Found code-base-name: https://github.com/kavia-common/mern-ecommerce-156786.git:kavia-master
2025-08-13 10:15:17,589 - Knowledge - INFO - Found code-base-name: https://github.com/kavia-common/mern-ecommerce-156786.git:kavia-master
2025-08-13 10:15:18,084 - Knowledge - INFO - Found code_base: <app.utils.kg_build.knowledge.KnowledgeCodeBase object at 0x7fdc0fcfba90>
2025-08-13 10:15:17,589 - Knowledge - INFO - worker kw1 pull /app/data/b2c/156786/b5961k4/mern-ecommerce-156786/client/app/containers/Signup/actions.js from ingest queue
2025-08-13 10:15:17,822 - Knowledge - INFO - Found code-base-name: https://github.com/kavia-common/mern-ecommerce-156786.git:kavia-master
2025-08-13 10:15:17,822 - Knowledge - INFO - worker kw24 pull /app/data/b2c/156786/b5961k4/mern-ecommerce-156786/client/app/containers/Signup/reducer.js from ingest queue
2025-08-13 10:15:17,822 - Knowledge - INFO - adding /app/data/b2c/156786/b5961k4/mern-ecommerce-156786/client/app/containers/Order/index.js to ingest queue
2025-08-13 10:15:17,986 - Knowledge - INFO - Found code_base: <app.utils.kg_build.knowledge.KnowledgeCodeBase object at 0x7fdc0fcfba90>
2025-08-13 10:15:17,589 - Knowledge - INFO - Found code-base-name: https://github.com/kavia-common/mern-ecommerce-156786.git:kavia-master
2025-08-13 10:15:18,178 - Knowledge - INFO - persist ingested knowledge for /app/data/b2c/156786/b5961k4/mern-ecommerce-156786/client/app/containers/Cart/constants.js
2025-08-13 10:15:18,331 - Knowledge - INFO - process ingested knowledge for /app/data/b2c/156786/b5961k4/mern-ecommerce-156786/client/app/containers/Signup/actions.js
2025-08-13 10:15:18,390 - Knowledge - INFO - Found code_base: <app.utils.kg_build.knowledge.KnowledgeCodeBase object at 0x7fdc0fcfba90>
2025-08-13 10:15:18,571 - Knowledge - INFO - process ingested knowledge for /app/data/b2c/156786/b5961k4/mern-ecommerce-156786/client/app/containers/Signup/reducer.js
2025-08-13 10:15:18,601 - Knowledge - INFO - worker kw2 pull /app/data/b2c/156786/b5961k4/mern-ecommerce-156786/client/app/containers/Signup/index.js from ingest queue
2025-08-13 10:15:18,660 - Knowledge - INFO - worker kw20 pull /app/data/b2c/156786/b5961k4/mern-ecommerce-156786/client/app/containers/Homepage/constants.js from ingest queue
2025-08-13 10:15:18,660 - Knowledge - INFO - adding /app/data/b2c/156786/b5961k4/mern-ecommerce-156786/client/app/containers/Users/index.js to ingest queue
2025-08-13 10:15:18,682 - Knowledge - INFO - persist ingested knowledge for /app/data/b2c/156786/b5961k4/mern-ecommerce-156786/client/app/containers/Shop/index.js
2025-08-13 10:15:18,764 - Knowledge - INFO - Found code_base: <app.utils.kg_build.knowledge.KnowledgeCodeBase object at 0x7fdc0fcfba90>
2025-08-13 10:15:19,091 - Knowledge - INFO - persist ingested knowledge for /app/data/b2c/156786/b5961k4/mern-ecommerce-156786/client/app/containers/Cart/reducer.js
2025-08-13 10:15:19,345 - Knowledge - INFO - process ingested knowledge for /app/data/b2c/156786/b5961k4/mern-ecommerce-156786/client/app/containers/Signup/index.js
2025-08-13 10:15:19,460 - Knowledge - INFO - process ingested knowledge for /app/data/b2c/156786/b5961k4/mern-ecommerce-156786/client/app/containers/Homepage/constants.js
2025-08-13 10:15:19,548 - Knowledge - INFO - worker kw8 pull /app/data/b2c/156786/b5961k4/mern-ecommerce-156786/client/app/containers/Homepage/actions.js from ingest queue
2025-08-13 10:15:19,549 - Knowledge - INFO - adding /app/data/b2c/156786/b5961k4/mern-ecommerce-156786/client/app/containers/Users/actions.js to ingest queue
2025-08-13 10:15:19,754 - Knowledge - INFO - persist ingested knowledge for /app/data/b2c/156786/b5961k4/mern-ecommerce-156786/client/app/containers/Cart/actions.js
2025-08-13 10:15:20,223 - Knowledge - INFO - process ingested knowledge for /app/data/b2c/156786/b5961k4/mern-ecommerce-156786/client/app/containers/Homepage/actions.js
2025-08-13 10:15:20,282 - Knowledge - INFO - Found code-base-name: https://github.com/kavia-common/mern-ecommerce-156786.git:kavia-master
2025-08-13 10:15:20,283 - Knowledge - INFO - adding /app/data/b2c/156786/b5961k4/mern-ecommerce-156786/client/app/containers/Merchant/actions.js to ingest queue
2025-08-13 10:15:20,598 - Knowledge - INFO - Found code_base: <app.utils.kg_build.knowledge.KnowledgeCodeBase object at 0x7fdc0fcfba90>
2025-08-13 10:15:20,715 - Knowledge - INFO - adding /app/data/b2c/156786/b5961k4/mern-ecommerce-156786/client/app/containers/Review/actions.js to ingest queue
2025-08-13 10:15:20,838 - Knowledge - INFO - persist ingested knowledge for /app/data/b2c/156786/b5961k4/mern-ecommerce-156786/client/app/containers/Shop/constants.js
2025-08-13 10:15:20,998 - Knowledge - INFO - adding /app/data/b2c/156786/b5961k4/mern-ecommerce-156786/client/app/containers/Review/index.js to ingest queue
2025-08-13 10:15:21,215 - Knowledge - INFO - adding /app/data/b2c/156786/b5961k4/mern-ecommerce-156786/client/app/containers/Users/constants.js to ingest queue
2025-08-13 10:15:21,319 - Knowledge - INFO - Found code-base-name: https://github.com/kavia-common/mern-ecommerce-156786.git:kavia-master
2025-08-13 10:15:21,381 - Knowledge - INFO - Found code-base-name: https://github.com/kavia-common/mern-ecommerce-156786.git:kavia-master
2025-08-13 10:15:21,381 - Knowledge - INFO - worker kw6 pull /app/data/b2c/156786/b5961k4/mern-ecommerce-156786/client/app/containers/Homepage/banners.json from ingest queue
2025-08-13 10:15:21,382 - Knowledge - INFO - adding /app/data/b2c/156786/b5961k4/mern-ecommerce-156786/client/app/containers/Merchant/constants.js to ingest queue
2025-08-13 10:15:21,426 - Knowledge - INFO - Found code_base: <app.utils.kg_build.knowledge.KnowledgeCodeBase object at 0x7fdc0fcfba90>
2025-08-13 10:15:21,533 - Knowledge - INFO - Found code_base: <app.utils.kg_build.knowledge.KnowledgeCodeBase object at 0x7fdc0fcfba90>
2025-08-13 10:15:21,664 - Knowledge - INFO - process ingested knowledge for /app/data/b2c/156786/b5961k4/mern-ecommerce-156786/client/app/containers/Homepage/banners.json
2025-08-13 10:15:21,779 - Knowledge - INFO - adding /app/data/b2c/156786/b5961k4/mern-ecommerce-156786/client/app/containers/Cart/constants.js to ingest queue
2025-08-13 10:15:22,168 - Knowledge - INFO - Found code-base-name: https://github.com/kavia-common/mern-ecommerce-156786.git:kavia-master
2025-08-13 10:15:21,927 - Knowledge - INFO - persist ingested knowledge for /app/data/b2c/156786/b5961k4/mern-ecommerce-156786/client/app/containers/Signup/constants.js
2025-08-13 10:15:22,169 - Knowledge - INFO - worker kw17 pull /app/data/b2c/156786/b5961k4/mern-ecommerce-156786/client/app/containers/Homepage/reducer.js from ingest queue
2025-08-13 10:15:21,813 - Knowledge - INFO - persist ingested knowledge for /app/data/b2c/156786/b5961k4/mern-ecommerce-156786/client/app/containers/Cart/index.js
2025-08-13 10:15:22,170 - Knowledge - INFO - worker kw25 pull /app/data/b2c/156786/b5961k4/mern-ecommerce-156786/client/app/containers/Homepage/index.js from ingest queue
2025-08-13 10:15:22,225 - Knowledge - INFO - Found code-base-name: https://github.com/kavia-common/mern-ecommerce-156786.git:kavia-master
2025-08-13 10:15:22,225 - Knowledge - INFO - worker kw18 pull /app/data/b2c/156786/b5961k4/mern-ecommerce-156786/client/app/containers/Address/constants.js from ingest queue
2025-08-13 10:15:22,275 - Knowledge - INFO - worker kw4 pull /app/data/b2c/156786/b5961k4/mern-ecommerce-156786/client/app/containers/Address/Add.js from ingest queue
2025-08-13 10:15:22,275 - Knowledge - INFO - adding /app/data/b2c/156786/b5961k4/mern-ecommerce-156786/client/app/containers/Shop/actions.js to ingest queue
2025-08-13 10:15:22,292 - Knowledge - INFO - Found code_base: <app.utils.kg_build.knowledge.KnowledgeCodeBase object at 0x7fdc0fcfba90>
2025-08-13 10:15:22,510 - Knowledge - INFO - process ingested knowledge for /app/data/b2c/156786/b5961k4/mern-ecommerce-156786/client/app/containers/Homepage/reducer.js
2025-08-13 10:15:22,731 - Knowledge - INFO - process ingested knowledge for /app/data/b2c/156786/b5961k4/mern-ecommerce-156786/client/app/containers/Homepage/index.js
2025-08-13 10:15:22,816 - Knowledge - INFO - Found code_base: <app.utils.kg_build.knowledge.KnowledgeCodeBase object at 0x7fdc0fcfba90>
2025-08-13 10:15:22,948 - Knowledge - INFO - process ingested knowledge for /app/data/b2c/156786/b5961k4/mern-ecommerce-156786/client/app/containers/Address/constants.js
2025-08-13 10:15:23,059 - Knowledge - INFO - process ingested knowledge for /app/data/b2c/156786/b5961k4/mern-ecommerce-156786/client/app/containers/Address/Add.js
2025-08-13 10:15:23,206 - Knowledge - INFO - worker kw14 pull /app/data/b2c/156786/b5961k4/mern-ecommerce-156786/client/app/containers/Address/actions.js from ingest queue
2025-08-13 10:15:23,206 - Knowledge - INFO - adding /app/data/b2c/156786/b5961k4/mern-ecommerce-156786/client/app/containers/Shop/reducer.js to ingest queue
2025-08-13 10:15:23,269 - Knowledge - INFO - persist ingested knowledge for /app/data/b2c/156786/b5961k4/mern-ecommerce-156786/client/app/containers/Signup/reducer.js
2025-08-13 10:15:23,584 - Knowledge - INFO - persist ingested knowledge for /app/data/b2c/156786/b5961k4/mern-ecommerce-156786/client/app/containers/Homepage/constants.js
2025-08-13 10:15:23,944 - Knowledge - INFO - process ingested knowledge for /app/data/b2c/156786/b5961k4/mern-ecommerce-156786/client/app/containers/Address/actions.js
2025-08-13 10:15:24,007 - Knowledge - INFO - adding /app/data/b2c/156786/b5961k4/mern-ecommerce-156786/client/app/containers/Review/constants.js to ingest queue
2025-08-13 10:15:24,395 - Knowledge - INFO - adding /app/data/b2c/156786/b5961k4/mern-ecommerce-156786/client/app/containers/Review/reducer.js to ingest queue
2025-08-13 10:15:24,480 - Knowledge - INFO - worker kw9 pull /app/data/b2c/156786/b5961k4/mern-ecommerce-156786/client/app/containers/Address/Edit.js from ingest queue
2025-08-13 10:15:24,481 - Knowledge - INFO - Found code-base-name: https://github.com/kavia-common/mern-ecommerce-156786.git:kavia-master
2025-08-13 10:15:24,544 - Knowledge - INFO - worker kw5 pull /app/data/b2c/156786/b5961k4/mern-ecommerce-156786/client/app/containers/Address/reducer.js from ingest queue
2025-08-13 10:15:24,544 - Knowledge - INFO - Found code-base-name: https://github.com/kavia-common/mern-ecommerce-156786.git:kavia-master
2025-08-13 10:15:24,544 - Knowledge - INFO - Found code-base-name: https://github.com/kavia-common/mern-ecommerce-156786.git:kavia-master
2025-08-13 10:15:24,545 - Knowledge - INFO - adding /app/data/b2c/156786/b5961k4/mern-ecommerce-156786/client/app/containers/Cart/actions.js to ingest queue
2025-08-13 10:15:24,590 - Knowledge - INFO - process ingested knowledge for /app/data/b2c/156786/b5961k4/mern-ecommerce-156786/client/app/containers/Address/Edit.js
2025-08-13 10:15:24,687 - Knowledge - INFO - Found code_base: <app.utils.kg_build.knowledge.KnowledgeCodeBase object at 0x7fdc0fcfba90>
2025-08-13 10:15:24,829 - Knowledge - INFO - process ingested knowledge for /app/data/b2c/156786/b5961k4/mern-ecommerce-156786/client/app/containers/Address/reducer.js
2025-08-13 10:15:24,878 - Knowledge - INFO - Found code_base: <app.utils.kg_build.knowledge.KnowledgeCodeBase object at 0x7fdc0fcfba90>
2025-08-13 10:15:24,999 - Knowledge - INFO - Found code_base: <app.utils.kg_build.knowledge.KnowledgeCodeBase object at 0x7fdc0fcfba90>
2025-08-13 10:15:25,094 - Knowledge - INFO - worker kw10 pull /app/data/b2c/156786/b5961k4/mern-ecommerce-156786/client/app/containers/Address/index.js from ingest queue
2025-08-13 10:15:25,156 - Knowledge - INFO - worker kw22 pull /app/data/b2c/156786/b5961k4/mern-ecommerce-156786/client/app/containers/Address/List.js from ingest queue
2025-08-13 10:15:25,157 - Knowledge - INFO - adding /app/data/b2c/156786/b5961k4/mern-ecommerce-156786/client/app/containers/Shop/constants.js to ingest queue
2025-08-13 10:15:25,307 - Knowledge - INFO - persist ingested knowledge for /app/data/b2c/156786/b5961k4/mern-ecommerce-156786/client/app/containers/Homepage/banners.json
2025-08-13 10:15:25,520 - Knowledge - INFO - persist ingested knowledge for /app/data/b2c/156786/b5961k4/mern-ecommerce-156786/client/app/containers/Signup/index.js
2025-08-13 10:15:25,616 - Knowledge - INFO - persist ingested knowledge for /app/data/b2c/156786/b5961k4/mern-ecommerce-156786/client/app/containers/Homepage/actions.js
2025-08-13 10:15:25,756 - Knowledge - INFO - process ingested knowledge for /app/data/b2c/156786/b5961k4/mern-ecommerce-156786/client/app/containers/Address/index.js
2025-08-13 10:15:25,866 - Knowledge - INFO - process ingested knowledge for /app/data/b2c/156786/b5961k4/mern-ecommerce-156786/client/app/containers/Address/List.js
2025-08-13 10:15:25,952 - Knowledge - INFO - Found code-base-name: https://github.com/kavia-common/mern-ecommerce-156786.git:kavia-master
2025-08-13 10:15:25,953 - Knowledge - INFO - Found code-base-name: https://github.com/kavia-common/mern-ecommerce-156786.git:kavia-master
2025-08-13 10:15:25,953 - Knowledge - INFO - Found code-base-name: https://github.com/kavia-common/mern-ecommerce-156786.git:kavia-master
2025-08-13 10:15:25,955 - Knowledge - INFO - Found code-base-name: https://github.com/kavia-common/mern-ecommerce-156786.git:kavia-master
2025-08-13 10:15:25,955 - Knowledge - INFO - worker kw7 pull /app/data/b2c/156786/b5961k4/mern-ecommerce-156786/client/app/containers/ResetPassword/constants.js from ingest queue
2025-08-13 10:15:26,016 - Knowledge - INFO - Found code-base-name: https://github.com/kavia-common/mern-ecommerce-156786.git:kavia-master
2025-08-13 10:15:26,016 - Knowledge - INFO - worker kw21 pull /app/data/b2c/156786/b5961k4/mern-ecommerce-156786/client/app/containers/ResetPassword/actions.js from ingest queue
2025-08-13 10:15:26,016 - Knowledge - INFO - worker kw3 pull /app/data/b2c/156786/b5961k4/mern-ecommerce-156786/client/app/containers/ResetPassword/reducer.js from ingest queue
2025-08-13 10:15:26,016 - Knowledge - INFO - adding /app/data/b2c/156786/b5961k4/mern-ecommerce-156786/client/app/containers/Shop/index.js to ingest queue
2025-08-13 10:15:26,513 - Knowledge - INFO - Found code_base: <app.utils.kg_build.knowledge.KnowledgeCodeBase object at 0x7fdc0fcfba90>
2025-08-13 10:15:26,619 - Knowledge - INFO - Found code_base: <app.utils.kg_build.knowledge.KnowledgeCodeBase object at 0x7fdc0fcfba90>
2025-08-13 10:15:26,705 - Knowledge - INFO - Found code_base: <app.utils.kg_build.knowledge.KnowledgeCodeBase object at 0x7fdc0fcfba90>
2025-08-13 10:15:26,800 - Knowledge - INFO - Found code_base: <app.utils.kg_build.knowledge.KnowledgeCodeBase object at 0x7fdc0fcfba90>
2025-08-13 10:15:26,951 - Knowledge - INFO - process ingested knowledge for /app/data/b2c/156786/b5961k4/mern-ecommerce-156786/client/app/containers/ResetPassword/constants.js
2025-08-13 10:15:27,026 - Knowledge - INFO - Found code_base: <app.utils.kg_build.knowledge.KnowledgeCodeBase object at 0x7fdc0fcfba90>
2025-08-13 10:15:27,173 - Knowledge - INFO - process ingested knowledge for /app/data/b2c/156786/b5961k4/mern-ecommerce-156786/client/app/containers/ResetPassword/actions.js
2025-08-13 10:15:27,296 - Knowledge - INFO - process ingested knowledge for /app/data/b2c/156786/b5961k4/mern-ecommerce-156786/client/app/containers/ResetPassword/reducer.js
2025-08-13 10:15:27,380 - Knowledge - INFO - worker kw13 pull /app/data/b2c/156786/b5961k4/mern-ecommerce-156786/client/app/containers/ResetPassword/index.js from ingest queue
2025-08-13 10:15:27,435 - Knowledge - INFO - adding /app/data/b2c/156786/b5961k4/mern-ecommerce-156786/client/app/containers/Signup/constants.js to ingest queue
2025-08-13 10:15:27,457 - Knowledge - INFO - persist ingested knowledge for /app/data/b2c/156786/b5961k4/mern-ecommerce-156786/client/app/containers/Homepage/reducer.js
2025-08-13 10:15:27,585 - Knowledge - INFO - persist ingested knowledge for /app/data/b2c/156786/b5961k4/mern-ecommerce-156786/client/app/containers/Homepage/index.js
2025-08-13 10:15:27,687 - Knowledge - INFO - persist ingested knowledge for /app/data/b2c/156786/b5961k4/mern-ecommerce-156786/client/app/containers/Address/constants.js
2025-08-13 10:15:27,788 - Knowledge - INFO - persist ingested knowledge for /app/data/b2c/156786/b5961k4/mern-ecommerce-156786/client/app/containers/Address/Add.js
2025-08-13 10:15:27,965 - Knowledge - INFO - persist ingested knowledge for /app/data/b2c/156786/b5961k4/mern-ecommerce-156786/client/app/containers/Address/actions.js
2025-08-13 10:15:28,280 - Knowledge - INFO - process ingested knowledge for /app/data/b2c/156786/b5961k4/mern-ecommerce-156786/client/app/containers/ResetPassword/index.js
2025-08-13 10:15:28,317 - Knowledge - INFO - Found code-base-name: https://github.com/kavia-common/mern-ecommerce-156786.git:kavia-master
2025-08-13 10:15:28,318 - Knowledge - INFO - Found code-base-name: https://github.com/kavia-common/mern-ecommerce-156786.git:kavia-master
2025-08-13 10:15:28,318 - Knowledge - INFO - worker kw19 pull /app/data/b2c/156786/b5961k4/mern-ecommerce-156786/client/app/containers/ProductsShop/index.js from ingest queue
2025-08-13 10:15:28,375 - Knowledge - INFO - Found code-base-name: https://github.com/kavia-common/mern-ecommerce-156786.git:kavia-master
2025-08-13 10:15:28,375 - Knowledge - INFO - adding /app/data/b2c/156786/b5961k4/mern-ecommerce-156786/client/app/containers/Cart/reducer.js to ingest queue
2025-08-13 10:15:29,034 - Knowledge - INFO - Found code_base: <app.utils.kg_build.knowledge.KnowledgeCodeBase object at 0x7fdc0fcfba90>
2025-08-13 10:15:29,129 - Knowledge - INFO - Found code_base: <app.utils.kg_build.knowledge.KnowledgeCodeBase object at 0x7fdc0fcfba90>
2025-08-13 10:15:29,267 - Knowledge - INFO - process ingested knowledge for /app/data/b2c/156786/b5961k4/mern-ecommerce-156786/client/app/containers/ProductsShop/index.js
2025-08-13 10:15:29,337 - Knowledge - INFO - Found code_base: <app.utils.kg_build.knowledge.KnowledgeCodeBase object at 0x7fdc0fcfba90>
2025-08-13 10:15:29,510 - Knowledge - INFO - persist ingested knowledge for /app/data/b2c/156786/b5961k4/mern-ecommerce-156786/client/app/containers/Address/Edit.js
2025-08-13 10:15:29,527 - Knowledge - INFO - adding /app/data/b2c/156786/b5961k4/mern-ecommerce-156786/client/app/containers/Signup/index.js to ingest queue
2025-08-13 10:15:29,626 - Knowledge - INFO - persist ingested knowledge for /app/data/b2c/156786/b5961k4/mern-ecommerce-156786/client/app/containers/Address/reducer.js
2025-08-13 10:15:29,848 - Knowledge - INFO - persist ingested knowledge for /app/data/b2c/156786/b5961k4/mern-ecommerce-156786/client/app/containers/Signup/actions.js
2025-08-13 10:15:30,038 - Knowledge - INFO - worker kw2 pull /app/data/b2c/156786/b5961k4/mern-ecommerce-156786/client/app/containers/ProductPage/index.js from ingest queue
2025-08-13 10:15:30,039 - Knowledge - INFO - worker kw11 pull /app/data/b2c/156786/b5961k4/mern-ecommerce-156786/client/app/containers/Category/constants.js from ingest queue
2025-08-13 10:15:30,042 - Knowledge - INFO - adding /app/data/b2c/156786/b5961k4/mern-ecommerce-156786/client/app/containers/Cart/index.js to ingest queue
2025-08-13 10:15:30,365 - Knowledge - INFO - process ingested knowledge for /app/data/b2c/156786/b5961k4/mern-ecommerce-156786/client/app/containers/ProductPage/index.js
2025-08-13 10:15:30,445 - Knowledge - INFO - process ingested knowledge for /app/data/b2c/156786/b5961k4/mern-ecommerce-156786/client/app/containers/Category/constants.js
2025-08-13 10:15:30,514 - Knowledge - INFO - Found code-base-name: https://github.com/kavia-common/mern-ecommerce-156786.git:kavia-master
2025-08-13 10:15:30,514 - Knowledge - INFO - Found code-base-name: https://github.com/kavia-common/mern-ecommerce-156786.git:kavia-master
2025-08-13 10:15:30,954 - Knowledge - INFO - Found code_base: <app.utils.kg_build.knowledge.KnowledgeCodeBase object at 0x7fdc0fcfba90>
2025-08-13 10:15:30,516 - Knowledge - INFO - worker kw16 pull /app/data/b2c/156786/b5961k4/mern-ecommerce-156786/client/app/containers/Category/Add.js from ingest queue
2025-08-13 10:15:30,516 - Knowledge - INFO - adding /app/data/b2c/156786/b5961k4/mern-ecommerce-156786/client/app/containers/Signup/reducer.js to ingest queue
2025-08-13 10:15:30,830 - Knowledge - INFO - Found code_base: <app.utils.kg_build.knowledge.KnowledgeCodeBase object at 0x7fdc0fcfba90>
2025-08-13 10:15:30,515 - Knowledge - INFO - Found code-base-name: https://github.com/kavia-common/mern-ecommerce-156786.git:kavia-master
2025-08-13 10:15:31,053 - Knowledge - INFO - persist ingested knowledge for /app/data/b2c/156786/b5961k4/mern-ecommerce-156786/client/app/containers/ResetPassword/actions.js
2025-08-13 10:15:31,189 - Knowledge - INFO - process ingested knowledge for /app/data/b2c/156786/b5961k4/mern-ecommerce-156786/client/app/containers/Category/Add.js
2025-08-13 10:15:31,390 - Knowledge - INFO - persist ingested knowledge for /app/data/b2c/156786/b5961k4/mern-ecommerce-156786/client/app/containers/ResetPassword/constants.js
2025-08-13 10:15:31,501 - Knowledge - INFO - Found code_base: <app.utils.kg_build.knowledge.KnowledgeCodeBase object at 0x7fdc0fcfba90>
2025-08-13 10:15:31,558 - Knowledge - INFO - Found code-base-name: https://github.com/kavia-common/mern-ecommerce-156786.git:kavia-master
2025-08-13 10:15:31,558 - Knowledge - INFO - worker kw12 pull /app/data/b2c/156786/b5961k4/mern-ecommerce-156786/client/app/containers/Category/actions.js from ingest queue
2025-08-13 10:15:31,559 - Knowledge - INFO - adding /app/data/b2c/156786/b5961k4/mern-ecommerce-156786/client/app/containers/Homepage/banners.json to ingest queue
2025-08-13 10:15:31,888 - Knowledge - INFO - persist ingested knowledge for /app/data/b2c/156786/b5961k4/mern-ecommerce-156786/client/app/containers/ResetPassword/reducer.js
2025-08-13 10:15:31,966 - Knowledge - INFO - Found code_base: <app.utils.kg_build.knowledge.KnowledgeCodeBase object at 0x7fdc0fcfba90>
2025-08-13 10:15:32,113 - Knowledge - INFO - process ingested knowledge for /app/data/b2c/156786/b5961k4/mern-ecommerce-156786/client/app/containers/Category/actions.js
2025-08-13 10:15:32,193 - Knowledge - INFO - Found code-base-name: https://github.com/kavia-common/mern-ecommerce-156786.git:kavia-master
2025-08-13 10:15:32,252 - Knowledge - INFO - Found code-base-name: https://github.com/kavia-common/mern-ecommerce-156786.git:kavia-master
2025-08-13 10:15:32,253 - Knowledge - INFO - worker kw23 pull /app/data/b2c/156786/b5961k4/mern-ecommerce-156786/client/app/containers/Category/Edit.js from ingest queue
2025-08-13 10:15:32,253 - Knowledge - INFO - Found code-base-name: https://github.com/kavia-common/mern-ecommerce-156786.git:kavia-master
2025-08-13 10:15:32,310 - Knowledge - INFO - worker kw15 pull /app/data/b2c/156786/b5961k4/mern-ecommerce-156786/client/app/containers/Category/reducer.js from ingest queue
2025-08-13 10:15:32,311 - Knowledge - INFO - adding /app/data/b2c/156786/b5961k4/mern-ecommerce-156786/client/app/containers/Homepage/constants.js to ingest queue
2025-08-13 10:15:32,383 - Knowledge - INFO - persist ingested knowledge for /app/data/b2c/156786/b5961k4/mern-ecommerce-156786/client/app/containers/ResetPassword/index.js
2025-08-13 10:15:32,535 - Knowledge - INFO - Found code_base: <app.utils.kg_build.knowledge.KnowledgeCodeBase object at 0x7fdc0fcfba90>
2025-08-13 10:15:32,620 - Knowledge - INFO - Found code_base: <app.utils.kg_build.knowledge.KnowledgeCodeBase object at 0x7fdc0fcfba90>
2025-08-13 10:15:32,749 - Knowledge - INFO - process ingested knowledge for /app/data/b2c/156786/b5961k4/mern-ecommerce-156786/client/app/containers/Category/Edit.js
2025-08-13 10:15:32,841 - Knowledge - INFO - Found code_base: <app.utils.kg_build.knowledge.KnowledgeCodeBase object at 0x7fdc0fcfba90>
2025-08-13 10:15:32,976 - Knowledge - INFO - process ingested knowledge for /app/data/b2c/156786/b5961k4/mern-ecommerce-156786/client/app/containers/Category/reducer.js
2025-08-13 10:15:33,034 - Knowledge - INFO - Found code-base-name: https://github.com/kavia-common/mern-ecommerce-156786.git:kavia-master
2025-08-13 10:15:33,036 - Knowledge - INFO - worker kw24 pull /app/data/b2c/156786/b5961k4/mern-ecommerce-156786/client/app/containers/Category/index.js from ingest queue
2025-08-13 10:15:33,036 - Knowledge - INFO - adding /app/data/b2c/156786/b5961k4/mern-ecommerce-156786/client/app/containers/Homepage/reducer.js to ingest queue
2025-08-13 10:15:33,217 - Knowledge - INFO - persist ingested knowledge for /app/data/b2c/156786/b5961k4/mern-ecommerce-156786/client/app/containers/ProductsShop/index.js
2025-08-13 10:15:33,287 - Knowledge - INFO - persist ingested knowledge for /app/data/b2c/156786/b5961k4/mern-ecommerce-156786/client/app/containers/Address/index.js
2025-08-13 10:15:33,533 - Knowledge - INFO - persist ingested knowledge for /app/data/b2c/156786/b5961k4/mern-ecommerce-156786/client/app/containers/Address/List.js
2025-08-13 10:15:33,714 - Knowledge - INFO - Found code_base: <app.utils.kg_build.knowledge.KnowledgeCodeBase object at 0x7fdc0fcfba90>
2025-08-13 10:15:33,841 - Knowledge - INFO - process ingested knowledge for /app/data/b2c/156786/b5961k4/mern-ecommerce-156786/client/app/containers/Category/index.js
2025-08-13 10:15:33,908 - Knowledge - INFO - worker kw17 pull /app/data/b2c/156786/b5961k4/mern-ecommerce-156786/client/app/containers/Category/List.js from ingest queue
2025-08-13 10:15:33,909 - Knowledge - INFO - adding /app/data/b2c/156786/b5961k4/mern-ecommerce-156786/client/app/containers/Address/actions.js to ingest queue
2025-08-13 10:15:34,356 - Knowledge - INFO - persist ingested knowledge for /app/data/b2c/156786/b5961k4/mern-ecommerce-156786/client/app/containers/Category/constants.js
2025-08-13 10:15:34,598 - Knowledge - INFO - process ingested knowledge for /app/data/b2c/156786/b5961k4/mern-ecommerce-156786/client/app/containers/Category/List.js
2025-08-13 10:15:34,807 - Knowledge - INFO - Found code-base-name: https://github.com/kavia-common/mern-ecommerce-156786.git:kavia-master
2025-08-13 10:15:34,859 - Knowledge - INFO - worker kw6 pull /app/data/b2c/156786/b5961k4/mern-ecommerce-156786/client/app/containers/Product/constants.js from ingest queue
2025-08-13 10:15:34,963 - Knowledge - INFO - Found code-base-name: https://github.com/kavia-common/mern-ecommerce-156786.git:kavia-master
2025-08-13 10:15:34,963 - Knowledge - INFO - adding /app/data/b2c/156786/b5961k4/mern-ecommerce-156786/client/app/containers/Signup/actions.js to ingest queue
2025-08-13 10:15:34,992 - Knowledge - INFO - Found code_base: <app.utils.kg_build.knowledge.KnowledgeCodeBase object at 0x7fdc0fcfba90>
2025-08-13 10:15:35,135 - Knowledge - INFO - process ingested knowledge for /app/data/b2c/156786/b5961k4/mern-ecommerce-156786/client/app/containers/Product/constants.js
2025-08-13 10:15:35,190 - Knowledge - INFO - Found code_base: <app.utils.kg_build.knowledge.KnowledgeCodeBase object at 0x7fdc0fcfba90>
2025-08-13 10:15:35,275 - Knowledge - INFO - Found code-base-name: https://github.com/kavia-common/mern-ecommerce-156786.git:kavia-master
2025-08-13 10:15:35,277 - Knowledge - INFO - worker kw20 pull /app/data/b2c/156786/b5961k4/mern-ecommerce-156786/client/app/containers/Product/Add.js from ingest queue
2025-08-13 10:15:35,277 - Knowledge - INFO - adding /app/data/b2c/156786/b5961k4/mern-ecommerce-156786/client/app/containers/Homepage/index.js to ingest queue
2025-08-13 10:15:35,397 - Knowledge - INFO - persist ingested knowledge for /app/data/b2c/156786/b5961k4/mern-ecommerce-156786/client/app/containers/Category/Add.js
2025-08-13 10:15:35,588 - Knowledge - INFO - persist ingested knowledge for /app/data/b2c/156786/b5961k4/mern-ecommerce-156786/client/app/containers/ProductPage/index.js
2025-08-13 10:15:35,708 - Knowledge - INFO - Found code_base: <app.utils.kg_build.knowledge.KnowledgeCodeBase object at 0x7fdc0fcfba90>
2025-08-13 10:15:35,868 - Knowledge - INFO - process ingested knowledge for /app/data/b2c/156786/b5961k4/mern-ecommerce-156786/client/app/containers/Product/Add.js
2025-08-13 10:15:35,914 - Knowledge - INFO - Found code-base-name: https://github.com/kavia-common/mern-ecommerce-156786.git:kavia-master
2025-08-13 10:15:35,915 - Knowledge - INFO - Found code-base-name: https://github.com/kavia-common/mern-ecommerce-156786.git:kavia-master
2025-08-13 10:15:35,916 - Knowledge - INFO - adding /app/data/b2c/156786/b5961k4/mern-ecommerce-156786/client/app/containers/Address/constants.js to ingest queue
2025-08-13 10:15:36,216 - Knowledge - INFO - persist ingested knowledge for /app/data/b2c/156786/b5961k4/mern-ecommerce-156786/client/app/containers/Category/actions.js
2025-08-13 10:15:36,369 - Knowledge - INFO - Found code_base: <app.utils.kg_build.knowledge.KnowledgeCodeBase object at 0x7fdc0fcfba90>
2025-08-13 10:15:36,486 - Knowledge - INFO - Found code_base: <app.utils.kg_build.knowledge.KnowledgeCodeBase object at 0x7fdc0fcfba90>
2025-08-13 10:15:36,614 - Knowledge - INFO - adding /app/data/b2c/156786/b5961k4/mern-ecommerce-156786/client/app/containers/Address/Add.js to ingest queue
2025-08-13 10:15:36,805 - Knowledge - INFO - persist ingested knowledge for /app/data/b2c/156786/b5961k4/mern-ecommerce-156786/client/app/containers/Category/Edit.js
2025-08-13 10:15:36,926 - Knowledge - INFO - persist ingested knowledge for /app/data/b2c/156786/b5961k4/mern-ecommerce-156786/client/app/containers/Category/reducer.js
2025-08-13 10:15:37,211 - Knowledge - INFO - Found code-base-name: https://github.com/kavia-common/mern-ecommerce-156786.git:kavia-master
2025-08-13 10:15:37,211 - Knowledge - INFO - worker kw14 pull /app/data/b2c/156786/b5961k4/mern-ecommerce-156786/client/app/containers/Product/actions.js from ingest queue
2025-08-13 10:15:37,211 - Knowledge - INFO - adding /app/data/b2c/156786/b5961k4/mern-ecommerce-156786/client/app/containers/Homepage/actions.js to ingest queue
2025-08-13 10:15:37,298 - Knowledge - INFO - Found code_base: <app.utils.kg_build.knowledge.KnowledgeCodeBase object at 0x7fdc0fcfba90>
2025-08-13 10:15:37,444 - Knowledge - INFO - process ingested knowledge for /app/data/b2c/156786/b5961k4/mern-ecommerce-156786/client/app/containers/Product/actions.js
2025-08-13 10:15:37,495 - Knowledge - INFO - adding /app/data/b2c/156786/b5961k4/mern-ecommerce-156786/client/app/containers/ResetPassword/actions.js to ingest queue
2025-08-13 10:15:37,618 - Knowledge - INFO - persist ingested knowledge for /app/data/b2c/156786/b5961k4/mern-ecommerce-156786/client/app/containers/Category/index.js
2025-08-13 10:15:37,781 - Knowledge - INFO - adding /app/data/b2c/156786/b5961k4/mern-ecommerce-156786/client/app/containers/Address/Edit.js to ingest queue
2025-08-13 10:15:37,959 - Knowledge - INFO - adding /app/data/b2c/156786/b5961k4/mern-ecommerce-156786/client/app/containers/ResetPassword/constants.js to ingest queue
2025-08-13 10:15:38,080 - Knowledge - INFO - Found code-base-name: https://github.com/kavia-common/mern-ecommerce-156786.git:kavia-master
2025-08-13 10:15:38,081 - Knowledge - INFO - adding /app/data/b2c/156786/b5961k4/mern-ecommerce-156786/client/app/containers/Address/reducer.js to ingest queue
2025-08-13 10:15:38,186 - Knowledge - INFO - Found code_base: <app.utils.kg_build.knowledge.KnowledgeCodeBase object at 0x7fdc0fcfba90>
2025-08-13 10:15:38,307 - Knowledge - INFO - adding /app/data/b2c/156786/b5961k4/mern-ecommerce-156786/client/app/containers/ResetPassword/reducer.js to ingest queue
2025-08-13 10:15:38,388 - Knowledge - INFO - persist ingested knowledge for /app/data/b2c/156786/b5961k4/mern-ecommerce-156786/client/app/containers/Category/List.js
2025-08-13 10:15:38,544 - Knowledge - INFO - worker kw1 pull /app/data/b2c/156786/b5961k4/mern-ecommerce-156786/client/app/containers/Product/Edit.js from ingest queue
2025-08-13 10:15:38,545 - Knowledge - INFO - worker kw25 pull /app/data/b2c/156786/b5961k4/mern-ecommerce-156786/client/app/containers/Product/reducer.js from ingest queue
2025-08-13 10:15:38,597 - Knowledge - INFO - Found code-base-name: https://github.com/kavia-common/mern-ecommerce-156786.git:kavia-master
2025-08-13 10:15:38,598 - Knowledge - INFO - worker kw18 pull /app/data/b2c/156786/b5961k4/mern-ecommerce-156786/client/app/containers/Product/index.js from ingest queue
2025-08-13 10:15:38,598 - Knowledge - INFO - worker kw4 pull /app/data/b2c/156786/b5961k4/mern-ecommerce-156786/client/app/containers/Product/List.js from ingest queue
2025-08-13 10:15:38,598 - Knowledge - INFO - adding /app/data/b2c/156786/b5961k4/mern-ecommerce-156786/client/app/containers/ProductsShop/index.js to ingest queue
2025-08-13 10:15:38,715 - Knowledge - INFO - process ingested knowledge for /app/data/b2c/156786/b5961k4/mern-ecommerce-156786/client/app/containers/Product/Edit.js
2025-08-13 10:15:38,812 - Knowledge - INFO - process ingested knowledge for /app/data/b2c/156786/b5961k4/mern-ecommerce-156786/client/app/containers/Product/reducer.js
2025-08-13 10:15:38,892 - Knowledge - INFO - Found code_base: <app.utils.kg_build.knowledge.KnowledgeCodeBase object at 0x7fdc0fcfba90>
2025-08-13 10:15:39,021 - Knowledge - INFO - process ingested knowledge for /app/data/b2c/156786/b5961k4/mern-ecommerce-156786/client/app/containers/Product/index.js
2025-08-13 10:15:39,127 - Knowledge - INFO - process ingested knowledge for /app/data/b2c/156786/b5961k4/mern-ecommerce-156786/client/app/containers/Product/List.js
2025-08-13 10:15:39,200 - Knowledge - INFO - adding /app/data/b2c/156786/b5961k4/mern-ecommerce-156786/client/app/containers/Address/index.js to ingest queue
2025-08-13 10:15:39,513 - Knowledge - INFO - persist ingested knowledge for /app/data/b2c/156786/b5961k4/mern-ecommerce-156786/client/app/containers/Product/Add.js
2025-08-13 10:15:39,807 - Knowledge - INFO - adding /app/data/b2c/156786/b5961k4/mern-ecommerce-156786/client/app/containers/Address/List.js to ingest queue
2025-08-13 10:15:40,134 - Knowledge - INFO - worker kw8 pull /app/data/b2c/156786/b5961k4/mern-ecommerce-156786/client/app/containers/Login/constants.js from ingest queue
2025-08-13 10:15:40,134 - Knowledge - INFO - worker kw21 pull /app/data/b2c/156786/b5961k4/mern-ecommerce-156786/client/app/containers/Login/actions.js from ingest queue
2025-08-13 10:15:40,195 - Knowledge - INFO - worker kw7 pull /app/data/b2c/156786/b5961k4/mern-ecommerce-156786/client/app/containers/Login/reducer.js from ingest queue
2025-08-13 10:15:40,195 - Knowledge - INFO - worker kw3 pull /app/data/b2c/156786/b5961k4/mern-ecommerce-156786/client/app/containers/Login/index.js from ingest queue
2025-08-13 10:15:40,195 - Knowledge - INFO - Found code-base-name: https://github.com/kavia-common/mern-ecommerce-156786.git:kavia-master
2025-08-13 10:15:40,279 - Knowledge - INFO - process ingested knowledge for /app/data/b2c/156786/b5961k4/mern-ecommerce-156786/client/app/containers/Login/constants.js
2025-08-13 10:15:40,300 - Knowledge - INFO - adding /app/data/b2c/156786/b5961k4/mern-ecommerce-156786/client/app/containers/Category/Add.js to ingest queue
2025-08-13 10:15:40,392 - Knowledge - INFO - process ingested knowledge for /app/data/b2c/156786/b5961k4/mern-ecommerce-156786/client/app/containers/Login/actions.js
2025-08-13 10:15:40,504 - Knowledge - INFO - process ingested knowledge for /app/data/b2c/156786/b5961k4/mern-ecommerce-156786/client/app/containers/Login/reducer.js
2025-08-13 10:15:40,619 - Knowledge - INFO - process ingested knowledge for /app/data/b2c/156786/b5961k4/mern-ecommerce-156786/client/app/containers/Login/index.js
2025-08-13 10:15:40,681 - Knowledge - INFO - Found code_base: <app.utils.kg_build.knowledge.KnowledgeCodeBase object at 0x7fdc0fcfba90>
2025-08-13 10:15:41,022 - Knowledge - INFO - worker kw19 pull /app/data/b2c/156786/b5961k4/mern-ecommerce-156786/client/app/containers/OrderPage/index.js from ingest queue
2025-08-13 10:15:41,022 - Knowledge - INFO - Found code-base-name: https://github.com/kavia-common/mern-ecommerce-156786.git:kavia-master
2025-08-13 10:15:41,022 - Knowledge - INFO - Found code-base-name: https://github.com/kavia-common/mern-ecommerce-156786.git:kavia-master
2025-08-13 10:15:41,022 - Knowledge - INFO - Found code-base-name: https://github.com/kavia-common/mern-ecommerce-156786.git:kavia-master
2025-08-13 10:15:41,022 - Knowledge - INFO - worker kw10 pull /app/data/b2c/156786/b5961k4/mern-ecommerce-156786/client/app/containers/AccountSecurity/index.js from ingest queue
2025-08-13 10:15:41,099 - Knowledge - INFO - adding /app/data/b2c/156786/b5961k4/mern-ecommerce-156786/client/app/containers/Category/constants.js to ingest queue
2025-08-13 10:15:41,247 - Knowledge - INFO - persist ingested knowledge for /app/data/b2c/156786/b5961k4/mern-ecommerce-156786/client/app/containers/Product/constants.js
2025-08-13 10:15:41,387 - Knowledge - INFO - process ingested knowledge for /app/data/b2c/156786/b5961k4/mern-ecommerce-156786/client/app/containers/OrderPage/index.js
2025-08-13 10:15:41,459 - Knowledge - INFO - Found code_base: <app.utils.kg_build.knowledge.KnowledgeCodeBase object at 0x7fdc0fcfba90>
2025-08-13 10:15:41,543 - Knowledge - INFO - Found code_base: <app.utils.kg_build.knowledge.KnowledgeCodeBase object at 0x7fdc0fcfba90>
2025-08-13 10:15:41,631 - Knowledge - INFO - Found code_base: <app.utils.kg_build.knowledge.KnowledgeCodeBase object at 0x7fdc0fcfba90>
2025-08-13 10:15:41,755 - Knowledge - INFO - process ingested knowledge for /app/data/b2c/156786/b5961k4/mern-ecommerce-156786/client/app/containers/AccountSecurity/index.js
2025-08-13 10:15:41,813 - Knowledge - INFO - Found code-base-name: https://github.com/kavia-common/mern-ecommerce-156786.git:kavia-master
2025-08-13 10:15:41,815 - Knowledge - INFO - adding /app/data/b2c/156786/b5961k4/mern-ecommerce-156786/client/app/containers/Category/reducer.js to ingest queue
2025-08-13 10:15:42,117 - Knowledge - INFO - persist ingested knowledge for /app/data/b2c/156786/b5961k4/mern-ecommerce-156786/client/app/containers/Product/reducer.js
2025-08-13 10:15:42,197 - Knowledge - INFO - persist ingested knowledge for /app/data/b2c/156786/b5961k4/mern-ecommerce-156786/client/app/containers/Product/index.js
2025-08-13 10:15:42,287 - Knowledge - INFO - persist ingested knowledge for /app/data/b2c/156786/b5961k4/mern-ecommerce-156786/client/app/containers/Product/List.js
2025-08-13 10:15:42,443 - Knowledge - INFO - Found code_base: <app.utils.kg_build.knowledge.KnowledgeCodeBase object at 0x7fdc0fcfba90>
2025-08-13 10:15:42,568 - Knowledge - INFO - worker kw9 pull /app/data/b2c/156786/b5961k4/mern-ecommerce-156786/client/app/containers/OrderSuccess/index.js from ingest queue
2025-08-13 10:15:42,568 - Knowledge - INFO - worker kw5 pull /app/data/b2c/156786/b5961k4/mern-ecommerce-156786/client/app/containers/NavigationMenu/constants.js from ingest queue
2025-08-13 10:15:42,569 - Knowledge - INFO - adding /app/data/b2c/156786/b5961k4/mern-ecommerce-156786/client/app/containers/ResetPassword/index.js to ingest queue
2025-08-13 10:15:43,017 - Knowledge - INFO - persist ingested knowledge for /app/data/b2c/156786/b5961k4/mern-ecommerce-156786/client/app/containers/Product/actions.js
2025-08-13 10:15:43,169 - Knowledge - INFO - process ingested knowledge for /app/data/b2c/156786/b5961k4/mern-ecommerce-156786/client/app/containers/OrderSuccess/index.js
2025-08-13 10:15:43,299 - Knowledge - INFO - process ingested knowledge for /app/data/b2c/156786/b5961k4/mern-ecommerce-156786/client/app/containers/NavigationMenu/constants.js
2025-08-13 10:15:43,401 - Knowledge - INFO - adding /app/data/b2c/156786/b5961k4/mern-ecommerce-156786/client/app/containers/Category/List.js to ingest queue
2025-08-13 10:15:43,800 - Knowledge - INFO - Found code-base-name: https://github.com/kavia-common/mern-ecommerce-156786.git:kavia-master
2025-08-13 10:15:43,800 - Knowledge - INFO - worker kw16 pull /app/data/b2c/156786/b5961k4/mern-ecommerce-156786/client/app/containers/NavigationMenu/actions.js from ingest queue
2025-08-13 10:15:43,802 - Knowledge - INFO - adding /app/data/b2c/156786/b5961k4/mern-ecommerce-156786/client/app/containers/Category/actions.js to ingest queue
2025-08-13 10:15:43,890 - Knowledge - INFO - Found code_base: <app.utils.kg_build.knowledge.KnowledgeCodeBase object at 0x7fdc0fcfba90>
2025-08-13 10:15:44,013 - Knowledge - INFO - process ingested knowledge for /app/data/b2c/156786/b5961k4/mern-ecommerce-156786/client/app/containers/NavigationMenu/actions.js
2025-08-13 10:15:44,066 - Knowledge - INFO - Found code-base-name: https://github.com/kavia-common/mern-ecommerce-156786.git:kavia-master
2025-08-13 10:15:44,067 - Knowledge - INFO - adding /app/data/b2c/156786/b5961k4/mern-ecommerce-156786/client/app/containers/Category/Edit.js to ingest queue
2025-08-13 10:15:44,205 - Knowledge - INFO - persist ingested knowledge for /app/data/b2c/156786/b5961k4/mern-ecommerce-156786/client/app/containers/Login/constants.js
2025-08-13 10:15:44,369 - Knowledge - INFO - Found code_base: <app.utils.kg_build.knowledge.KnowledgeCodeBase object at 0x7fdc0fcfba90>
2025-08-13 10:15:44,464 - Knowledge - INFO - worker kw22 pull /app/data/b2c/156786/b5961k4/mern-ecommerce-156786/client/app/containers/NavigationMenu/reducer.js from ingest queue
2025-08-13 10:15:44,464 - Knowledge - INFO - Found code-base-name: https://github.com/kavia-common/mern-ecommerce-156786.git:kavia-master
2025-08-13 10:15:44,891 - Knowledge - INFO - Found code_base: <app.utils.kg_build.knowledge.KnowledgeCodeBase object at 0x7fdc0fcfba90>
2025-08-13 10:15:44,464 - Knowledge - INFO - worker kw11 pull /app/data/b2c/156786/b5961k4/mern-ecommerce-156786/client/app/containers/NavigationMenu/index.js from ingest queue
2025-08-13 10:15:44,464 - Knowledge - INFO - Found code-base-name: https://github.com/kavia-common/mern-ecommerce-156786.git:kavia-master
2025-08-13 10:15:44,465 - Knowledge - INFO - Found code-base-name: https://github.com/kavia-common/mern-ecommerce-156786.git:kavia-master
2025-08-13 10:15:44,465 - Knowledge - INFO - adding /app/data/b2c/156786/b5961k4/mern-ecommerce-156786/client/app/containers/Category/index.js to ingest queue
2025-08-13 10:15:44,656 - Knowledge - INFO - persist ingested knowledge for /app/data/b2c/156786/b5961k4/mern-ecommerce-156786/client/app/containers/Product/Edit.js
2025-08-13 10:15:44,823 - Knowledge - INFO - process ingested knowledge for /app/data/b2c/156786/b5961k4/mern-ecommerce-156786/client/app/containers/NavigationMenu/reducer.js
2025-08-13 10:15:44,464 - Knowledge - INFO - Found code-base-name: https://github.com/kavia-common/mern-ecommerce-156786.git:kavia-master
2025-08-13 10:15:44,998 - Knowledge - INFO - persist ingested knowledge for /app/data/b2c/156786/b5961k4/mern-ecommerce-156786/client/app/containers/Login/reducer.js
2025-08-13 10:15:45,132 - Knowledge - INFO - process ingested knowledge for /app/data/b2c/156786/b5961k4/mern-ecommerce-156786/client/app/containers/NavigationMenu/index.js
2025-08-13 10:15:45,180 - Knowledge - INFO - Found code_base: <app.utils.kg_build.knowledge.KnowledgeCodeBase object at 0x7fdc0fcfba90>
2025-08-13 10:15:45,306 - Knowledge - INFO - Found code_base: <app.utils.kg_build.knowledge.KnowledgeCodeBase object at 0x7fdc0fcfba90>
2025-08-13 10:15:45,408 - Knowledge - INFO - worker kw15 pull /app/data/b2c/156786/b5961k4/mern-ecommerce-156786/client/app/containers/Newsletter/constants.js from ingest queue
2025-08-13 10:15:45,409 - Knowledge - INFO - adding /app/data/b2c/156786/b5961k4/mern-ecommerce-156786/client/app/containers/ProductPage/index.js to ingest queue
2025-08-13 10:15:45,700 - Knowledge - INFO - Found code_base: <app.utils.kg_build.knowledge.KnowledgeCodeBase object at 0x7fdc0fcfba90>
2025-08-13 10:15:46,006 - Knowledge - INFO - persist ingested knowledge for /app/data/b2c/156786/b5961k4/mern-ecommerce-156786/client/app/containers/OrderPage/index.js
2025-08-13 10:15:46,134 - Knowledge - INFO - persist ingested knowledge for /app/data/b2c/156786/b5961k4/mern-ecommerce-156786/client/app/containers/AccountSecurity/index.js
2025-08-13 10:15:46,265 - Knowledge - INFO - process ingested knowledge for /app/data/b2c/156786/b5961k4/mern-ecommerce-156786/client/app/containers/Newsletter/constants.js
2025-08-13 10:15:46,391 - Knowledge - INFO - persist ingested knowledge for /app/data/b2c/156786/b5961k4/mern-ecommerce-156786/client/app/containers/Login/index.js
2025-08-13 10:15:46,413 - Knowledge - INFO - worker kw13 pull /app/data/b2c/156786/b5961k4/mern-ecommerce-156786/client/app/containers/Newsletter/actions.js from ingest queue
2025-08-13 10:15:46,471 - Knowledge - INFO - Found code-base-name: https://github.com/kavia-common/mern-ecommerce-156786.git:kavia-master
2025-08-13 10:15:46,471 - Knowledge - INFO - worker kw17 pull /app/data/b2c/156786/b5961k4/mern-ecommerce-156786/client/app/containers/Newsletter/reducer.js from ingest queue
2025-08-13 10:15:46,471 - Knowledge - INFO - Found code-base-name: https://github.com/kavia-common/mern-ecommerce-156786.git:kavia-master
2025-08-13 10:15:46,471 - Knowledge - INFO - Found code-base-name: https://github.com/kavia-common/mern-ecommerce-156786.git:kavia-master
2025-08-13 10:15:46,472 - Knowledge - INFO - worker kw23 pull /app/data/b2c/156786/b5961k4/mern-ecommerce-156786/client/app/containers/Newsletter/index.js from ingest queue
2025-08-13 10:15:46,472 - Knowledge - INFO - adding /app/data/b2c/156786/b5961k4/mern-ecommerce-156786/client/app/containers/Product/Add.js to ingest queue
2025-08-13 10:15:46,959 - Knowledge - INFO - process ingested knowledge for /app/data/b2c/156786/b5961k4/mern-ecommerce-156786/client/app/containers/Newsletter/actions.js
2025-08-13 10:15:47,077 - Knowledge - INFO - Found code_base: <app.utils.kg_build.knowledge.KnowledgeCodeBase object at 0x7fdc0fcfba90>
2025-08-13 10:15:47,192 - Knowledge - INFO - process ingested knowledge for /app/data/b2c/156786/b5961k4/mern-ecommerce-156786/client/app/containers/Newsletter/reducer.js
2025-08-13 10:15:47,240 - Knowledge - INFO - Found code_base: <app.utils.kg_build.knowledge.KnowledgeCodeBase object at 0x7fdc0fcfba90>
2025-08-13 10:15:47,354 - Knowledge - INFO - Found code_base: <app.utils.kg_build.knowledge.KnowledgeCodeBase object at 0x7fdc0fcfba90>
2025-08-13 10:15:47,502 - Knowledge - INFO - process ingested knowledge for /app/data/b2c/156786/b5961k4/mern-ecommerce-156786/client/app/containers/Newsletter/index.js
2025-08-13 10:15:47,633 - Knowledge - INFO - worker kw24 pull /app/data/b2c/156786/b5961k4/mern-ecommerce-156786/client/app/containers/Account/constants.js from ingest queue
2025-08-13 10:15:47,690 - Knowledge - INFO - Found code-base-name: https://github.com/kavia-common/mern-ecommerce-156786.git:kavia-master
2025-08-13 10:15:47,740 - Knowledge - INFO - Found code-base-name: https://github.com/kavia-common/mern-ecommerce-156786.git:kavia-master
2025-08-13 10:15:47,741 - Knowledge - INFO - adding /app/data/b2c/156786/b5961k4/mern-ecommerce-156786/client/app/containers/Product/index.js to ingest queue
2025-08-13 10:15:47,748 - Knowledge - INFO - persist ingested knowledge for /app/data/b2c/156786/b5961k4/mern-ecommerce-156786/client/app/containers/NavigationMenu/constants.js
2025-08-13 10:15:47,958 - Knowledge - INFO - persist ingested knowledge for /app/data/b2c/156786/b5961k4/mern-ecommerce-156786/client/app/containers/Login/actions.js
2025-08-13 10:15:48,063 - Knowledge - INFO - persist ingested knowledge for /app/data/b2c/156786/b5961k4/mern-ecommerce-156786/client/app/containers/NavigationMenu/actions.js
2025-08-13 10:15:48,337 - Knowledge - INFO - process ingested knowledge for /app/data/b2c/156786/b5961k4/mern-ecommerce-156786/client/app/containers/Account/constants.js
2025-08-13 10:15:48,387 - Knowledge - INFO - Found code_base: <app.utils.kg_build.knowledge.KnowledgeCodeBase object at 0x7fdc0fcfba90>
2025-08-13 10:15:48,512 - Knowledge - INFO - Found code_base: <app.utils.kg_build.knowledge.KnowledgeCodeBase object at 0x7fdc0fcfba90>
2025-08-13 10:15:48,633 - Knowledge - INFO - Found code-base-name: https://github.com/kavia-common/mern-ecommerce-156786.git:kavia-master
2025-08-13 10:15:48,634 - Knowledge - INFO - adding /app/data/b2c/156786/b5961k4/mern-ecommerce-156786/client/app/containers/Product/List.js to ingest queue
2025-08-13 10:15:49,138 - Knowledge - INFO - persist ingested knowledge for /app/data/b2c/156786/b5961k4/mern-ecommerce-156786/client/app/containers/NavigationMenu/reducer.js
2025-08-13 10:15:49,223 - Knowledge - INFO - persist ingested knowledge for /app/data/b2c/156786/b5961k4/mern-ecommerce-156786/client/app/containers/NavigationMenu/index.js
2025-08-13 10:15:49,308 - Knowledge - INFO - Found code_base: <app.utils.kg_build.knowledge.KnowledgeCodeBase object at 0x7fdc0fcfba90>
2025-08-13 10:15:49,410 - Knowledge - INFO - adding /app/data/b2c/156786/b5961k4/mern-ecommerce-156786/client/app/containers/Product/actions.js to ingest queue
2025-08-13 10:15:49,718 - Knowledge - INFO - persist ingested knowledge for /app/data/b2c/156786/b5961k4/mern-ecommerce-156786/client/app/containers/OrderSuccess/index.js
2025-08-13 10:15:49,816 - Knowledge - INFO - worker kw12 pull /app/data/b2c/156786/b5961k4/mern-ecommerce-156786/client/app/containers/Account/actions.js from ingest queue
2025-08-13 10:15:49,933 - Knowledge - INFO - Found code-base-name: https://github.com/kavia-common/mern-ecommerce-156786.git:kavia-master
2025-08-13 10:15:50,003 - Knowledge - INFO - worker kw20 pull /app/data/b2c/156786/b5961k4/mern-ecommerce-156786/client/app/containers/Account/reducer.js from ingest queue
2025-08-13 10:15:50,003 - Knowledge - INFO - adding /app/data/b2c/156786/b5961k4/mern-ecommerce-156786/client/app/containers/Login/constants.js to ingest queue
2025-08-13 10:15:50,055 - Knowledge - INFO - process ingested knowledge for /app/data/b2c/156786/b5961k4/mern-ecommerce-156786/client/app/containers/Account/actions.js
2025-08-13 10:15:50,105 - Knowledge - INFO - Found code_base: <app.utils.kg_build.knowledge.KnowledgeCodeBase object at 0x7fdc0fcfba90>
2025-08-13 10:15:50,235 - Knowledge - INFO - process ingested knowledge for /app/data/b2c/156786/b5961k4/mern-ecommerce-156786/client/app/containers/Account/reducer.js
2025-08-13 10:15:50,285 - Knowledge - INFO - Found code-base-name: https://github.com/kavia-common/mern-ecommerce-156786.git:kavia-master
2025-08-13 10:15:50,636 - Knowledge - INFO - Found code_base: <app.utils.kg_build.knowledge.KnowledgeCodeBase object at 0x7fdc0fcfba90>
2025-08-13 10:15:50,473 - Knowledge - INFO - persist ingested knowledge for /app/data/b2c/156786/b5961k4/mern-ecommerce-156786/client/app/containers/Newsletter/constants.js
2025-08-13 10:15:50,286 - Knowledge - INFO - adding /app/data/b2c/156786/b5961k4/mern-ecommerce-156786/client/app/containers/Product/Edit.js to ingest queue
2025-08-13 10:15:50,733 - Knowledge - INFO - persist ingested knowledge for /app/data/b2c/156786/b5961k4/mern-ecommerce-156786/client/app/containers/Newsletter/actions.js
2025-08-13 10:15:50,952 - Knowledge - INFO - worker kw1 pull /app/data/b2c/156786/b5961k4/mern-ecommerce-156786/client/app/containers/Account/index.js from ingest queue
2025-08-13 10:15:50,954 - Knowledge - INFO - adding /app/data/b2c/156786/b5961k4/mern-ecommerce-156786/client/app/containers/Login/reducer.js to ingest queue
2025-08-13 10:15:51,149 - Knowledge - INFO - process ingested knowledge for /app/data/b2c/156786/b5961k4/mern-ecommerce-156786/client/app/containers/Account/index.js
2025-08-13 10:15:51,274 - Knowledge - INFO - Found code-base-name: https://github.com/kavia-common/mern-ecommerce-156786.git:kavia-master
2025-08-13 10:15:51,274 - Knowledge - INFO - worker kw18 pull /app/data/b2c/156786/b5961k4/mern-ecommerce-156786/client/app/containers/Support/index.js from ingest queue
2025-08-13 10:15:51,389 - Knowledge - INFO - Found code-base-name: https://github.com/kavia-common/mern-ecommerce-156786.git:kavia-master
2025-08-13 10:15:51,389 - Knowledge - INFO - worker kw4 pull /app/data/b2c/156786/b5961k4/mern-ecommerce-156786/client/app/containers/AuthSuccess/index.js from ingest queue
2025-08-13 10:15:51,432 - Knowledge - INFO - Found code_base: <app.utils.kg_build.knowledge.KnowledgeCodeBase object at 0x7fdc0fcfba90>
2025-08-13 10:15:51,495 - Knowledge - INFO - worker kw14 pull /app/data/b2c/156786/b5961k4/mern-ecommerce-156786/client/app/containers/Brand/constants.js from ingest queue
2025-08-13 10:15:51,540 - Knowledge - INFO - adding /app/data/b2c/156786/b5961k4/mern-ecommerce-156786/client/app/containers/AccountSecurity/index.js to ingest queue
2025-08-13 10:15:51,600 - Knowledge - INFO - process ingested knowledge for /app/data/b2c/156786/b5961k4/mern-ecommerce-156786/client/app/containers/Support/index.js
2025-08-13 10:15:51,670 - Knowledge - INFO - Found code_base: <app.utils.kg_build.knowledge.KnowledgeCodeBase object at 0x7fdc0fcfba90>
2025-08-13 10:15:51,798 - Knowledge - INFO - process ingested knowledge for /app/data/b2c/156786/b5961k4/mern-ecommerce-156786/client/app/containers/AuthSuccess/index.js
2025-08-13 10:15:51,870 - Knowledge - INFO - persist ingested knowledge for /app/data/b2c/156786/b5961k4/mern-ecommerce-156786/client/app/containers/Newsletter/index.js
2025-08-13 10:15:52,000 - Knowledge - INFO - process ingested knowledge for /app/data/b2c/156786/b5961k4/mern-ecommerce-156786/client/app/containers/Brand/constants.js
2025-08-13 10:15:52,117 - Knowledge - INFO - adding /app/data/b2c/156786/b5961k4/mern-ecommerce-156786/client/app/containers/Login/index.js to ingest queue
2025-08-13 10:15:52,267 - Knowledge - INFO - persist ingested knowledge for /app/data/b2c/156786/b5961k4/mern-ecommerce-156786/client/app/containers/Account/constants.js
2025-08-13 10:15:52,639 - Knowledge - INFO - worker kw8 pull /app/data/b2c/156786/b5961k4/mern-ecommerce-156786/client/app/containers/Brand/Add.js from ingest queue
2025-08-13 10:15:52,640 - Knowledge - INFO - Found code-base-name: https://github.com/kavia-common/mern-ecommerce-156786.git:kavia-master
2025-08-13 10:15:52,697 - Knowledge - INFO - Found code-base-name: https://github.com/kavia-common/mern-ecommerce-156786.git:kavia-master
2025-08-13 10:15:52,697 - Knowledge - INFO - worker kw2 pull /app/data/b2c/156786/b5961k4/mern-ecommerce-156786/client/app/containers/Brand/actions.js from ingest queue
2025-08-13 10:15:52,751 - Knowledge - INFO - adding /app/data/b2c/156786/b5961k4/mern-ecommerce-156786/client/app/containers/Newsletter/actions.js to ingest queue
2025-08-13 10:15:52,919 - Knowledge - INFO - process ingested knowledge for /app/data/b2c/156786/b5961k4/mern-ecommerce-156786/client/app/containers/Brand/Add.js
2025-08-13 10:15:52,987 - Knowledge - INFO - Found code_base: <app.utils.kg_build.knowledge.KnowledgeCodeBase object at 0x7fdc0fcfba90>
2025-08-13 10:15:53,066 - Knowledge - INFO - Found code_base: <app.utils.kg_build.knowledge.KnowledgeCodeBase object at 0x7fdc0fcfba90>
2025-08-13 10:15:53,200 - Knowledge - INFO - process ingested knowledge for /app/data/b2c/156786/b5961k4/mern-ecommerce-156786/client/app/containers/Brand/actions.js
2025-08-13 10:15:53,322 - Knowledge - INFO - adding /app/data/b2c/156786/b5961k4/mern-ecommerce-156786/client/app/containers/Login/actions.js to ingest queue
2025-08-13 10:15:53,520 - Knowledge - INFO - persist ingested knowledge for /app/data/b2c/156786/b5961k4/mern-ecommerce-156786/client/app/containers/Account/actions.js
2025-08-13 10:15:53,611 - Knowledge - INFO - persist ingested knowledge for /app/data/b2c/156786/b5961k4/mern-ecommerce-156786/client/app/containers/Newsletter/reducer.js
2025-08-13 10:15:53,850 - Knowledge - INFO - Found code-base-name: https://github.com/kavia-common/mern-ecommerce-156786.git:kavia-master
2025-08-13 10:15:53,850 - Knowledge - INFO - adding /app/data/b2c/156786/b5961k4/mern-ecommerce-156786/client/app/containers/NavigationMenu/actions.js to ingest queue
2025-08-13 10:15:54,152 - Knowledge - INFO - Found code_base: <app.utils.kg_build.knowledge.KnowledgeCodeBase object at 0x7fdc0fcfba90>
2025-08-13 10:15:54,307 - Knowledge - INFO - adding /app/data/b2c/156786/b5961k4/mern-ecommerce-156786/client/app/containers/NavigationMenu/reducer.js to ingest queue
2025-08-13 10:15:54,360 - Knowledge - INFO - persist ingested knowledge for /app/data/b2c/156786/b5961k4/mern-ecommerce-156786/client/app/containers/Account/index.js
2025-08-13 10:15:54,451 - Knowledge - INFO - adding /app/data/b2c/156786/b5961k4/mern-ecommerce-156786/client/app/containers/Product/constants.js to ingest queue
2025-08-13 10:15:54,663 - Knowledge - INFO - adding /app/data/b2c/156786/b5961k4/mern-ecommerce-156786/client/app/containers/OrderPage/index.js to ingest queue
2025-08-13 10:15:54,763 - Knowledge - INFO - adding /app/data/b2c/156786/b5961k4/mern-ecommerce-156786/client/app/containers/OrderSuccess/index.js to ingest queue
2025-08-13 10:15:54,897 - Knowledge - INFO - worker kw10 pull /app/data/b2c/156786/b5961k4/mern-ecommerce-156786/client/app/containers/Brand/Edit.js from ingest queue
2025-08-13 10:15:54,897 - Knowledge - INFO - adding /app/data/b2c/156786/b5961k4/mern-ecommerce-156786/client/app/containers/Product/reducer.js to ingest queue
2025-08-13 10:15:55,054 - Knowledge - INFO - process ingested knowledge for /app/data/b2c/156786/b5961k4/mern-ecommerce-156786/client/app/containers/Brand/Edit.js
2025-08-13 10:15:55,148 - Knowledge - INFO - Found code-base-name: https://github.com/kavia-common/mern-ecommerce-156786.git:kavia-master
2025-08-13 10:15:55,210 - Knowledge - INFO - Found code-base-name: https://github.com/kavia-common/mern-ecommerce-156786.git:kavia-master
2025-08-13 10:15:55,450 - Knowledge - INFO - Found code_base: <app.utils.kg_build.knowledge.KnowledgeCodeBase object at 0x7fdc0fcfba90>
2025-08-13 10:15:55,210 - Knowledge - INFO - worker kw3 pull /app/data/b2c/156786/b5961k4/mern-ecommerce-156786/client/app/containers/Brand/reducer.js from ingest queue
2025-08-13 10:15:55,210 - Knowledge - INFO - worker kw7 pull /app/data/b2c/156786/b5961k4/mern-ecommerce-156786/client/app/containers/Brand/index.js from ingest queue
2025-08-13 10:15:55,210 - Knowledge - INFO - worker kw13 pull /app/data/b2c/156786/b5961k4/mern-ecommerce-156786/client/app/containers/Brand/List.js from ingest queue
2025-08-13 10:15:55,211 - Knowledge - INFO - adding /app/data/b2c/156786/b5961k4/mern-ecommerce-156786/client/app/containers/NavigationMenu/constants.js to ingest queue
2025-08-13 10:15:55,344 - Knowledge - INFO - Found code_base: <app.utils.kg_build.knowledge.KnowledgeCodeBase object at 0x7fdc0fcfba90>
2025-08-13 10:15:55,210 - Knowledge - INFO - Found code-base-name: https://github.com/kavia-common/mern-ecommerce-156786.git:kavia-master
2025-08-13 10:15:55,533 - Knowledge - INFO - persist ingested knowledge for /app/data/b2c/156786/b5961k4/mern-ecommerce-156786/client/app/containers/Brand/constants.js
2025-08-13 10:15:55,684 - Knowledge - INFO - process ingested knowledge for /app/data/b2c/156786/b5961k4/mern-ecommerce-156786/client/app/containers/Brand/reducer.js
2025-08-13 10:15:55,798 - Knowledge - INFO - process ingested knowledge for /app/data/b2c/156786/b5961k4/mern-ecommerce-156786/client/app/containers/Brand/index.js
2025-08-13 10:15:55,921 - Knowledge - INFO - process ingested knowledge for /app/data/b2c/156786/b5961k4/mern-ecommerce-156786/client/app/containers/Brand/List.js
2025-08-13 10:15:55,959 - Knowledge - INFO - Found code-base-name: https://github.com/kavia-common/mern-ecommerce-156786.git:kavia-master
2025-08-13 10:15:55,959 - Knowledge - INFO - worker kw21 pull /app/data/b2c/156786/b5961k4/mern-ecommerce-156786/client/app/containers/WishList/constants.js from ingest queue
2025-08-13 10:15:56,026 - Knowledge - INFO - worker kw16 pull /app/data/b2c/156786/b5961k4/mern-ecommerce-156786/client/app/containers/WishList/actions.js from ingest queue
2025-08-13 10:15:56,026 - Knowledge - INFO - worker kw22 pull /app/data/b2c/156786/b5961k4/mern-ecommerce-156786/client/app/containers/WishList/reducer.js from ingest queue
2025-08-13 10:15:56,026 - Knowledge - INFO - worker kw6 pull /app/data/b2c/156786/b5961k4/mern-ecommerce-156786/client/app/containers/WishList/index.js from ingest queue
2025-08-13 10:15:56,026 - Knowledge - INFO - Found code-base-name: https://github.com/kavia-common/mern-ecommerce-156786.git:kavia-master
2025-08-13 10:15:56,026 - Knowledge - INFO - worker kw19 pull /app/data/b2c/156786/b5961k4/mern-ecommerce-156786/client/app/containers/Notification/index.js from ingest queue
2025-08-13 10:15:56,026 - Knowledge - INFO - adding /app/data/b2c/156786/b5961k4/mern-ecommerce-156786/client/app/containers/Newsletter/index.js to ingest queue
2025-08-13 10:15:56,048 - Knowledge - INFO - persist ingested knowledge for /app/data/b2c/156786/b5961k4/mern-ecommerce-156786/client/app/containers/AuthSuccess/index.js
2025-08-13 10:15:56,124 - Knowledge - INFO - Found code_base: <app.utils.kg_build.knowledge.KnowledgeCodeBase object at 0x7fdc0fcfba90>
2025-08-13 10:15:56,656 - Knowledge - INFO - Found code_base: <app.utils.kg_build.knowledge.KnowledgeCodeBase object at 0x7fdc0fcfba90>
2025-08-13 10:15:56,801 - Knowledge - INFO - process ingested knowledge for /app/data/b2c/156786/b5961k4/mern-ecommerce-156786/client/app/containers/WishList/constants.js
2025-08-13 10:15:56,908 - Knowledge - INFO - process ingested knowledge for /app/data/b2c/156786/b5961k4/mern-ecommerce-156786/client/app/containers/WishList/actions.js
2025-08-13 10:15:57,010 - Knowledge - INFO - process ingested knowledge for /app/data/b2c/156786/b5961k4/mern-ecommerce-156786/client/app/containers/WishList/reducer.js
2025-08-13 10:15:57,104 - Knowledge - INFO - process ingested knowledge for /app/data/b2c/156786/b5961k4/mern-ecommerce-156786/client/app/containers/WishList/index.js
2025-08-13 10:15:57,145 - Knowledge - INFO - Found code_base: <app.utils.kg_build.knowledge.KnowledgeCodeBase object at 0x7fdc0fcfba90>
2025-08-13 10:15:57,289 - Knowledge - INFO - process ingested knowledge for /app/data/b2c/156786/b5961k4/mern-ecommerce-156786/client/app/containers/Notification/index.js
2025-08-13 10:15:57,331 - Knowledge - INFO - adding /app/data/b2c/156786/b5961k4/mern-ecommerce-156786/client/app/containers/Newsletter/constants.js to ingest queue
2025-08-13 10:15:57,542 - Knowledge - INFO - persist ingested knowledge for /app/data/b2c/156786/b5961k4/mern-ecommerce-156786/client/app/containers/Account/reducer.js
2025-08-13 10:15:57,643 - Knowledge - INFO - persist ingested knowledge for /app/data/b2c/156786/b5961k4/mern-ecommerce-156786/client/app/containers/Brand/actions.js
2025-08-13 10:15:58,159 - Knowledge - INFO - persist ingested knowledge for /app/data/b2c/156786/b5961k4/mern-ecommerce-156786/client/app/containers/Support/index.js
2025-08-13 10:15:58,447 - Knowledge - INFO - Found code-base-name: https://github.com/kavia-common/mern-ecommerce-156786.git:kavia-master
2025-08-13 10:15:58,447 - Knowledge - INFO - Found code-base-name: https://github.com/kavia-common/mern-ecommerce-156786.git:kavia-master
2025-08-13 10:15:58,447 - Knowledge - INFO - worker kw5 pull /app/data/b2c/156786/b5961k4/mern-ecommerce-156786/client/app/containers/BrandsPage/index.js from ingest queue
2025-08-13 10:15:58,505 - Knowledge - INFO - adding /app/data/b2c/156786/b5961k4/mern-ecommerce-156786/client/app/containers/Newsletter/reducer.js to ingest queue
2025-08-13 10:15:58,751 - Knowledge - INFO - Found code_base: <app.utils.kg_build.knowledge.KnowledgeCodeBase object at 0x7fdc0fcfba90>
2025-08-13 10:15:58,848 - Knowledge - INFO - Found code_base: <app.utils.kg_build.knowledge.KnowledgeCodeBase object at 0x7fdc0fcfba90>
2025-08-13 10:15:58,971 - Knowledge - INFO - process ingested knowledge for /app/data/b2c/156786/b5961k4/mern-ecommerce-156786/client/app/containers/BrandsPage/index.js
2025-08-13 10:15:59,113 - Knowledge - INFO - worker kw9 pull /app/data/b2c/156786/b5961k4/mern-ecommerce-156786/client/app/utils/base64.js from ingest queue
2025-08-13 10:15:59,113 - Knowledge - INFO - worker kw25 pull /app/data/b2c/156786/b5961k4/mern-ecommerce-156786/client/app/utils/store.js from ingest queue
2025-08-13 10:15:59,114 - Knowledge - INFO - Found code-base-name: https://github.com/kavia-common/mern-ecommerce-156786.git:kavia-master
2025-08-13 10:15:59,114 - Knowledge - INFO - Found code-base-name: https://github.com/kavia-common/mern-ecommerce-156786.git:kavia-master
2025-08-13 10:15:59,781 - Knowledge - INFO - Found code_base: <app.utils.kg_build.knowledge.KnowledgeCodeBase object at 0x7fdc0fcfba90>
2025-08-13 10:15:59,164 - Knowledge - INFO - persist ingested knowledge for /app/data/b2c/156786/b5961k4/mern-ecommerce-156786/client/app/containers/Brand/Add.js
2025-08-13 10:15:59,167 - Knowledge - INFO - Found code-base-name: https://github.com/kavia-common/mern-ecommerce-156786.git:kavia-master
2025-08-13 10:15:59,167 - Knowledge - INFO - adding /app/data/b2c/156786/b5961k4/mern-ecommerce-156786/client/app/containers/AuthSuccess/index.js to ingest queue
2025-08-13 10:15:59,245 - Knowledge - INFO - persist ingested knowledge for /app/data/b2c/156786/b5961k4/mern-ecommerce-156786/client/app/containers/Brand/Edit.js
2025-08-13 10:15:59,475 - Knowledge - INFO - process ingested knowledge for /app/data/b2c/156786/b5961k4/mern-ecommerce-156786/client/app/utils/base64.js
2025-08-13 10:15:59,579 - Knowledge - INFO - process ingested knowledge for /app/data/b2c/156786/b5961k4/mern-ecommerce-156786/client/app/utils/store.js
2025-08-13 10:15:59,653 - Knowledge - INFO - Found code_base: <app.utils.kg_build.knowledge.KnowledgeCodeBase object at 0x7fdc0fcfba90>
2025-08-13 10:15:59,114 - Knowledge - INFO - worker kw23 pull /app/data/b2c/156786/b5961k4/mern-ecommerce-156786/client/app/utils/token.js from ingest queue
2025-08-13 10:15:59,895 - Knowledge - INFO - persist ingested knowledge for /app/data/b2c/156786/b5961k4/mern-ecommerce-156786/client/app/containers/Brand/List.js
2025-08-13 10:16:00,085 - Knowledge - INFO - Found code_base: <app.utils.kg_build.knowledge.KnowledgeCodeBase object at 0x7fdc0fcfba90>
2025-08-13 10:16:00,207 - Knowledge - INFO - Found code-base-name: https://github.com/kavia-common/mern-ecommerce-156786.git:kavia-master
2025-08-13 10:16:00,207 - Knowledge - INFO - Found code-base-name: https://github.com/kavia-common/mern-ecommerce-156786.git:kavia-master
2025-08-13 10:16:00,208 - Knowledge - INFO - worker kw15 pull /app/data/b2c/156786/b5961k4/mern-ecommerce-156786/client/app/utils/app.js from ingest queue
2025-08-13 10:16:00,208 - Knowledge - INFO - adding /app/data/b2c/156786/b5961k4/mern-ecommerce-156786/client/app/containers/NavigationMenu/index.js to ingest queue
2025-08-13 10:16:00,653 - Knowledge - INFO - persist ingested knowledge for /app/data/b2c/156786/b5961k4/mern-ecommerce-156786/client/app/containers/Brand/index.js
2025-08-13 10:16:00,784 - Knowledge - INFO - process ingested knowledge for /app/data/b2c/156786/b5961k4/mern-ecommerce-156786/client/app/utils/token.js
2025-08-13 10:16:00,969 - Knowledge - INFO - persist ingested knowledge for /app/data/b2c/156786/b5961k4/mern-ecommerce-156786/client/app/containers/WishList/actions.js
2025-08-13 10:16:01,085 - Knowledge - INFO - Found code_base: <app.utils.kg_build.knowledge.KnowledgeCodeBase object at 0x7fdc0fcfba90>
2025-08-13 10:16:01,183 - Knowledge - INFO - Found code_base: <app.utils.kg_build.knowledge.KnowledgeCodeBase object at 0x7fdc0fcfba90>
2025-08-13 10:16:01,316 - Knowledge - INFO - process ingested knowledge for /app/data/b2c/156786/b5961k4/mern-ecommerce-156786/client/app/utils/app.js
2025-08-13 10:16:01,450 - Knowledge - INFO - adding /app/data/b2c/156786/b5961k4/mern-ecommerce-156786/client/app/containers/Account/actions.js to ingest queue
2025-08-13 10:16:01,790 - Knowledge - INFO - persist ingested knowledge for /app/data/b2c/156786/b5961k4/mern-ecommerce-156786/client/app/containers/WishList/index.js
2025-08-13 10:16:01,876 - Knowledge - INFO - persist ingested knowledge for /app/data/b2c/156786/b5961k4/mern-ecommerce-156786/client/app/containers/Notification/index.js
2025-08-13 10:16:02,181 - Knowledge - INFO - worker kw17 pull /app/data/b2c/156786/b5961k4/mern-ecommerce-156786/client/app/utils/validation.js from ingest queue
2025-08-13 10:16:02,181 - Knowledge - INFO - adding /app/data/b2c/156786/b5961k4/mern-ecommerce-156786/client/app/containers/Account/index.js to ingest queue
2025-08-13 10:16:02,378 - Knowledge - INFO - process ingested knowledge for /app/data/b2c/156786/b5961k4/mern-ecommerce-156786/client/app/utils/validation.js
2025-08-13 10:16:02,456 - Knowledge - INFO - Found code-base-name: https://github.com/kavia-common/mern-ecommerce-156786.git:kavia-master
2025-08-13 10:16:02,641 - Knowledge - INFO - Found code_base: <app.utils.kg_build.knowledge.KnowledgeCodeBase object at 0x7fdc0fcfba90>
2025-08-13 10:16:02,457 - Knowledge - INFO - Found code-base-name: https://github.com/kavia-common/mern-ecommerce-156786.git:kavia-master
2025-08-13 10:16:02,459 - Knowledge - INFO - Found code-base-name: https://github.com/kavia-common/mern-ecommerce-156786.git:kavia-master
2025-08-13 10:16:02,951 - Knowledge - INFO - Found code_base: <app.utils.kg_build.knowledge.KnowledgeCodeBase object at 0x7fdc0fcfba90>
2025-08-13 10:16:02,586 - Knowledge - INFO - adding /app/data/b2c/156786/b5961k4/mern-ecommerce-156786/client/app/containers/Brand/Edit.js to ingest queue
2025-08-13 10:16:02,458 - Knowledge - INFO - Found code-base-name: https://github.com/kavia-common/mern-ecommerce-156786.git:kavia-master
2025-08-13 10:16:02,753 - Knowledge - INFO - persist ingested knowledge for /app/data/b2c/156786/b5961k4/mern-ecommerce-156786/client/app/containers/Brand/reducer.js
2025-08-13 10:16:02,874 - Knowledge - INFO - Found code_base: <app.utils.kg_build.knowledge.KnowledgeCodeBase object at 0x7fdc0fcfba90>
2025-08-13 10:16:02,528 - Knowledge - INFO - worker kw4 pull /app/data/b2c/156786/b5961k4/mern-ecommerce-156786/client/app/utils/date.js from ingest queue
2025-08-13 10:16:03,071 - Knowledge - INFO - persist ingested knowledge for /app/data/b2c/156786/b5961k4/mern-ecommerce-156786/client/app/containers/BrandsPage/index.js
2025-08-13 10:16:03,195 - Knowledge - INFO - Found code-base-name: https://github.com/kavia-common/mern-ecommerce-156786.git:kavia-master
2025-08-13 10:16:03,267 - Knowledge - INFO - worker kw11 pull /app/data/b2c/156786/b5961k4/mern-ecommerce-156786/client/app/utils/error.js from ingest queue
2025-08-13 10:16:03,318 - Knowledge - INFO - Found code-base-name: https://github.com/kavia-common/mern-ecommerce-156786.git:kavia-master
2025-08-13 10:16:03,354 - Knowledge - INFO - Found code_base: <app.utils.kg_build.knowledge.KnowledgeCodeBase object at 0x7fdc0fcfba90>
2025-08-13 10:16:03,405 - Knowledge - INFO - Found code-base-name: https://github.com/kavia-common/mern-ecommerce-156786.git:kavia-master
2025-08-13 10:16:03,405 - Knowledge - INFO - worker kw12 pull /app/data/b2c/156786/b5961k4/mern-ecommerce-156786/client/app/utils/index.js from ingest queue
2025-08-13 10:16:03,405 - Knowledge - INFO - adding /app/data/b2c/156786/b5961k4/mern-ecommerce-156786/client/app/containers/Brand/actions.js to ingest queue
2025-08-13 10:16:03,552 - Knowledge - INFO - persist ingested knowledge for /app/data/b2c/156786/b5961k4/mern-ecommerce-156786/client/app/containers/WishList/constants.js
2025-08-13 10:16:03,680 - Knowledge - INFO - process ingested knowledge for /app/data/b2c/156786/b5961k4/mern-ecommerce-156786/client/app/utils/date.js
2025-08-13 10:16:03,843 - Knowledge - INFO - Found code_base: <app.utils.kg_build.knowledge.KnowledgeCodeBase object at 0x7fdc0fcfba90>
2025-08-13 10:16:03,999 - Knowledge - INFO - process ingested knowledge for /app/data/b2c/156786/b5961k4/mern-ecommerce-156786/client/app/utils/error.js
2025-08-13 10:16:04,049 - Knowledge - INFO - Found code_base: <app.utils.kg_build.knowledge.KnowledgeCodeBase object at 0x7fdc0fcfba90>
2025-08-13 10:16:04,138 - Knowledge - INFO - persist ingested knowledge for /app/data/b2c/156786/b5961k4/mern-ecommerce-156786/client/app/containers/WishList/reducer.js
2025-08-13 10:16:04,241 - Knowledge - INFO - Found code_base: <app.utils.kg_build.knowledge.KnowledgeCodeBase object at 0x7fdc0fcfba90>
2025-08-13 10:16:04,377 - Knowledge - INFO - process ingested knowledge for /app/data/b2c/156786/b5961k4/mern-ecommerce-156786/client/app/utils/index.js
2025-08-13 10:16:04,421 - Knowledge - INFO - adding /app/data/b2c/156786/b5961k4/mern-ecommerce-156786/client/app/containers/Support/index.js to ingest queue
2025-08-13 10:16:04,720 - Knowledge - INFO - persist ingested knowledge for /app/data/b2c/156786/b5961k4/mern-ecommerce-156786/client/app/utils/store.js
2025-08-13 10:16:04,903 - Knowledge - INFO - persist ingested knowledge for /app/data/b2c/156786/b5961k4/mern-ecommerce-156786/client/app/utils/token.js
2025-08-13 10:16:05,116 - Knowledge - INFO - persist ingested knowledge for /app/data/b2c/156786/b5961k4/mern-ecommerce-156786/client/app/utils/app.js
2025-08-13 10:16:05,447 - Knowledge - INFO - worker kw1 pull /app/data/b2c/156786/b5961k4/mern-ecommerce-156786/client/app/utils/select.js from ingest queue
2025-08-13 10:16:05,447 - Knowledge - INFO - adding /app/data/b2c/156786/b5961k4/mern-ecommerce-156786/client/app/containers/Account/constants.js to ingest queue
2025-08-13 10:16:05,767 - Knowledge - INFO - process ingested knowledge for /app/data/b2c/156786/b5961k4/mern-ecommerce-156786/client/app/utils/select.js
2025-08-13 10:16:05,833 - Knowledge - INFO - Found code-base-name: https://github.com/kavia-common/mern-ecommerce-156786.git:kavia-master
2025-08-13 10:16:05,833 - Knowledge - INFO - Found code-base-name: https://github.com/kavia-common/mern-ecommerce-156786.git:kavia-master
2025-08-13 10:16:05,835 - Knowledge - INFO - worker kw10 pull /app/data/b2c/156786/b5961k4/mern-ecommerce-156786/client/app/constants/index.js from ingest queue
2025-08-13 10:16:05,835 - Knowledge - INFO - adding /app/data/b2c/156786/b5961k4/mern-ecommerce-156786/client/app/containers/Account/reducer.js to ingest queue
2025-08-13 10:16:06,025 - Knowledge - INFO - Found code_base: <app.utils.kg_build.knowledge.KnowledgeCodeBase object at 0x7fdc0fcfba90>
2025-08-13 10:16:06,435 - Knowledge - INFO - persist ingested knowledge for /app/data/b2c/156786/b5961k4/mern-ecommerce-156786/client/app/utils/validation.js
2025-08-13 10:16:06,273 - Knowledge - INFO - process ingested knowledge for /app/data/b2c/156786/b5961k4/mern-ecommerce-156786/client/app/constants/index.js
2025-08-13 10:16:06,351 - Knowledge - INFO - adding /app/data/b2c/156786/b5961k4/mern-ecommerce-156786/client/app/containers/Brand/index.js to ingest queue
2025-08-13 10:16:06,119 - Knowledge - INFO - Found code_base: <app.utils.kg_build.knowledge.KnowledgeCodeBase object at 0x7fdc0fcfba90>
2025-08-13 10:16:06,708 - Knowledge - INFO - adding /app/data/b2c/156786/b5961k4/mern-ecommerce-156786/client/app/containers/WishList/actions.js to ingest queue
2025-08-13 10:16:06,805 - Knowledge - INFO - persist ingested knowledge for /app/data/b2c/156786/b5961k4/mern-ecommerce-156786/client/app/utils/base64.js
2025-08-13 10:16:07,050 - Knowledge - INFO - worker kw2 pull /app/data/b2c/156786/b5961k4/mern-ecommerce-156786/client/app/index.js from ingest queue
2025-08-13 10:16:07,111 - Knowledge - INFO - Found code-base-name: https://github.com/kavia-common/mern-ecommerce-156786.git:kavia-master
2025-08-13 10:16:07,174 - Knowledge - INFO - adding /app/data/b2c/156786/b5961k4/mern-ecommerce-156786/client/app/containers/WishList/reducer.js to ingest queue
2025-08-13 10:16:07,183 - Knowledge - INFO - process ingested knowledge for /app/data/b2c/156786/b5961k4/mern-ecommerce-156786/client/app/index.js
2025-08-13 10:16:07,244 - Knowledge - INFO - Found code_base: <app.utils.kg_build.knowledge.KnowledgeCodeBase object at 0x7fdc0fcfba90>
2025-08-13 10:16:07,325 - Knowledge - INFO - worker kw18 pull /app/data/b2c/156786/b5961k4/mern-ecommerce-156786/client/vercel.json from ingest queue
2025-08-13 10:16:07,327 - Knowledge - INFO - adding /app/data/b2c/156786/b5961k4/mern-ecommerce-156786/client/app/containers/Brand/constants.js to ingest queue
2025-08-13 10:16:07,485 - Knowledge - INFO - persist ingested knowledge for /app/data/b2c/156786/b5961k4/mern-ecommerce-156786/client/app/utils/error.js
2025-08-13 10:16:07,638 - Knowledge - INFO - process ingested knowledge for /app/data/b2c/156786/b5961k4/mern-ecommerce-156786/client/vercel.json
2025-08-13 10:16:07,689 - Knowledge - INFO - adding /app/data/b2c/156786/b5961k4/mern-ecommerce-156786/client/app/containers/Brand/Add.js to ingest queue
2025-08-13 10:16:08,011 - Knowledge - INFO - adding /app/data/b2c/156786/b5961k4/mern-ecommerce-156786/client/app/containers/Notification/index.js to ingest queue
2025-08-13 10:16:08,200 - Knowledge - INFO - worker kw24 pull /app/data/b2c/156786/b5961k4/mern-ecommerce-156786/client/webpack/webpack.dev.js from ingest queue
2025-08-13 10:16:08,200 - Knowledge - INFO - Found code-base-name: https://github.com/kavia-common/mern-ecommerce-156786.git:kavia-master
2025-08-13 10:16:08,201 - Knowledge - INFO - worker kw20 pull /app/data/b2c/156786/b5961k4/mern-ecommerce-156786/client/webpack/webpack.prod.js from ingest queue
2025-08-13 10:16:08,266 - Knowledge - INFO - worker kw7 pull /app/data/b2c/156786/b5961k4/mern-ecommerce-156786/client/webpack/webpack.common.js from ingest queue
2025-08-13 10:16:08,266 - Knowledge - INFO - adding /app/data/b2c/156786/b5961k4/mern-ecommerce-156786/client/app/containers/WishList/index.js to ingest queue
2025-08-13 10:16:08,340 - Knowledge - INFO - process ingested knowledge for /app/data/b2c/156786/b5961k4/mern-ecommerce-156786/client/webpack/webpack.dev.js
2025-08-13 10:16:08,408 - Knowledge - INFO - Found code_base: <app.utils.kg_build.knowledge.KnowledgeCodeBase object at 0x7fdc0fcfba90>
2025-08-13 10:16:08,535 - Knowledge - INFO - process ingested knowledge for /app/data/b2c/156786/b5961k4/mern-ecommerce-156786/client/webpack/webpack.prod.js
2025-08-13 10:16:08,652 - Knowledge - INFO - process ingested knowledge for /app/data/b2c/156786/b5961k4/mern-ecommerce-156786/client/webpack/webpack.common.js
2025-08-13 10:16:08,778 - Knowledge - INFO - adding /app/data/b2c/156786/b5961k4/mern-ecommerce-156786/client/app/containers/Brand/reducer.js to ingest queue
2025-08-13 10:16:08,894 - Knowledge - INFO - persist ingested knowledge for /app/data/b2c/156786/b5961k4/mern-ecommerce-156786/client/app/utils/select.js
2025-08-13 10:16:09,144 - Knowledge - INFO - Found code-base-name: https://github.com/kavia-common/mern-ecommerce-156786.git:kavia-master
2025-08-13 10:16:09,145 - Knowledge - INFO - adding /app/data/b2c/156786/b5961k4/mern-ecommerce-156786/client/app/containers/BrandsPage/index.js to ingest queue
2025-08-13 10:16:09,306 - Knowledge - INFO - Found code_base: <app.utils.kg_build.knowledge.KnowledgeCodeBase object at 0x7fdc0fcfba90>
2025-08-13 10:16:09,408 - Knowledge - INFO - adding /app/data/b2c/156786/b5961k4/mern-ecommerce-156786/client/app/containers/WishList/constants.js to ingest queue
2025-08-13 10:16:09,490 - Knowledge - INFO - persist ingested knowledge for /app/data/b2c/156786/b5961k4/mern-ecommerce-156786/client/app/utils/date.js
2025-08-13 10:16:09,610 - Knowledge - INFO - Found code-base-name: https://github.com/kavia-common/mern-ecommerce-156786.git:kavia-master
2025-08-13 10:16:09,673 - Knowledge - INFO - worker kw22 pull /app/data/b2c/156786/b5961k4/mern-ecommerce-156786/client/public/index.html from ingest queue
2025-08-13 10:16:09,673 - Knowledge - INFO - Found code-base-name: https://github.com/kavia-common/mern-ecommerce-156786.git:kavia-master
2025-08-13 10:16:09,728 - Knowledge - INFO - Found code-base-name: https://github.com/kavia-common/mern-ecommerce-156786.git:kavia-master
2025-08-13 10:16:09,728 - Knowledge - INFO - worker kw8 pull /app/data/b2c/156786/b5961k4/mern-ecommerce-156786/package.json from ingest queue
2025-08-13 10:16:09,728 - Knowledge - INFO - adding /app/data/b2c/156786/b5961k4/mern-ecommerce-156786/client/app/utils/token.js to ingest queue
2025-08-13 10:16:09,811 - Knowledge - INFO - Found code_base: <app.utils.kg_build.knowledge.KnowledgeCodeBase object at 0x7fdc0fcfba90>
2025-08-13 10:16:09,926 - Knowledge - INFO - process ingested knowledge for /app/data/b2c/156786/b5961k4/mern-ecommerce-156786/client/public/index.html
2025-08-13 10:16:09,974 - Knowledge - INFO - Found code_base: <app.utils.kg_build.knowledge.KnowledgeCodeBase object at 0x7fdc0fcfba90>
2025-08-13 10:16:10,074 - Knowledge - INFO - Found code_base: <app.utils.kg_build.knowledge.KnowledgeCodeBase object at 0x7fdc0fcfba90>
2025-08-13 10:16:10,186 - Knowledge - INFO - Thread kw8 - File package.json - Remaining files in queue: 310
2025-08-13 10:16:10,277 - Knowledge - INFO - adding /app/data/b2c/156786/b5961k4/mern-ecommerce-156786/client/app/containers/Brand/List.js to ingest queue
2025-08-13 10:16:10,360 - Knowledge - INFO - persist ingested knowledge for /app/data/b2c/156786/b5961k4/mern-ecommerce-156786/client/app/utils/index.js
2025-08-13 10:16:10,576 - Knowledge - INFO - persist ingested knowledge for /app/data/b2c/156786/b5961k4/mern-ecommerce-156786/client/app/index.js
2025-08-13 10:16:10,690 - Knowledge - INFO - persist ingested knowledge for /app/data/b2c/156786/b5961k4/mern-ecommerce-156786/client/vercel.json
2025-08-13 10:16:10,792 - Knowledge - INFO - start ingest for /app/data/b2c/156786/b5961k4/mern-ecommerce-156786/package.json
2025-08-13 10:16:10,884 - Knowledge - INFO - adding /app/data/b2c/156786/b5961k4/mern-ecommerce-156786/client/app/utils/app.js to ingest queue
2025-08-13 10:16:11,300 - Knowledge - INFO - Fast-track processing for simple file: /app/data/b2c/156786/b5961k4/mern-ecommerce-156786/package.json
2025-08-13 10:16:11,490 - Knowledge - INFO - done fast ingest for /app/data/b2c/156786/b5961k4/mern-ecommerce-156786/package.json
2025-08-13 10:16:11,377 - Knowledge - INFO - worker kw16 pull /app/data/b2c/156786/b5961k4/mern-ecommerce-156786/README.md from ingest queue
2025-08-13 10:16:11,378 - Knowledge - INFO - adding /app/data/b2c/156786/b5961k4/mern-ecommerce-156786/client/app/utils/validation.js to ingest queue
2025-08-13 10:16:11,376 - Knowledge - INFO - Found code-base-name: https://github.com/kavia-common/mern-ecommerce-156786.git:kavia-master
2025-08-13 10:16:11,582 - Knowledge - INFO - process ingested knowledge for /app/data/b2c/156786/b5961k4/mern-ecommerce-156786/package.json
2025-08-13 10:16:11,700 - Knowledge - INFO - Thread kw16 - File README.md - Remaining files in queue: 312
2025-08-13 10:16:11,801 - Knowledge - INFO - adding /app/data/b2c/156786/b5961k4/mern-ecommerce-156786/client/app/utils/base64.js to ingest queue
2025-08-13 10:16:11,885 - Knowledge - INFO - Found code_base: <app.utils.kg_build.knowledge.KnowledgeCodeBase object at 0x7fdc0fcfba90>
2025-08-13 10:16:12,047 - Knowledge - INFO - start ingest for /app/data/b2c/156786/b5961k4/mern-ecommerce-156786/README.md
2025-08-13 10:16:12,135 - Knowledge - INFO - Found code-base-name: https://github.com/kavia-common/mern-ecommerce-156786.git:kavia-master
2025-08-13 10:16:12,136 - Knowledge - INFO - Found code-base-name: https://github.com/kavia-common/mern-ecommerce-156786.git:kavia-master
2025-08-13 10:16:12,136 - Knowledge - INFO - Found code-base-name: https://github.com/kavia-common/mern-ecommerce-156786.git:kavia-master
2025-08-13 10:16:12,136 - Knowledge - INFO - worker kw3 pull /app/data/b2c/156786/b5961k4/mern-ecommerce-156786/docker-compose.yml from ingest queue
2025-08-13 10:16:12,196 - Knowledge - INFO - worker kw21 pull /app/data/b2c/156786/b5961k4/mern-ecommerce-156786/SECURITY.md from ingest queue
2025-08-13 10:16:12,196 - Knowledge - INFO - adding /app/data/b2c/156786/b5961k4/mern-ecommerce-156786/client/app/utils/store.js to ingest queue
2025-08-13 10:16:12,263 - Knowledge - INFO - persist ingested knowledge for /app/data/b2c/156786/b5961k4/mern-ecommerce-156786/client/app/constants/index.js
2025-08-13 10:16:12,362 - Knowledge - INFO - Fast-track processing for simple file: /app/data/b2c/156786/b5961k4/mern-ecommerce-156786/README.md
2025-08-13 10:16:12,453 - Knowledge - INFO - Found code_base: <app.utils.kg_build.knowledge.KnowledgeCodeBase object at 0x7fdc0fcfba90>
2025-08-13 10:16:12,573 - Knowledge - INFO - Found code_base: <app.utils.kg_build.knowledge.KnowledgeCodeBase object at 0x7fdc0fcfba90>
2025-08-13 10:16:12,678 - Knowledge - INFO - Found code_base: <app.utils.kg_build.knowledge.KnowledgeCodeBase object at 0x7fdc0fcfba90>
2025-08-13 10:16:12,778 - Knowledge - INFO - Thread kw3 - File docker-compose.yml - Remaining files in queue: 312
2025-08-13 10:16:13,627 - Knowledge - INFO - start ingest for /app/data/b2c/156786/b5961k4/mern-ecommerce-156786/docker-compose.yml
2025-08-13 10:16:13,097 - Knowledge - INFO - adding /app/data/b2c/156786/b5961k4/mern-ecommerce-156786/client/app/utils/error.js to ingest queue
2025-08-13 10:16:13,218 - Knowledge - INFO - done fast ingest for /app/data/b2c/156786/b5961k4/mern-ecommerce-156786/README.md
2025-08-13 10:16:13,325 - Knowledge - INFO - persist ingested knowledge for /app/data/b2c/156786/b5961k4/mern-ecommerce-156786/client/webpack/webpack.dev.js
2025-08-13 10:16:13,405 - Knowledge - INFO - persist ingested knowledge for /app/data/b2c/156786/b5961k4/mern-ecommerce-156786/client/webpack/webpack.prod.js
2025-08-13 10:16:13,507 - Knowledge - INFO - persist ingested knowledge for /app/data/b2c/156786/b5961k4/mern-ecommerce-156786/client/webpack/webpack.common.js
2025-08-13 10:16:12,895 - Knowledge - INFO - Thread kw21 - File SECURITY.md - Remaining files in queue: 312
2025-08-13 10:16:13,747 - Knowledge - INFO - Fast-track processing for simple file: /app/data/b2c/156786/b5961k4/mern-ecommerce-156786/docker-compose.yml
2025-08-13 10:16:13,850 - Knowledge - INFO - worker kw19 pull /app/data/b2c/156786/b5961k4/mern-ecommerce-156786/server/nodemon.json from ingest queue
2025-08-13 10:16:13,850 - Knowledge - INFO - worker kw23 pull /app/data/b2c/156786/b5961k4/mern-ecommerce-156786/server/services/mailgun.js from ingest queue
2025-08-13 10:16:13,851 - Knowledge - INFO - worker kw13 pull /app/data/b2c/156786/b5961k4/mern-ecommerce-156786/server/services/mailchimp.js from ingest queue
2025-08-13 10:16:13,912 - Knowledge - INFO - worker kw15 pull /app/data/b2c/156786/b5961k4/mern-ecommerce-156786/server/package.json from ingest queue
2025-08-13 10:16:13,912 - Knowledge - INFO - adding /app/data/b2c/156786/b5961k4/mern-ecommerce-156786/client/app/index.js to ingest queue
2025-08-13 10:16:13,951 - Knowledge - INFO - process ingested knowledge for /app/data/b2c/156786/b5961k4/mern-ecommerce-156786/README.md
2025-08-13 10:16:14,414 - Knowledge - INFO - start ingest for /app/data/b2c/156786/b5961k4/mern-ecommerce-156786/SECURITY.md
2025-08-13 10:16:14,514 - Knowledge - INFO - done fast ingest for /app/data/b2c/156786/b5961k4/mern-ecommerce-156786/docker-compose.yml
2025-08-13 10:16:14,627 - Knowledge - INFO - Thread kw19 - File nodemon.json - Remaining files in queue: 310
2025-08-13 10:16:14,701 - Knowledge - INFO - Thread kw23 - File mailgun.js - Remaining files in queue: 310
2025-08-13 10:16:14,810 - Knowledge - INFO - Thread kw13 - File mailchimp.js - Remaining files in queue: 310
2025-08-13 10:16:14,928 - Knowledge - INFO - Thread kw15 - File package.json - Remaining files in queue: 310
2025-08-13 10:16:15,016 - Knowledge - INFO - Found code-base-name: https://github.com/kavia-common/mern-ecommerce-156786.git:kavia-master
2025-08-13 10:16:15,818 - Knowledge - INFO - Found code_base: <app.utils.kg_build.knowledge.KnowledgeCodeBase object at 0x7fdc0fcfba90>
2025-08-13 10:16:15,017 - Knowledge - INFO - worker kw5 pull /app/data/b2c/156786/b5961k4/mern-ecommerce-156786/server/models/wishlist.js from ingest queue
2025-08-13 10:16:15,017 - Knowledge - INFO - adding /app/data/b2c/156786/b5961k4/mern-ecommerce-156786/client/app/utils/select.js to ingest queue
2025-08-13 10:16:15,215 - Knowledge - INFO - Fast-track processing for simple file: /app/data/b2c/156786/b5961k4/mern-ecommerce-156786/SECURITY.md
2025-08-13 10:16:15,334 - Knowledge - INFO - process ingested knowledge for /app/data/b2c/156786/b5961k4/mern-ecommerce-156786/docker-compose.yml
2025-08-13 10:16:15,437 - Knowledge - INFO - start ingest for /app/data/b2c/156786/b5961k4/mern-ecommerce-156786/server/nodemon.json
2025-08-13 10:16:15,539 - Knowledge - INFO - start ingest for /app/data/b2c/156786/b5961k4/mern-ecommerce-156786/server/services/mailgun.js
2025-08-13 10:16:15,623 - Knowledge - INFO - start ingest for /app/data/b2c/156786/b5961k4/mern-ecommerce-156786/server/services/mailchimp.js
2025-08-13 10:16:15,701 - Knowledge - INFO - start ingest for /app/data/b2c/156786/b5961k4/mern-ecommerce-156786/server/package.json
2025-08-13 10:16:15,017 - Knowledge - INFO - worker kw9 pull /app/data/b2c/156786/b5961k4/mern-ecommerce-156786/server/models/product.js from ingest queue
2025-08-13 10:16:15,929 - Knowledge - INFO - persist ingested knowledge for /app/data/b2c/156786/b5961k4/mern-ecommerce-156786/package.json
2025-08-13 10:16:16,027 - Knowledge - INFO - Thread kw5 - File wishlist.js - Remaining files in queue: 309
2025-08-13 10:16:16,142 - Knowledge - INFO - adding /app/data/b2c/156786/b5961k4/mern-ecommerce-156786/client/app/utils/date.js to ingest queue
2025-08-13 10:16:16,282 - Knowledge - INFO - done fast ingest for /app/data/b2c/156786/b5961k4/mern-ecommerce-156786/SECURITY.md
2025-08-13 10:16:16,510 - Knowledge - INFO - Fast-track processing for simple file: /app/data/b2c/156786/b5961k4/mern-ecommerce-156786/server/nodemon.json
2025-08-13 10:16:16,836 - Knowledge - INFO - Fast-track processing for simple file: /app/data/b2c/156786/b5961k4/mern-ecommerce-156786/server/package.json
2025-08-13 10:16:16,951 - Knowledge - INFO - Thread kw9 - File product.js - Remaining files in queue: 310
2025-08-13 10:16:17,189 - Knowledge - INFO - start ingest for /app/data/b2c/156786/b5961k4/mern-ecommerce-156786/server/models/wishlist.js
2025-08-13 10:16:17,370 - Knowledge - INFO - worker kw11 pull /app/data/b2c/156786/b5961k4/mern-ecommerce-156786/server/models/brand.js from ingest queue
2025-08-13 10:16:17,370 - Knowledge - INFO - Found code-base-name: https://github.com/kavia-common/mern-ecommerce-156786.git:kavia-master
2025-08-13 10:16:18,016 - Knowledge - INFO - Found code_base: <app.utils.kg_build.knowledge.KnowledgeCodeBase object at 0x7fdc0fcfba90>
2025-08-13 10:16:17,438 - Knowledge - INFO - worker kw6 pull /app/data/b2c/156786/b5961k4/mern-ecommerce-156786/server/models/user.js from ingest queue
2025-08-13 10:16:17,438 - Knowledge - INFO - worker kw17 pull /app/data/b2c/156786/b5961k4/mern-ecommerce-156786/server/models/address.js from ingest queue
2025-08-13 10:16:17,481 - Knowledge - INFO - done fast ingest for /app/data/b2c/156786/b5961k4/mern-ecommerce-156786/server/nodemon.json
2025-08-13 10:16:17,487 - Knowledge - INFO - worker kw14 pull /app/data/b2c/156786/b5961k4/mern-ecommerce-156786/server/models/category.js from ingest queue
2025-08-13 10:16:17,487 - Knowledge - INFO - worker kw25 pull /app/data/b2c/156786/b5961k4/mern-ecommerce-156786/server/models/merchant.js from ingest queue
2025-08-13 10:16:17,487 - Knowledge - INFO - Found code-base-name: https://github.com/kavia-common/mern-ecommerce-156786.git:kavia-master
2025-08-13 10:16:17,487 - Knowledge - INFO - Found code-base-name: https://github.com/kavia-common/mern-ecommerce-156786.git:kavia-master
2025-08-13 10:16:17,488 - Knowledge - INFO - worker kw1 pull /app/data/b2c/156786/b5961k4/mern-ecommerce-156786/server/models/cart.js from ingest queue
2025-08-13 10:16:17,488 - Knowledge - INFO - worker kw4 pull /app/data/b2c/156786/b5961k4/mern-ecommerce-156786/server/models/contact.js from ingest queue
2025-08-13 10:16:17,557 - Knowledge - INFO - adding /app/data/b2c/156786/b5961k4/mern-ecommerce-156786/client/vercel.json to ingest queue
2025-08-13 10:16:17,583 - Knowledge - INFO - done fast ingest for /app/data/b2c/156786/b5961k4/mern-ecommerce-156786/server/package.json
2025-08-13 10:16:17,680 - Knowledge - INFO - start ingest for /app/data/b2c/156786/b5961k4/mern-ecommerce-156786/server/models/product.js
2025-08-13 10:16:17,873 - Knowledge - INFO - Thread kw11 - File brand.js - Remaining files in queue: 304
2025-08-13 10:16:17,395 - Knowledge - INFO - process ingested knowledge for /app/data/b2c/156786/b5961k4/mern-ecommerce-156786/SECURITY.md
2025-08-13 10:16:18,142 - Knowledge - INFO - persist ingested knowledge for /app/data/b2c/156786/b5961k4/mern-ecommerce-156786/client/public/index.html
2025-08-13 10:16:18,265 - Knowledge - INFO - Thread kw6 - File user.js - Remaining files in queue: 304
2025-08-13 10:16:18,359 - Knowledge - INFO - Thread kw17 - File address.js - Remaining files in queue: 304
2025-08-13 10:16:18,576 - Knowledge - INFO - process ingested knowledge for /app/data/b2c/156786/b5961k4/mern-ecommerce-156786/server/nodemon.json
2025-08-13 10:16:18,667 - Knowledge - INFO - Thread kw14 - File category.js - Remaining files in queue: 304
2025-08-13 10:16:18,775 - Knowledge - INFO - Thread kw25 - File merchant.js - Remaining files in queue: 304
2025-08-13 10:16:18,866 - Knowledge - INFO - Found code_base: <app.utils.kg_build.knowledge.KnowledgeCodeBase object at 0x7fdc0fcfba90>
2025-08-13 10:16:18,954 - Knowledge - INFO - Found code_base: <app.utils.kg_build.knowledge.KnowledgeCodeBase object at 0x7fdc0fcfba90>
2025-08-13 10:16:19,068 - Knowledge - INFO - Thread kw1 - File cart.js - Remaining files in queue: 304
2025-08-13 10:16:19,160 - Knowledge - INFO - Thread kw4 - File contact.js - Remaining files in queue: 304
2025-08-13 10:16:19,360 - Knowledge - INFO - process ingested knowledge for /app/data/b2c/156786/b5961k4/mern-ecommerce-156786/server/package.json
2025-08-13 10:16:19,365 - Knowledge - INFO - worker kw2 pull /app/data/b2c/156786/b5961k4/mern-ecommerce-156786/server/routes/api/newsletter.js from ingest queue
2025-08-13 10:16:19,366 - Knowledge - INFO - adding /app/data/b2c/156786/b5961k4/mern-ecommerce-156786/client/webpack/webpack.common.js to ingest queue
2025-08-13 10:16:19,589 - Knowledge - INFO - start ingest for /app/data/b2c/156786/b5961k4/mern-ecommerce-156786/server/models/brand.js
2025-08-13 10:16:19,865 - Knowledge - INFO - start ingest for /app/data/b2c/156786/b5961k4/mern-ecommerce-156786/server/models/user.js
2025-08-13 10:16:19,944 - Knowledge - INFO - start ingest for /app/data/b2c/156786/b5961k4/mern-ecommerce-156786/server/models/address.js
2025-08-13 10:16:20,153 - Knowledge - INFO - start ingest for /app/data/b2c/156786/b5961k4/mern-ecommerce-156786/server/models/category.js
2025-08-13 10:16:20,265 - Knowledge - INFO - start ingest for /app/data/b2c/156786/b5961k4/mern-ecommerce-156786/server/models/merchant.js
2025-08-13 10:16:20,359 - Knowledge - INFO - persist ingested knowledge for /app/data/b2c/156786/b5961k4/mern-ecommerce-156786/README.md
2025-08-13 10:16:20,439 - Knowledge - INFO - persist ingested knowledge for /app/data/b2c/156786/b5961k4/mern-ecommerce-156786/docker-compose.yml
2025-08-13 10:16:20,530 - Knowledge - INFO - start ingest for /app/data/b2c/156786/b5961k4/mern-ecommerce-156786/server/models/cart.js
2025-08-13 10:16:20,641 - Knowledge - INFO - start ingest for /app/data/b2c/156786/b5961k4/mern-ecommerce-156786/server/models/contact.js
2025-08-13 10:16:20,860 - Knowledge - INFO - Thread kw2 - File newsletter.js - Remaining files in queue: 304
2025-08-13 10:16:21,048 - Knowledge - INFO - adding /app/data/b2c/156786/b5961k4/mern-ecommerce-156786/client/app/constants/index.js to ingest queue
2025-08-13 10:16:21,864 - Knowledge - INFO - Fast-track processing for simple file: /app/data/b2c/156786/b5961k4/mern-ecommerce-156786/server/models/contact.js
2025-08-13 10:16:21,947 - Knowledge - INFO - start ingest for /app/data/b2c/156786/b5961k4/mern-ecommerce-156786/server/routes/api/newsletter.js
2025-08-13 10:16:22,042 - Knowledge - INFO - adding /app/data/b2c/156786/b5961k4/mern-ecommerce-156786/client/app/utils/index.js to ingest queue
2025-08-13 10:16:22,160 - Knowledge - INFO - done fast ingest for /app/data/b2c/156786/b5961k4/mern-ecommerce-156786/server/models/contact.js
2025-08-13 10:16:22,357 - Knowledge - INFO - worker kw18 pull /app/data/b2c/156786/b5961k4/mern-ecommerce-156786/server/models/order.js from ingest queue
2025-08-13 10:16:22,473 - Knowledge - INFO - process ingested knowledge for /app/data/b2c/156786/b5961k4/mern-ecommerce-156786/server/models/contact.js
2025-08-13 10:16:22,502 - Knowledge - INFO - Found code-base-name: https://github.com/kavia-common/mern-ecommerce-156786.git:kavia-master
2025-08-13 10:16:22,535 - Knowledge - INFO - Thread kw18 - File order.js - Remaining files in queue: 306
2025-08-13 10:16:22,583 - Knowledge - INFO - Found code-base-name: https://github.com/kavia-common/mern-ecommerce-156786.git:kavia-master
2025-08-13 10:16:22,587 - Knowledge - INFO - Found code-base-name: https://github.com/kavia-common/mern-ecommerce-156786.git:kavia-master
2025-08-13 10:16:22,587 - Knowledge - INFO - worker kw7 pull /app/data/b2c/156786/b5961k4/mern-ecommerce-156786/server/routes/api/product.js from ingest queue
2025-08-13 10:16:22,735 - Knowledge - INFO - Found code_base: <app.utils.kg_build.knowledge.KnowledgeCodeBase object at 0x7fdc0fcfba90>
2025-08-13 10:16:22,784 - Knowledge - INFO - done ingest for /app/data/b2c/156786/b5961k4/mern-ecommerce-156786/server/models/wishlist.js
2025-08-13 10:16:22,839 - Knowledge - INFO - start ingest for /app/data/b2c/156786/b5961k4/mern-ecommerce-156786/server/models/order.js
2025-08-13 10:16:22,858 - Knowledge - INFO - worker kw10 pull /app/data/b2c/156786/b5961k4/mern-ecommerce-156786/server/routes/api/wishlist.js from ingest queue
2025-08-13 10:16:22,862 - Knowledge - INFO - adding /app/data/b2c/156786/b5961k4/mern-ecommerce-156786/client/webpack/webpack.prod.js to ingest queue
2025-08-13 10:16:22,948 - Knowledge - INFO - Found code_base: <app.utils.kg_build.knowledge.KnowledgeCodeBase object at 0x7fdc0fcfba90>
2025-08-13 10:16:23,056 - Knowledge - INFO - Found code_base: <app.utils.kg_build.knowledge.KnowledgeCodeBase object at 0x7fdc0fcfba90>
2025-08-13 10:16:23,175 - Knowledge - INFO - Thread kw7 - File product.js - Remaining files in queue: 304
2025-08-13 10:16:23,264 - Knowledge - INFO - persist ingested knowledge for /app/data/b2c/156786/b5961k4/mern-ecommerce-156786/SECURITY.md
2025-08-13 10:16:23,401 - Knowledge - INFO - process ingested knowledge for /app/data/b2c/156786/b5961k4/mern-ecommerce-156786/server/models/wishlist.js
2025-08-13 10:16:23,509 - Knowledge - INFO - Fast-track processing for simple file: /app/data/b2c/156786/b5961k4/mern-ecommerce-156786/server/models/order.js
2025-08-13 10:16:23,597 - Knowledge - INFO - Thread kw10 - File wishlist.js - Remaining files in queue: 304
2025-08-13 10:16:23,690 - Knowledge - INFO - worker kw8 pull /app/data/b2c/156786/b5961k4/mern-ecommerce-156786/server/routes/api/brand.js from ingest queue
2025-08-13 10:16:23,692 - Knowledge - INFO - adding /app/data/b2c/156786/b5961k4/mern-ecommerce-156786/client/webpack/webpack.dev.js to ingest queue
2025-08-13 10:16:23,792 - Knowledge - INFO - persist ingested knowledge for /app/data/b2c/156786/b5961k4/mern-ecommerce-156786/server/nodemon.json
2025-08-13 10:16:23,888 - Knowledge - INFO - persist ingested knowledge for /app/data/b2c/156786/b5961k4/mern-ecommerce-156786/server/package.json
2025-08-13 10:16:24,002 - Knowledge - INFO - done ingest for /app/data/b2c/156786/b5961k4/mern-ecommerce-156786/server/services/mailchimp.js
2025-08-13 10:16:24,004 - Knowledge - INFO - start ingest for /app/data/b2c/156786/b5961k4/mern-ecommerce-156786/server/routes/api/product.js
2025-08-13 10:16:24,187 - Knowledge - INFO - done ingest for /app/data/b2c/156786/b5961k4/mern-ecommerce-156786/server/models/product.js
2025-08-13 10:16:24,293 - Knowledge - INFO - done fast ingest for /app/data/b2c/156786/b5961k4/mern-ecommerce-156786/server/models/order.js
2025-08-13 10:16:24,374 - Knowledge - INFO - start ingest for /app/data/b2c/156786/b5961k4/mern-ecommerce-156786/server/routes/api/wishlist.js
2025-08-13 10:16:24,485 - Knowledge - INFO - Thread kw8 - File brand.js - Remaining files in queue: 304
2025-08-13 10:16:24,602 - Knowledge - INFO - Found code-base-name: https://github.com/kavia-common/mern-ecommerce-156786.git:kavia-master
2025-08-13 10:16:24,603 - Knowledge - INFO - worker kw16 pull /app/data/b2c/156786/b5961k4/mern-ecommerce-156786/server/routes/api/category.js from ingest queue
2025-08-13 10:16:24,604 - Knowledge - INFO - worker kw12 pull /app/data/b2c/156786/b5961k4/mern-ecommerce-156786/server/models/review.js from ingest queue
2025-08-13 10:16:24,604 - Knowledge - INFO - adding /app/data/b2c/156786/b5961k4/mern-ecommerce-156786/client/public/index.html to ingest queue
2025-08-13 10:16:24,936 - Knowledge - INFO - process ingested knowledge for /app/data/b2c/156786/b5961k4/mern-ecommerce-156786/server/services/mailchimp.js
2025-08-13 10:16:25,114 - Knowledge - INFO - process ingested knowledge for /app/data/b2c/156786/b5961k4/mern-ecommerce-156786/server/models/product.js
2025-08-13 10:16:25,232 - Knowledge - INFO - process ingested knowledge for /app/data/b2c/156786/b5961k4/mern-ecommerce-156786/server/models/order.js
2025-08-13 10:16:25,446 - Knowledge - INFO - start ingest for /app/data/b2c/156786/b5961k4/mern-ecommerce-156786/server/routes/api/brand.js
2025-08-13 10:16:25,569 - Knowledge - INFO - Found code_base: <app.utils.kg_build.knowledge.KnowledgeCodeBase object at 0x7fdc0fcfba90>
2025-08-13 10:16:25,692 - Knowledge - INFO - Thread kw16 - File category.js - Remaining files in queue: 303
2025-08-13 10:16:25,777 - Knowledge - INFO - Thread kw12 - File review.js - Remaining files in queue: 303
2025-08-13 10:16:26,557 - Knowledge - INFO - start ingest for /app/data/b2c/156786/b5961k4/mern-ecommerce-156786/server/models/review.js
2025-08-13 10:16:25,965 - Knowledge - INFO - worker kw3 pull /app/data/b2c/156786/b5961k4/mern-ecommerce-156786/server/routes/api/merchant.js from ingest queue
2025-08-13 10:16:25,966 - Knowledge - INFO - worker kw20 pull /app/data/b2c/156786/b5961k4/mern-ecommerce-156786/server/routes/api/auth.js from ingest queue
2025-08-13 10:16:26,055 - Knowledge - INFO - worker kw22 pull /app/data/b2c/156786/b5961k4/mern-ecommerce-156786/server/routes/api/review.js from ingest queue
2025-08-13 10:16:26,055 - Knowledge - INFO - worker kw21 pull /app/data/b2c/156786/b5961k4/mern-ecommerce-156786/server/routes/api/order.js from ingest queue
2025-08-13 10:16:26,056 - Knowledge - INFO - Found code-base-name: https://github.com/kavia-common/mern-ecommerce-156786.git:kavia-master
2025-08-13 10:16:26,056 - Knowledge - INFO - worker kw24 pull /app/data/b2c/156786/b5961k4/mern-ecommerce-156786/server/routes/index.js from ingest queue
2025-08-13 10:16:26,151 - Knowledge - INFO - worker kw19 pull /app/data/b2c/156786/b5961k4/mern-ecommerce-156786/server/config/tax.js from ingest queue
2025-08-13 10:16:26,151 - Knowledge - INFO - Found code-base-name: https://github.com/kavia-common/mern-ecommerce-156786.git:kavia-master
2025-08-13 10:16:26,151 - Knowledge - INFO - worker kw15 pull /app/data/b2c/156786/b5961k4/mern-ecommerce-156786/server/routes/api/address.js from ingest queue
2025-08-13 10:16:26,196 - Knowledge - INFO - Found code-base-name: https://github.com/kavia-common/mern-ecommerce-156786.git:kavia-master
2025-08-13 10:16:26,381 - Knowledge - INFO - persist ingested knowledge for /app/data/b2c/156786/b5961k4/mern-ecommerce-156786/server/models/contact.js
2025-08-13 10:16:26,469 - Knowledge - INFO - start ingest for /app/data/b2c/156786/b5961k4/mern-ecommerce-156786/server/routes/api/category.js
2025-08-13 10:16:25,965 - Knowledge - INFO - Found code-base-name: https://github.com/kavia-common/mern-ecommerce-156786.git:kavia-master
2025-08-13 10:16:26,748 - Knowledge - INFO - Thread kw3 - File merchant.js - Remaining files in queue: 297
2025-08-13 10:16:26,832 - Knowledge - INFO - Thread kw20 - File auth.js - Remaining files in queue: 297
2025-08-13 10:16:26,937 - Knowledge - INFO - Thread kw22 - File review.js - Remaining files in queue: 297
2025-08-13 10:16:27,038 - Knowledge - INFO - Thread kw21 - File order.js - Remaining files in queue: 297
2025-08-13 10:16:27,157 - Knowledge - INFO - Found code_base: <app.utils.kg_build.knowledge.KnowledgeCodeBase object at 0x7fdc0fcfba90>
2025-08-13 10:16:27,276 - Knowledge - INFO - Thread kw24 - File index.js - Remaining files in queue: 297
2025-08-13 10:16:27,393 - Knowledge - INFO - Thread kw19 - File tax.js - Remaining files in queue: 297
2025-08-13 10:16:27,481 - Knowledge - INFO - Found code_base: <app.utils.kg_build.knowledge.KnowledgeCodeBase object at 0x7fdc0fcfba90>
2025-08-13 10:16:27,579 - Knowledge - INFO - Thread kw15 - File address.js - Remaining files in queue: 297
2025-08-13 10:16:27,671 - Knowledge - INFO - Found code_base: <app.utils.kg_build.knowledge.KnowledgeCodeBase object at 0x7fdc0fcfba90>
2025-08-13 10:16:28,006 - Knowledge - INFO - worker kw4 pull /app/data/b2c/156786/b5961k4/mern-ecommerce-156786/server/routes/api/cart.js from ingest queue
2025-08-13 10:16:28,009 - Knowledge - INFO - Found code_base: <app.utils.kg_build.knowledge.KnowledgeCodeBase object at 0x7fdc0fcfba90>
2025-08-13 10:16:28,100 - Knowledge - INFO - start ingest for /app/data/b2c/156786/b5961k4/mern-ecommerce-156786/server/routes/api/merchant.js
2025-08-13 10:16:28,180 - Knowledge - INFO - start ingest for /app/data/b2c/156786/b5961k4/mern-ecommerce-156786/server/routes/api/auth.js
2025-08-13 10:16:28,286 - Knowledge - INFO - start ingest for /app/data/b2c/156786/b5961k4/mern-ecommerce-156786/server/routes/api/review.js
2025-08-13 10:16:28,378 - Knowledge - INFO - start ingest for /app/data/b2c/156786/b5961k4/mern-ecommerce-156786/server/routes/api/order.js
2025-08-13 10:16:28,462 - Knowledge - INFO - persist ingested knowledge for /app/data/b2c/156786/b5961k4/mern-ecommerce-156786/server/services/mailchimp.js
2025-08-13 10:16:28,560 - Knowledge - INFO - start ingest for /app/data/b2c/156786/b5961k4/mern-ecommerce-156786/server/routes/index.js
2025-08-13 10:16:28,622 - Knowledge - INFO - done ingest for /app/data/b2c/156786/b5961k4/mern-ecommerce-156786/server/services/mailgun.js
2025-08-13 10:16:28,718 - Knowledge - INFO - start ingest for /app/data/b2c/156786/b5961k4/mern-ecommerce-156786/server/config/tax.js
2025-08-13 10:16:28,842 - Knowledge - INFO - persist ingested knowledge for /app/data/b2c/156786/b5961k4/mern-ecommerce-156786/server/models/product.js
2025-08-13 10:16:28,963 - Knowledge - INFO - start ingest for /app/data/b2c/156786/b5961k4/mern-ecommerce-156786/server/routes/api/address.js
2025-08-13 10:16:29,053 - Knowledge - INFO - persist ingested knowledge for /app/data/b2c/156786/b5961k4/mern-ecommerce-156786/server/models/order.js
2025-08-13 10:16:29,165 - Knowledge - INFO - Thread kw4 - File cart.js - Remaining files in queue: 296
2025-08-13 10:16:29,268 - Knowledge - INFO - persist ingested knowledge for /app/data/b2c/156786/b5961k4/mern-ecommerce-156786/server/models/wishlist.js
2025-08-13 10:16:29,981 - Knowledge - INFO - Fast-track processing for simple file: /app/data/b2c/156786/b5961k4/mern-ecommerce-156786/server/routes/index.js
2025-08-13 10:16:30,145 - Knowledge - INFO - process ingested knowledge for /app/data/b2c/156786/b5961k4/mern-ecommerce-156786/server/services/mailgun.js
2025-08-13 10:16:30,245 - Knowledge - INFO - Fast-track processing for simple file: /app/data/b2c/156786/b5961k4/mern-ecommerce-156786/server/config/tax.js
2025-08-13 10:16:30,577 - Knowledge - INFO - persist search terms embedding for server/services/mailchimp.js
2025-08-13 10:16:30,664 - Knowledge - INFO - start ingest for /app/data/b2c/156786/b5961k4/mern-ecommerce-156786/server/routes/api/cart.js
2025-08-13 10:16:30,889 - Knowledge - INFO - done fast ingest for /app/data/b2c/156786/b5961k4/mern-ecommerce-156786/server/routes/index.js
2025-08-13 10:16:30,947 - Knowledge - INFO - done ingest for /app/data/b2c/156786/b5961k4/mern-ecommerce-156786/server/models/address.js
2025-08-13 10:16:31,102 - Knowledge - INFO - done ingest for /app/data/b2c/156786/b5961k4/mern-ecommerce-156786/server/models/brand.js
2025-08-13 10:16:31,156 - Knowledge - INFO - done fast ingest for /app/data/b2c/156786/b5961k4/mern-ecommerce-156786/server/config/tax.js
2025-08-13 10:16:31,431 - Knowledge - INFO - done ingest for /app/data/b2c/156786/b5961k4/mern-ecommerce-156786/server/models/category.js
2025-08-13 10:16:31,577 - Knowledge - INFO - process ingested knowledge for /app/data/b2c/156786/b5961k4/mern-ecommerce-156786/server/routes/index.js
2025-08-13 10:16:31,706 - Knowledge - INFO - process ingested knowledge for /app/data/b2c/156786/b5961k4/mern-ecommerce-156786/server/models/address.js
2025-08-13 10:16:31,851 - Knowledge - INFO - process ingested knowledge for /app/data/b2c/156786/b5961k4/mern-ecommerce-156786/server/models/brand.js
2025-08-13 10:16:31,954 - Knowledge - INFO - persist search terms embedding for server/models/product.js
2025-08-13 10:16:31,978 - Knowledge - INFO - process ingested knowledge for /app/data/b2c/156786/b5961k4/mern-ecommerce-156786/server/config/tax.js
2025-08-13 10:16:32,152 - Knowledge - INFO - done ingest for /app/data/b2c/156786/b5961k4/mern-ecommerce-156786/server/models/cart.js
2025-08-13 10:16:32,154 - Knowledge - INFO - process ingested knowledge for /app/data/b2c/156786/b5961k4/mern-ecommerce-156786/server/models/category.js
2025-08-13 10:16:32,184 - Knowledge - INFO - done ingest for /app/data/b2c/156786/b5961k4/mern-ecommerce-156786/server/models/merchant.js
2025-08-13 10:16:32,253 - Knowledge - INFO - done ingest for /app/data/b2c/156786/b5961k4/mern-ecommerce-156786/server/models/user.js
2025-08-13 10:16:32,855 - Knowledge - INFO - process ingested knowledge for /app/data/b2c/156786/b5961k4/mern-ecommerce-156786/server/models/cart.js
2025-08-13 10:16:33,071 - Knowledge - INFO - process ingested knowledge for /app/data/b2c/156786/b5961k4/mern-ecommerce-156786/server/models/merchant.js
2025-08-13 10:16:33,152 - Knowledge - INFO - persist search terms embedding for server/models/wishlist.js
2025-08-13 10:16:33,159 - Knowledge - INFO - process ingested knowledge for /app/data/b2c/156786/b5961k4/mern-ecommerce-156786/server/models/user.js
2025-08-13 10:16:33,385 - Knowledge - INFO - done ingest for /app/data/b2c/156786/b5961k4/mern-ecommerce-156786/server/routes/api/newsletter.js
2025-08-13 10:16:33,419 - Knowledge - INFO - Found code-base-name: https://github.com/kavia-common/mern-ecommerce-156786.git:kavia-master
2025-08-13 10:16:33,419 - Knowledge - INFO - worker kw13 pull /app/data/b2c/156786/b5961k4/mern-ecommerce-156786/server/routes/api/contact.js from ingest queue
2025-08-13 10:16:33,419 - Knowledge - INFO - Found code-base-name: https://github.com/kavia-common/mern-ecommerce-156786.git:kavia-master
2025-08-13 10:16:33,420 - Knowledge - INFO - Found code-base-name: https://github.com/kavia-common/mern-ecommerce-156786.git:kavia-master
2025-08-13 10:16:33,421 - Knowledge - INFO - worker kw9 pull /app/data/b2c/156786/b5961k4/mern-ecommerce-156786/server/routes/api/index.js from ingest queue
2025-08-13 10:16:33,421 - Knowledge - INFO - worker kw18 pull /app/data/b2c/156786/b5961k4/mern-ecommerce-156786/server/routes/api/user.js from ingest queue
2025-08-13 10:16:33,421 - Knowledge - INFO - Found code-base-name: https://github.com/kavia-common/mern-ecommerce-156786.git:kavia-master
2025-08-13 10:16:33,421 - Knowledge - INFO - Found code-base-name: https://github.com/kavia-common/mern-ecommerce-156786.git:kavia-master
2025-08-13 10:16:33,422 - Knowledge - INFO - Found code-base-name: https://github.com/kavia-common/mern-ecommerce-156786.git:kavia-master
2025-08-13 10:16:33,422 - Knowledge - INFO - Found code-base-name: https://github.com/kavia-common/mern-ecommerce-156786.git:kavia-master
2025-08-13 10:16:33,422 - Knowledge - INFO - Found code-base-name: https://github.com/kavia-common/mern-ecommerce-156786.git:kavia-master
2025-08-13 10:16:33,422 - Knowledge - INFO - worker kw5 pull /app/data/b2c/156786/b5961k4/mern-ecommerce-156786/server/config/template.js from ingest queue
2025-08-13 10:16:34,772 - Knowledge - INFO - Thread kw5 - File template.js - Remaining files in queue: 292
2025-08-13 10:16:33,664 - Knowledge - INFO - process ingested knowledge for /app/data/b2c/156786/b5961k4/mern-ecommerce-156786/server/routes/api/newsletter.js
2025-08-13 10:16:33,726 - Knowledge - INFO - Found code_base: <app.utils.kg_build.knowledge.KnowledgeCodeBase object at 0x7fdc0fcfba90>
2025-08-13 10:16:33,822 - Knowledge - INFO - Thread kw13 - File contact.js - Remaining files in queue: 292
2025-08-13 10:16:33,907 - Knowledge - INFO - Found code_base: <app.utils.kg_build.knowledge.KnowledgeCodeBase object at 0x7fdc0fcfba90>
2025-08-13 10:16:33,991 - Knowledge - INFO - Found code_base: <app.utils.kg_build.knowledge.KnowledgeCodeBase object at 0x7fdc0fcfba90>
2025-08-13 10:16:34,071 - Knowledge - INFO - Thread kw9 - File index.js - Remaining files in queue: 292
2025-08-13 10:16:34,155 - Knowledge - INFO - Thread kw18 - File user.js - Remaining files in queue: 292
2025-08-13 10:16:34,270 - Knowledge - INFO - Found code_base: <app.utils.kg_build.knowledge.KnowledgeCodeBase object at 0x7fdc0fcfba90>
2025-08-13 10:16:34,392 - Knowledge - INFO - Found code_base: <app.utils.kg_build.knowledge.KnowledgeCodeBase object at 0x7fdc0fcfba90>
2025-08-13 10:16:34,500 - Knowledge - INFO - Found code_base: <app.utils.kg_build.knowledge.KnowledgeCodeBase object at 0x7fdc0fcfba90>
2025-08-13 10:16:34,589 - Knowledge - INFO - Found code_base: <app.utils.kg_build.knowledge.KnowledgeCodeBase object at 0x7fdc0fcfba90>
2025-08-13 10:16:34,673 - Knowledge - INFO - Found code_base: <app.utils.kg_build.knowledge.KnowledgeCodeBase object at 0x7fdc0fcfba90>
2025-08-13 10:16:33,528 - Knowledge - INFO - Found code-base-name: https://github.com/kavia-common/mern-ecommerce-156786.git:kavia-master
2025-08-13 10:16:34,896 - Knowledge - INFO - start ingest for /app/data/b2c/156786/b5961k4/mern-ecommerce-156786/server/config/template.js
2025-08-13 10:16:35,034 - Knowledge - INFO - Found code-base-name: https://github.com/kavia-common/mern-ecommerce-156786.git:kavia-master
2025-08-13 10:16:35,187 - Knowledge - INFO - persist ingested knowledge for /app/data/b2c/156786/b5961k4/mern-ecommerce-156786/server/services/mailgun.js
2025-08-13 10:16:35,279 - Knowledge - INFO - start ingest for /app/data/b2c/156786/b5961k4/mern-ecommerce-156786/server/routes/api/contact.js
2025-08-13 10:16:35,356 - Knowledge - INFO - persist ingested knowledge for /app/data/b2c/156786/b5961k4/mern-ecommerce-156786/server/routes/index.js
2025-08-13 10:16:35,439 - Knowledge - INFO - persist ingested knowledge for /app/data/b2c/156786/b5961k4/mern-ecommerce-156786/server/models/brand.js
2025-08-13 10:16:35,559 - Knowledge - INFO - start ingest for /app/data/b2c/156786/b5961k4/mern-ecommerce-156786/server/routes/api/index.js
2025-08-13 10:16:35,651 - Knowledge - INFO - start ingest for /app/data/b2c/156786/b5961k4/mern-ecommerce-156786/server/routes/api/user.js
2025-08-13 10:16:35,762 - Knowledge - INFO - persist ingested knowledge for /app/data/b2c/156786/b5961k4/mern-ecommerce-156786/server/models/cart.js
2025-08-13 10:16:35,852 - Knowledge - INFO - persist ingested knowledge for /app/data/b2c/156786/b5961k4/mern-ecommerce-156786/server/models/merchant.js
2025-08-13 10:16:35,946 - Knowledge - INFO - persist ingested knowledge for /app/data/b2c/156786/b5961k4/mern-ecommerce-156786/server/models/category.js
2025-08-13 10:16:36,051 - Knowledge - INFO - persist ingested knowledge for /app/data/b2c/156786/b5961k4/mern-ecommerce-156786/server/models/address.js
2025-08-13 10:16:36,161 - Knowledge - INFO - persist ingested knowledge for /app/data/b2c/156786/b5961k4/mern-ecommerce-156786/server/config/tax.js
2025-08-13 10:16:36,271 - Knowledge - INFO - Found code_base: <app.utils.kg_build.knowledge.KnowledgeCodeBase object at 0x7fdc0fcfba90>
2025-08-13 10:16:36,496 - Knowledge - INFO - Found code_base: <app.utils.kg_build.knowledge.KnowledgeCodeBase object at 0x7fdc0fcfba90>
2025-08-13 10:16:37,128 - Knowledge - INFO - persist search terms embedding for server/services/mailgun.js
2025-08-13 10:16:37,833 - Knowledge - INFO - persist ingested knowledge for /app/data/b2c/156786/b5961k4/mern-ecommerce-156786/server/models/user.js
2025-08-13 10:16:37,940 - Knowledge - INFO - persist ingested knowledge for /app/data/b2c/156786/b5961k4/mern-ecommerce-156786/server/routes/api/newsletter.js
2025-08-13 10:16:38,228 - Knowledge - INFO - done ingest for /app/data/b2c/156786/b5961k4/mern-ecommerce-156786/server/models/review.js
2025-08-13 10:16:38,454 - Knowledge - INFO - process ingested knowledge for /app/data/b2c/156786/b5961k4/mern-ecommerce-156786/server/models/review.js
2025-08-13 10:16:38,566 - Knowledge - INFO - done ingest for /app/data/b2c/156786/b5961k4/mern-ecommerce-156786/server/routes/api/wishlist.js
2025-08-13 10:16:38,714 - Knowledge - INFO - process ingested knowledge for /app/data/b2c/156786/b5961k4/mern-ecommerce-156786/server/routes/api/wishlist.js
2025-08-13 10:16:38,851 - Knowledge - INFO - persist search terms embedding for server/models/brand.js
2025-08-13 10:16:39,312 - Knowledge - INFO - persist search terms embedding for server/models/cart.js
2025-08-13 10:16:39,987 - Knowledge - INFO - persist search terms embedding for server/models/merchant.js
2025-08-13 10:16:40,629 - Knowledge - INFO - persist search terms embedding for server/models/category.js
2025-08-13 10:16:41,336 - Knowledge - INFO - persist search terms embedding for server/models/address.js
2025-08-13 10:16:42,139 - Knowledge - INFO - persist search terms embedding for server/models/user.js
2025-08-13 10:16:42,753 - Knowledge - INFO - persist search terms embedding for server/routes/api/newsletter.js
2025-08-13 10:16:42,861 - Knowledge - INFO - worker kw24 pull /app/data/b2c/156786/b5961k4/mern-ecommerce-156786/server/middleware/auth.js from ingest queue
2025-08-13 10:16:42,866 - Knowledge - INFO - Found code-base-name: https://github.com/kavia-common/mern-ecommerce-156786.git:kavia-master
2025-08-13 10:16:42,874 - Knowledge - INFO - worker kw11 pull /app/data/b2c/156786/b5961k4/mern-ecommerce-156786/server/middleware/role.js from ingest queue
2025-08-13 10:16:42,874 - Knowledge - INFO - worker kw25 pull /app/data/b2c/156786/b5961k4/mern-ecommerce-156786/server/config/keys.js from ingest queue
2025-08-13 10:16:42,878 - Knowledge - INFO - worker kw17 pull /app/data/b2c/156786/b5961k4/mern-ecommerce-156786/server/utils/storage.js from ingest queue
2025-08-13 10:16:43,457 - Knowledge - INFO - Thread kw17 - File storage.js - Remaining files in queue: 282
2025-08-13 10:16:42,894 - Knowledge - INFO - Found code-base-name: https://github.com/kavia-common/mern-ecommerce-156786.git:kavia-master
2025-08-13 10:16:42,896 - Knowledge - INFO - worker kw1 pull /app/data/b2c/156786/b5961k4/mern-ecommerce-156786/server/utils/auth.js from ingest queue
2025-08-13 10:16:42,898 - Knowledge - INFO - worker kw14 pull /app/data/b2c/156786/b5961k4/mern-ecommerce-156786/server/utils/seed.js from ingest queue
2025-08-13 10:16:42,899 - Knowledge - INFO - worker kw19 pull /app/data/b2c/156786/b5961k4/mern-ecommerce-156786/server/utils/store.js from ingest queue
2025-08-13 10:16:42,903 - Knowledge - INFO - worker kw23 pull /app/data/b2c/156786/b5961k4/mern-ecommerce-156786/server/socket/support.js from ingest queue
2025-08-13 10:16:42,905 - Knowledge - INFO - worker kw2 pull /app/data/b2c/156786/b5961k4/mern-ecommerce-156786/server/utils/queries.js from ingest queue
2025-08-13 10:16:42,984 - Knowledge - INFO - Thread kw24 - File auth.js - Remaining files in queue: 282
2025-08-13 10:16:43,127 - Knowledge - INFO - Found code_base: <app.utils.kg_build.knowledge.KnowledgeCodeBase object at 0x7fdc0fcfba90>
2025-08-13 10:16:43,244 - Knowledge - INFO - Thread kw11 - File role.js - Remaining files in queue: 282
2025-08-13 10:16:43,355 - Knowledge - INFO - Thread kw25 - File keys.js - Remaining files in queue: 282
2025-08-13 10:16:42,892 - Knowledge - INFO - worker kw6 pull /app/data/b2c/156786/b5961k4/mern-ecommerce-156786/server/config/passport.js from ingest queue
2025-08-13 10:16:43,548 - Knowledge - INFO - start ingest for /app/data/b2c/156786/b5961k4/mern-ecommerce-156786/server/utils/storage.js
2025-08-13 10:16:43,656 - Knowledge - INFO - Found code_base: <app.utils.kg_build.knowledge.KnowledgeCodeBase object at 0x7fdc0fcfba90>
2025-08-13 10:16:43,748 - Knowledge - INFO - Thread kw1 - File auth.js - Remaining files in queue: 282
2025-08-13 10:16:43,870 - Knowledge - INFO - Thread kw14 - File seed.js - Remaining files in queue: 282
2025-08-13 10:16:43,964 - Knowledge - INFO - Thread kw19 - File store.js - Remaining files in queue: 282
2025-08-13 10:16:44,060 - Knowledge - INFO - Thread kw23 - File support.js - Remaining files in queue: 282
2025-08-13 10:16:44,170 - Knowledge - INFO - Thread kw2 - File queries.js - Remaining files in queue: 282
2025-08-13 10:16:44,263 - Knowledge - INFO - start ingest for /app/data/b2c/156786/b5961k4/mern-ecommerce-156786/server/middleware/auth.js
2025-08-13 10:16:44,387 - Knowledge - INFO - persist ingested knowledge for /app/data/b2c/156786/b5961k4/mern-ecommerce-156786/server/routes/api/wishlist.js
2025-08-13 10:16:44,520 - Knowledge - INFO - start ingest for /app/data/b2c/156786/b5961k4/mern-ecommerce-156786/server/middleware/role.js
2025-08-13 10:16:44,644 - Knowledge - INFO - start ingest for /app/data/b2c/156786/b5961k4/mern-ecommerce-156786/server/config/keys.js
2025-08-13 10:16:44,762 - Knowledge - INFO - Thread kw6 - File passport.js - Remaining files in queue: 282
2025-08-13 10:16:44,990 - Knowledge - INFO - persist ingested knowledge for /app/data/b2c/156786/b5961k4/mern-ecommerce-156786/server/models/review.js
2025-08-13 10:16:45,130 - Knowledge - INFO - start ingest for /app/data/b2c/156786/b5961k4/mern-ecommerce-156786/server/utils/auth.js
2025-08-13 10:16:45,249 - Knowledge - INFO - start ingest for /app/data/b2c/156786/b5961k4/mern-ecommerce-156786/server/utils/seed.js
2025-08-13 10:16:45,407 - Knowledge - INFO - start ingest for /app/data/b2c/156786/b5961k4/mern-ecommerce-156786/server/utils/store.js
2025-08-13 10:16:45,513 - Knowledge - INFO - done ingest for /app/data/b2c/156786/b5961k4/mern-ecommerce-156786/server/routes/api/product.js
2025-08-13 10:16:45,555 - Knowledge - INFO - start ingest for /app/data/b2c/156786/b5961k4/mern-ecommerce-156786/server/socket/support.js
2025-08-13 10:16:45,635 - Knowledge - INFO - start ingest for /app/data/b2c/156786/b5961k4/mern-ecommerce-156786/server/utils/queries.js
2025-08-13 10:16:45,766 - Knowledge - INFO - Fast-track processing for simple file: /app/data/b2c/156786/b5961k4/mern-ecommerce-156786/server/middleware/auth.js
2025-08-13 10:16:45,969 - Knowledge - INFO - Fast-track processing for simple file: /app/data/b2c/156786/b5961k4/mern-ecommerce-156786/server/middleware/role.js
2025-08-13 10:16:46,156 - Knowledge - INFO - start ingest for /app/data/b2c/156786/b5961k4/mern-ecommerce-156786/server/config/passport.js
2025-08-13 10:16:46,425 - Knowledge - INFO - Fast-track processing for simple file: /app/data/b2c/156786/b5961k4/mern-ecommerce-156786/server/utils/auth.js
2025-08-13 10:16:46,461 - Knowledge - INFO - persist search terms embedding for server/routes/api/wishlist.js
2025-08-13 10:16:46,757 - Knowledge - INFO - process ingested knowledge for /app/data/b2c/156786/b5961k4/mern-ecommerce-156786/server/routes/api/product.js
2025-08-13 10:16:47,015 - Knowledge - INFO - done fast ingest for /app/data/b2c/156786/b5961k4/mern-ecommerce-156786/server/middleware/auth.js
2025-08-13 10:16:47,114 - Knowledge - INFO - done fast ingest for /app/data/b2c/156786/b5961k4/mern-ecommerce-156786/server/middleware/role.js
2025-08-13 10:16:47,304 - Knowledge - INFO - done fast ingest for /app/data/b2c/156786/b5961k4/mern-ecommerce-156786/server/utils/auth.js
2025-08-13 10:16:47,685 - Knowledge - INFO - process ingested knowledge for /app/data/b2c/156786/b5961k4/mern-ecommerce-156786/server/middleware/auth.js
2025-08-13 10:16:47,855 - Knowledge - INFO - process ingested knowledge for /app/data/b2c/156786/b5961k4/mern-ecommerce-156786/server/middleware/role.js
2025-08-13 10:16:47,948 - Knowledge - INFO - process ingested knowledge for /app/data/b2c/156786/b5961k4/mern-ecommerce-156786/server/utils/auth.js
2025-08-13 10:16:47,970 - Knowledge - INFO - persist search terms embedding for server/models/review.js
2025-08-13 10:16:48,262 - Knowledge - INFO - done ingest for /app/data/b2c/156786/b5961k4/mern-ecommerce-156786/server/routes/api/brand.js
2025-08-13 10:16:48,324 - Knowledge - INFO - worker kw10 pull /app/data/b2c/156786/b5961k4/mern-ecommerce-156786/client/app/scrollToTop.js from ingest queue
2025-08-13 10:16:48,330 - Knowledge - INFO - Found code-base-name: https://github.com/kavia-common/mern-ecommerce-156786.git:kavia-master
2025-08-13 10:16:48,338 - Knowledge - INFO - Found code-base-name: https://github.com/kavia-common/mern-ecommerce-156786.git:kavia-master
2025-08-13 10:16:48,346 - Knowledge - INFO - Found code-base-name: https://github.com/kavia-common/mern-ecommerce-156786.git:kavia-master
2025-08-13 10:16:48,350 - Knowledge - INFO - Found code-base-name: https://github.com/kavia-common/mern-ecommerce-156786.git:kavia-master
2025-08-13 10:16:48,357 - Knowledge - INFO - worker kw12 pull /app/data/b2c/156786/b5961k4/mern-ecommerce-156786/server/constants/index.js from ingest queue
2025-08-13 10:16:49,103 - Knowledge - INFO - Thread kw12 - File index.js - Remaining files in queue: 280
2025-08-13 10:16:48,580 - Knowledge - INFO - Thread kw10 - File scrollToTop.js - Remaining files in queue: 280
2025-08-13 10:16:48,695 - Knowledge - INFO - Found code_base: <app.utils.kg_build.knowledge.KnowledgeCodeBase object at 0x7fdc0fcfba90>
2025-08-13 10:16:48,806 - Knowledge - INFO - Found code_base: <app.utils.kg_build.knowledge.KnowledgeCodeBase object at 0x7fdc0fcfba90>
2025-08-13 10:16:48,914 - Knowledge - INFO - Found code_base: <app.utils.kg_build.knowledge.KnowledgeCodeBase object at 0x7fdc0fcfba90>
2025-08-13 10:16:49,010 - Knowledge - INFO - Found code_base: <app.utils.kg_build.knowledge.KnowledgeCodeBase object at 0x7fdc0fcfba90>
2025-08-13 10:16:48,494 - Knowledge - INFO - process ingested knowledge for /app/data/b2c/156786/b5961k4/mern-ecommerce-156786/server/routes/api/brand.js
2025-08-13 10:16:49,186 - Knowledge - INFO - start ingest for /app/data/b2c/156786/b5961k4/mern-ecommerce-156786/server/constants/index.js
2025-08-13 10:16:49,277 - Knowledge - INFO - start ingest for /app/data/b2c/156786/b5961k4/mern-ecommerce-156786/client/app/scrollToTop.js
2025-08-13 10:16:49,396 - Knowledge - INFO - persist ingested knowledge for /app/data/b2c/156786/b5961k4/mern-ecommerce-156786/server/routes/api/product.js
2025-08-13 10:16:49,527 - Knowledge - INFO - persist ingested knowledge for /app/data/b2c/156786/b5961k4/mern-ecommerce-156786/server/middleware/role.js
2025-08-13 10:16:49,660 - Knowledge - INFO - persist ingested knowledge for /app/data/b2c/156786/b5961k4/mern-ecommerce-156786/server/utils/auth.js
2025-08-13 10:16:49,765 - Knowledge - INFO - persist ingested knowledge for /app/data/b2c/156786/b5961k4/mern-ecommerce-156786/server/middleware/auth.js
2025-08-13 10:16:49,849 - Knowledge - INFO - Found code-base-name: https://github.com/kavia-common/mern-ecommerce-156786.git:kavia-master
2025-08-13 10:16:50,671 - Knowledge - INFO - Found code_base: <app.utils.kg_build.knowledge.KnowledgeCodeBase object at 0x7fdc0fcfba90>
2025-08-13 10:16:50,258 - Knowledge - INFO - done ingest for /app/data/b2c/156786/b5961k4/mern-ecommerce-156786/server/routes/api/category.js
2025-08-13 10:16:50,076 - Knowledge - INFO - Fast-track processing for simple file: /app/data/b2c/156786/b5961k4/mern-ecommerce-156786/client/app/scrollToTop.js
2025-08-13 10:16:50,710 - Knowledge - INFO - persist search terms embedding for server/routes/api/product.js
2025-08-13 10:16:50,794 - Knowledge - INFO - persist ingested knowledge for /app/data/b2c/156786/b5961k4/mern-ecommerce-156786/server/routes/api/brand.js
2025-08-13 10:16:50,942 - Knowledge - INFO - process ingested knowledge for /app/data/b2c/156786/b5961k4/mern-ecommerce-156786/server/routes/api/category.js
2025-08-13 10:16:50,979 - Knowledge - INFO - done fast ingest for /app/data/b2c/156786/b5961k4/mern-ecommerce-156786/client/app/scrollToTop.js
2025-08-13 10:16:51,449 - Knowledge - INFO - process ingested knowledge for /app/data/b2c/156786/b5961k4/mern-ecommerce-156786/client/app/scrollToTop.js
2025-08-13 10:16:51,733 - Knowledge - INFO - worker kw7 pull /app/data/b2c/156786/b5961k4/mern-ecommerce-156786/client/app/contexts/Socket/context.js from ingest queue
2025-08-13 10:16:51,734 - Knowledge - INFO - Found code-base-name: https://github.com/kavia-common/mern-ecommerce-156786.git:kavia-master
2025-08-13 10:16:51,740 - Knowledge - INFO - worker kw11 pull /app/data/b2c/156786/b5961k4/mern-ecommerce-156786/server/socket/index.js from ingest queue
2025-08-13 10:16:51,741 - Knowledge - INFO - worker kw1 pull /app/data/b2c/156786/b5961k4/mern-ecommerce-156786/server/vercel.json from ingest queue
2025-08-13 10:16:51,744 - Knowledge - INFO - worker kw24 pull /app/data/b2c/156786/b5961k4/mern-ecommerce-156786/server/index.js from ingest queue
2025-08-13 10:16:51,746 - Knowledge - INFO - Found code-base-name: https://github.com/kavia-common/mern-ecommerce-156786.git:kavia-master
2025-08-13 10:16:51,824 - Knowledge - INFO - Thread kw7 - File context.js - Remaining files in queue: 276
2025-08-13 10:16:51,937 - Knowledge - INFO - Found code_base: <app.utils.kg_build.knowledge.KnowledgeCodeBase object at 0x7fdc0fcfba90>
2025-08-13 10:16:52,258 - Knowledge - INFO - Thread kw11 - File index.js - Remaining files in queue: 276
2025-08-13 10:16:52,963 - Knowledge - INFO - start ingest for /app/data/b2c/156786/b5961k4/mern-ecommerce-156786/server/socket/index.js
2025-08-13 10:16:52,494 - Knowledge - INFO - Thread kw24 - File index.js - Remaining files in queue: 276
2025-08-13 10:16:52,555 - Knowledge - INFO - persist search terms embedding for server/routes/api/brand.js
2025-08-13 10:16:52,636 - Knowledge - INFO - Found code_base: <app.utils.kg_build.knowledge.KnowledgeCodeBase object at 0x7fdc0fcfba90>
2025-08-13 10:16:52,764 - Knowledge - INFO - start ingest for /app/data/b2c/156786/b5961k4/mern-ecommerce-156786/client/app/contexts/Socket/context.js
2025-08-13 10:16:52,847 - Knowledge - INFO - persist ingested knowledge for /app/data/b2c/156786/b5961k4/mern-ecommerce-156786/server/routes/api/category.js
2025-08-13 10:16:52,406 - Knowledge - INFO - Thread kw1 - File vercel.json - Remaining files in queue: 276
2025-08-13 10:16:53,183 - Knowledge - INFO - start ingest for /app/data/b2c/156786/b5961k4/mern-ecommerce-156786/server/index.js
2025-08-13 10:16:53,296 - Knowledge - INFO - worker kw8 pull /app/data/b2c/156786/b5961k4/mern-ecommerce-156786/client/app/reducers.js from ingest queue
2025-08-13 10:16:53,389 - Knowledge - INFO - persist ingested knowledge for /app/data/b2c/156786/b5961k4/mern-ecommerce-156786/client/app/scrollToTop.js
2025-08-13 10:16:53,528 - Knowledge - INFO - Fast-track processing for simple file: /app/data/b2c/156786/b5961k4/mern-ecommerce-156786/client/app/contexts/Socket/context.js
2025-08-13 10:16:53,731 - Knowledge - INFO - start ingest for /app/data/b2c/156786/b5961k4/mern-ecommerce-156786/server/vercel.json
2025-08-13 10:16:53,937 - Knowledge - INFO - Thread kw8 - File reducers.js - Remaining files in queue: 275
2025-08-13 10:16:54,176 - Knowledge - INFO - done fast ingest for /app/data/b2c/156786/b5961k4/mern-ecommerce-156786/client/app/contexts/Socket/context.js
2025-08-13 10:16:54,338 - Knowledge - INFO - Fast-track processing for simple file: /app/data/b2c/156786/b5961k4/mern-ecommerce-156786/server/vercel.json
2025-08-13 10:16:54,415 - Knowledge - INFO - start ingest for /app/data/b2c/156786/b5961k4/mern-ecommerce-156786/client/app/reducers.js
2025-08-13 10:16:54,422 - Knowledge - INFO - persist search terms embedding for server/routes/api/category.js
2025-08-13 10:16:54,470 - Knowledge - INFO - done ingest for /app/data/b2c/156786/b5961k4/mern-ecommerce-156786/server/routes/api/contact.js
2025-08-13 10:16:54,590 - Knowledge - INFO - process ingested knowledge for /app/data/b2c/156786/b5961k4/mern-ecommerce-156786/client/app/contexts/Socket/context.js
2025-08-13 10:16:54,633 - Knowledge - INFO - done fast ingest for /app/data/b2c/156786/b5961k4/mern-ecommerce-156786/server/vercel.json
2025-08-13 10:16:55,025 - Knowledge - INFO - process ingested knowledge for /app/data/b2c/156786/b5961k4/mern-ecommerce-156786/server/routes/api/contact.js
2025-08-13 10:16:55,155 - Knowledge - INFO - worker kw16 pull /app/data/b2c/156786/b5961k4/mern-ecommerce-156786/client/app/store.js from ingest queue
2025-08-13 10:16:55,165 - Knowledge - INFO - Found code-base-name: https://github.com/kavia-common/mern-ecommerce-156786.git:kavia-master
2025-08-13 10:16:55,165 - Knowledge - INFO - worker kw10 pull /app/data/b2c/156786/b5961k4/mern-ecommerce-156786/client/package.json from ingest queue
2025-08-13 10:16:55,229 - Knowledge - INFO - process ingested knowledge for /app/data/b2c/156786/b5961k4/mern-ecommerce-156786/server/vercel.json
2025-08-13 10:16:55,244 - Knowledge - INFO - done ingest for /app/data/b2c/156786/b5961k4/mern-ecommerce-156786/server/routes/api/review.js
2025-08-13 10:16:55,316 - Knowledge - INFO - Found code-base-name: https://github.com/kavia-common/mern-ecommerce-156786.git:kavia-master
2025-08-13 10:16:55,429 - Knowledge - INFO - Thread kw16 - File store.js - Remaining files in queue: 273
2025-08-13 10:16:55,509 - Knowledge - INFO - Found code_base: <app.utils.kg_build.knowledge.KnowledgeCodeBase object at 0x7fdc0fcfba90>
2025-08-13 10:16:55,613 - Knowledge - INFO - Thread kw10 - File package.json - Remaining files in queue: 273
2025-08-13 10:16:55,712 - Knowledge - INFO - Found code-base-name: https://github.com/kavia-common/mern-ecommerce-156786.git:kavia-master
2025-08-13 10:16:55,863 - Knowledge - INFO - process ingested knowledge for /app/data/b2c/156786/b5961k4/mern-ecommerce-156786/server/routes/api/review.js
2025-08-13 10:16:55,936 - Knowledge - INFO - Found code_base: <app.utils.kg_build.knowledge.KnowledgeCodeBase object at 0x7fdc0fcfba90>
2025-08-13 10:16:56,050 - Knowledge - INFO - start ingest for /app/data/b2c/156786/b5961k4/mern-ecommerce-156786/client/app/store.js
2025-08-13 10:16:56,177 - Knowledge - INFO - persist ingested knowledge for /app/data/b2c/156786/b5961k4/mern-ecommerce-156786/client/app/contexts/Socket/context.js
2025-08-13 10:16:56,299 - Knowledge - INFO - start ingest for /app/data/b2c/156786/b5961k4/mern-ecommerce-156786/client/package.json
2025-08-13 10:16:56,448 - Knowledge - INFO - Found code_base: <app.utils.kg_build.knowledge.KnowledgeCodeBase object at 0x7fdc0fcfba90>
2025-08-13 10:16:56,454 - Knowledge - INFO - done ingest for /app/data/b2c/156786/b5961k4/mern-ecommerce-156786/server/routes/api/address.js
2025-08-13 10:16:56,487 - Knowledge - INFO - done ingest for /app/data/b2c/156786/b5961k4/mern-ecommerce-156786/server/utils/storage.js
2025-08-13 10:16:56,581 - Knowledge - INFO - Found code-base-name: https://github.com/kavia-common/mern-ecommerce-156786.git:kavia-master
2025-08-13 10:16:56,698 - Knowledge - INFO - persist ingested knowledge for /app/data/b2c/156786/b5961k4/mern-ecommerce-156786/server/routes/api/contact.js
2025-08-13 10:16:57,077 - Knowledge - INFO - Fast-track processing for simple file: /app/data/b2c/156786/b5961k4/mern-ecommerce-156786/client/package.json
2025-08-13 10:16:57,139 - Knowledge - INFO - worker kw7 pull /app/data/b2c/156786/b5961k4/mern-ecommerce-156786/client/app/contexts/Socket/useSocket.js from ingest queue
2025-08-13 10:16:57,147 - Knowledge - INFO - persist ingested knowledge for /app/data/b2c/156786/b5961k4/mern-ecommerce-156786/server/vercel.json
2025-08-13 10:16:57,309 - Knowledge - INFO - process ingested knowledge for /app/data/b2c/156786/b5961k4/mern-ecommerce-156786/server/routes/api/address.js
2025-08-13 10:16:57,426 - Knowledge - INFO - process ingested knowledge for /app/data/b2c/156786/b5961k4/mern-ecommerce-156786/server/utils/storage.js
2025-08-13 10:16:57,459 - Knowledge - INFO - Found code_base: <app.utils.kg_build.knowledge.KnowledgeCodeBase object at 0x7fdc0fcfba90>
2025-08-13 10:16:57,495 - Knowledge - INFO - done ingest for /app/data/b2c/156786/b5961k4/mern-ecommerce-156786/server/config/keys.js
2025-08-13 10:16:57,684 - Knowledge - INFO - done fast ingest for /app/data/b2c/156786/b5961k4/mern-ecommerce-156786/client/package.json
2025-08-13 10:16:57,767 - Knowledge - INFO - Thread kw7 - File useSocket.js - Remaining files in queue: 272
2025-08-13 10:16:58,563 - Knowledge - INFO - start ingest for /app/data/b2c/156786/b5961k4/mern-ecommerce-156786/client/app/contexts/Socket/useSocket.js
2025-08-13 10:16:58,204 - Knowledge - INFO - persist search terms embedding for server/routes/api/contact.js
2025-08-13 10:16:58,257 - Knowledge - INFO - persist ingested knowledge for /app/data/b2c/156786/b5961k4/mern-ecommerce-156786/server/routes/api/review.js
2025-08-13 10:16:58,431 - Knowledge - INFO - process ingested knowledge for /app/data/b2c/156786/b5961k4/mern-ecommerce-156786/server/config/keys.js
2025-08-13 10:16:58,484 - Knowledge - INFO - process ingested knowledge for /app/data/b2c/156786/b5961k4/mern-ecommerce-156786/client/package.json
2025-08-13 10:16:57,901 - Knowledge - INFO - done ingest for /app/data/b2c/156786/b5961k4/mern-ecommerce-156786/server/routes/api/cart.js
2025-08-13 10:16:58,688 - Knowledge - INFO - Fast-track processing for simple file: /app/data/b2c/156786/b5961k4/mern-ecommerce-156786/client/app/contexts/Socket/useSocket.js
2025-08-13 10:16:58,938 - Knowledge - INFO - Found code-base-name: https://github.com/kavia-common/mern-ecommerce-156786.git:kavia-master
2025-08-13 10:16:58,939 - Knowledge - INFO - Found code-base-name: https://github.com/kavia-common/mern-ecommerce-156786.git:kavia-master
2025-08-13 10:16:58,943 - Knowledge - INFO - worker kw13 pull /app/data/b2c/156786/b5961k4/mern-ecommerce-156786/server/utils/db.js from ingest queue
2025-08-13 10:16:59,221 - Knowledge - INFO - process ingested knowledge for /app/data/b2c/156786/b5961k4/mern-ecommerce-156786/server/routes/api/cart.js
2025-08-13 10:16:59,260 - Knowledge - INFO - done fast ingest for /app/data/b2c/156786/b5961k4/mern-ecommerce-156786/client/app/contexts/Socket/useSocket.js
2025-08-13 10:16:59,373 - Knowledge - INFO - Found code_base: <app.utils.kg_build.knowledge.KnowledgeCodeBase object at 0x7fdc0fcfba90>
2025-08-13 10:16:59,466 - Knowledge - INFO - persist search terms embedding for server/routes/api/review.js
2025-08-13 10:16:59,502 - Knowledge - INFO - Found code_base: <app.utils.kg_build.knowledge.KnowledgeCodeBase object at 0x7fdc0fcfba90>
2025-08-13 10:16:59,602 - Knowledge - INFO - Thread kw13 - File db.js - Remaining files in queue: 271
2025-08-13 10:16:59,867 - Knowledge - INFO - process ingested knowledge for /app/data/b2c/156786/b5961k4/mern-ecommerce-156786/client/app/contexts/Socket/useSocket.js
2025-08-13 10:16:59,912 - Knowledge - INFO - persist ingested knowledge for /app/data/b2c/156786/b5961k4/mern-ecommerce-156786/server/routes/api/address.js
2025-08-13 10:17:00,056 - Knowledge - INFO - worker kw1 pull /app/data/b2c/156786/b5961k4/mern-ecommerce-156786/client/app/contexts/Socket/provider.js from ingest queue
2025-08-13 10:17:00,057 - Knowledge - INFO - Found code-base-name: https://github.com/kavia-common/mern-ecommerce-156786.git:kavia-master
2025-08-13 10:17:00,060 - Knowledge - INFO - Found code-base-name: https://github.com/kavia-common/mern-ecommerce-156786.git:kavia-master
2025-08-13 10:17:00,869 - Knowledge - INFO - Found code_base: <app.utils.kg_build.knowledge.KnowledgeCodeBase object at 0x7fdc0fcfba90>
2025-08-13 10:17:00,064 - Knowledge - INFO - Found code-base-name: https://github.com/kavia-common/mern-ecommerce-156786.git:kavia-master
2025-08-13 10:17:00,181 - Knowledge - INFO - persist ingested knowledge for /app/data/b2c/156786/b5961k4/mern-ecommerce-156786/server/utils/storage.js
2025-08-13 10:17:00,315 - Knowledge - INFO - start ingest for /app/data/b2c/156786/b5961k4/mern-ecommerce-156786/server/utils/db.js
2025-08-13 10:17:00,406 - Knowledge - INFO - Found code-base-name: https://github.com/kavia-common/mern-ecommerce-156786.git:kavia-master
2025-08-13 10:17:00,622 - Knowledge - INFO - Thread kw1 - File provider.js - Remaining files in queue: 269
2025-08-13 10:17:00,725 - Knowledge - INFO - Found code_base: <app.utils.kg_build.knowledge.KnowledgeCodeBase object at 0x7fdc0fcfba90>
2025-08-13 10:17:00,061 - Knowledge - INFO - worker kw22 pull /app/data/b2c/156786/b5961k4/mern-ecommerce-156786/client/app/styles/core/_footer.scss from ingest queue
2025-08-13 10:17:00,980 - Knowledge - INFO - persist ingested knowledge for /app/data/b2c/156786/b5961k4/mern-ecommerce-156786/server/routes/api/cart.js
2025-08-13 10:17:01,067 - Knowledge - INFO - Found code_base: <app.utils.kg_build.knowledge.KnowledgeCodeBase object at 0x7fdc0fcfba90>
2025-08-13 10:17:01,219 - Knowledge - INFO - done ingest for /app/data/b2c/156786/b5961k4/mern-ecommerce-156786/server/routes/api/user.js
2025-08-13 10:17:01,426 - Knowledge - INFO - Found code_base: <app.utils.kg_build.knowledge.KnowledgeCodeBase object at 0x7fdc0fcfba90>
2025-08-13 10:17:01,463 - Knowledge - INFO - persist search terms embedding for server/routes/api/address.js
2025-08-13 10:17:01,546 - Knowledge - INFO - start ingest for /app/data/b2c/156786/b5961k4/mern-ecommerce-156786/client/app/contexts/Socket/provider.js
2025-08-13 10:17:01,633 - Knowledge - INFO - persist ingested knowledge for /app/data/b2c/156786/b5961k4/mern-ecommerce-156786/client/package.json
2025-08-13 10:17:01,749 - Knowledge - INFO - Thread kw22 - File _footer.scss - Remaining files in queue: 269
2025-08-13 10:17:01,977 - Knowledge - INFO - persist ingested knowledge for /app/data/b2c/156786/b5961k4/mern-ecommerce-156786/server/config/keys.js
2025-08-13 10:17:02,171 - Knowledge - INFO - process ingested knowledge for /app/data/b2c/156786/b5961k4/mern-ecommerce-156786/server/routes/api/user.js
2025-08-13 10:17:02,281 - Knowledge - INFO - persist ingested knowledge for /app/data/b2c/156786/b5961k4/mern-ecommerce-156786/client/app/contexts/Socket/useSocket.js
2025-08-13 10:17:02,710 - Knowledge - INFO - start ingest for /app/data/b2c/156786/b5961k4/mern-ecommerce-156786/client/app/styles/core/_footer.scss
2025-08-13 10:17:02,864 - Knowledge - INFO - persist search terms embedding for server/utils/storage.js
2025-08-13 10:17:03,953 - Knowledge - INFO - persist search terms embedding for server/routes/api/cart.js
2025-08-13 10:17:04,061 - Knowledge - INFO - worker kw15 pull /app/data/b2c/156786/b5961k4/mern-ecommerce-156786/client/app/styles/core/_checkbox.scss from ingest queue
2025-08-13 10:17:04,219 - Knowledge - INFO - Thread kw15 - File _checkbox.scss - Remaining files in queue: 268
2025-08-13 10:17:04,316 - Knowledge - INFO - start ingest for /app/data/b2c/156786/b5961k4/mern-ecommerce-156786/client/app/styles/core/_checkbox.scss
2025-08-13 10:17:04,546 - Knowledge - INFO - persist search terms embedding for server/config/keys.js
2025-08-13 10:17:04,664 - Knowledge - INFO - Found code-base-name: https://github.com/kavia-common/mern-ecommerce-156786.git:kavia-master
2025-08-13 10:17:04,768 - Knowledge - INFO - Found code_base: <app.utils.kg_build.knowledge.KnowledgeCodeBase object at 0x7fdc0fcfba90>
2025-08-13 10:17:04,805 - Knowledge - INFO - done ingest for /app/data/b2c/156786/b5961k4/mern-ecommerce-156786/server/constants/index.js
2025-08-13 10:17:04,865 - Knowledge - INFO - persist ingested knowledge for /app/data/b2c/156786/b5961k4/mern-ecommerce-156786/server/routes/api/user.js
2025-08-13 10:17:04,918 - Knowledge - INFO - worker kw17 pull /app/data/b2c/156786/b5961k4/mern-ecommerce-156786/server/utils/utils.js from ingest queue
2025-08-13 10:17:04,920 - Knowledge - INFO - worker kw4 pull /app/data/b2c/156786/b5961k4/mern-ecommerce-156786/client/app/styles/core/_wishlist.scss from ingest queue
2025-08-13 10:17:04,922 - Knowledge - INFO - worker kw25 pull /app/data/b2c/156786/b5961k4/mern-ecommerce-156786/client/app/styles/core/_spinner.scss from ingest queue
2025-08-13 10:17:04,938 - Knowledge - INFO - worker kw7 pull /app/data/b2c/156786/b5961k4/mern-ecommerce-156786/client/app/styles/core/_fixes.scss from ingest queue
2025-08-13 10:17:05,073 - Knowledge - INFO - process ingested knowledge for /app/data/b2c/156786/b5961k4/mern-ecommerce-156786/server/constants/index.js
2025-08-13 10:17:05,210 - Knowledge - INFO - Thread kw17 - File utils.js - Remaining files in queue: 264
2025-08-13 10:17:05,342 - Knowledge - INFO - Thread kw4 - File _wishlist.scss - Remaining files in queue: 264
2025-08-13 10:17:05,457 - Knowledge - INFO - Thread kw25 - File _spinner.scss - Remaining files in queue: 264
2025-08-13 10:17:05,575 - Knowledge - INFO - Thread kw7 - File _fixes.scss - Remaining files in queue: 264
2025-08-13 10:17:05,847 - Knowledge - INFO - start ingest for /app/data/b2c/156786/b5961k4/mern-ecommerce-156786/server/utils/utils.js
2025-08-13 10:17:05,930 - Knowledge - INFO - start ingest for /app/data/b2c/156786/b5961k4/mern-ecommerce-156786/client/app/styles/core/_wishlist.scss
2025-08-13 10:17:06,049 - Knowledge - INFO - persist search terms embedding for server/routes/api/user.js
2025-08-13 10:17:06,067 - Knowledge - INFO - start ingest for /app/data/b2c/156786/b5961k4/mern-ecommerce-156786/client/app/styles/core/_spinner.scss
2025-08-13 10:17:06,165 - Knowledge - INFO - start ingest for /app/data/b2c/156786/b5961k4/mern-ecommerce-156786/client/app/styles/core/_fixes.scss
2025-08-13 10:17:06,313 - Knowledge - INFO - Fast-track processing for simple file: /app/data/b2c/156786/b5961k4/mern-ecommerce-156786/server/utils/utils.js
2025-08-13 10:17:06,527 - Knowledge - INFO - worker kw10 pull /app/data/b2c/156786/b5961k4/mern-ecommerce-156786/client/app/contexts/Socket/index.js from ingest queue
2025-08-13 10:17:06,528 - Knowledge - INFO - Found code-base-name: https://github.com/kavia-common/mern-ecommerce-156786.git:kavia-master
2025-08-13 10:17:06,537 - Knowledge - INFO - worker kw18 pull /app/data/b2c/156786/b5961k4/mern-ecommerce-156786/client/app/styles/core/_share.scss from ingest queue
2025-08-13 10:17:06,724 - Knowledge - INFO - Fast-track processing for simple file: /app/data/b2c/156786/b5961k4/mern-ecommerce-156786/client/app/styles/core/_fixes.scss
2025-08-13 10:17:06,811 - Knowledge - INFO - done fast ingest for /app/data/b2c/156786/b5961k4/mern-ecommerce-156786/server/utils/utils.js
2025-08-13 10:17:06,934 - Knowledge - INFO - Thread kw10 - File index.js - Remaining files in queue: 262
2025-08-13 10:17:07,071 - Knowledge - INFO - Found code_base: <app.utils.kg_build.knowledge.KnowledgeCodeBase object at 0x7fdc0fcfba90>
2025-08-13 10:17:07,688 - Knowledge - INFO - persist ingested knowledge for /app/data/b2c/156786/b5961k4/mern-ecommerce-156786/server/constants/index.js
2025-08-13 10:17:07,316 - Knowledge - INFO - done fast ingest for /app/data/b2c/156786/b5961k4/mern-ecommerce-156786/client/app/styles/core/_fixes.scss
2025-08-13 10:17:07,973 - Knowledge - INFO - process ingested knowledge for /app/data/b2c/156786/b5961k4/mern-ecommerce-156786/client/app/styles/core/_fixes.scss
2025-08-13 10:17:07,584 - Knowledge - INFO - start ingest for /app/data/b2c/156786/b5961k4/mern-ecommerce-156786/client/app/contexts/Socket/index.js
2025-08-13 10:17:07,192 - Knowledge - INFO - Thread kw18 - File _share.scss - Remaining files in queue: 262
2025-08-13 10:17:07,946 - Knowledge - INFO - done ingest for /app/data/b2c/156786/b5961k4/mern-ecommerce-156786/server/routes/api/order.js
2025-08-13 10:17:07,489 - Knowledge - INFO - process ingested knowledge for /app/data/b2c/156786/b5961k4/mern-ecommerce-156786/server/utils/utils.js
2025-08-13 10:17:08,196 - Knowledge - INFO - Fast-track processing for simple file: /app/data/b2c/156786/b5961k4/mern-ecommerce-156786/client/app/contexts/Socket/index.js
2025-08-13 10:17:08,303 - Knowledge - INFO - start ingest for /app/data/b2c/156786/b5961k4/mern-ecommerce-156786/client/app/styles/core/_share.scss
2025-08-13 10:17:08,413 - Knowledge - INFO - persist search terms embedding for server/constants/index.js
2025-08-13 10:17:08,451 - Knowledge - INFO - process ingested knowledge for /app/data/b2c/156786/b5961k4/mern-ecommerce-156786/server/routes/api/order.js
2025-08-13 10:17:08,648 - Knowledge - INFO - done fast ingest for /app/data/b2c/156786/b5961k4/mern-ecommerce-156786/client/app/contexts/Socket/index.js
2025-08-13 10:17:08,766 - Knowledge - INFO - done ingest for /app/data/b2c/156786/b5961k4/mern-ecommerce-156786/server/utils/queries.js
2025-08-13 10:17:08,870 - Knowledge - INFO - done ingest for /app/data/b2c/156786/b5961k4/mern-ecommerce-156786/server/socket/support.js
2025-08-13 10:17:08,870 - Knowledge - INFO - Found code-base-name: https://github.com/kavia-common/mern-ecommerce-156786.git:kavia-master
2025-08-13 10:17:08,873 - Knowledge - INFO - Found code-base-name: https://github.com/kavia-common/mern-ecommerce-156786.git:kavia-master
2025-08-13 10:17:08,878 - Knowledge - INFO - worker kw12 pull /app/data/b2c/156786/b5961k4/mern-ecommerce-156786/client/app/styles/_custom.scss from ingest queue
2025-08-13 10:17:09,000 - Knowledge - INFO - Found code-base-name: https://github.com/kavia-common/mern-ecommerce-156786.git:kavia-master
2025-08-13 10:17:09,153 - Knowledge - INFO - process ingested knowledge for /app/data/b2c/156786/b5961k4/mern-ecommerce-156786/client/app/contexts/Socket/index.js
2025-08-13 10:17:09,290 - Knowledge - INFO - process ingested knowledge for /app/data/b2c/156786/b5961k4/mern-ecommerce-156786/server/utils/queries.js
2025-08-13 10:17:09,465 - Knowledge - INFO - process ingested knowledge for /app/data/b2c/156786/b5961k4/mern-ecommerce-156786/server/socket/support.js
2025-08-13 10:17:09,469 - Knowledge - INFO - Found code_base: <app.utils.kg_build.knowledge.KnowledgeCodeBase object at 0x7fdc0fcfba90>
2025-08-13 10:17:09,492 - Knowledge - INFO - done ingest for /app/data/b2c/156786/b5961k4/mern-ecommerce-156786/server/routes/api/auth.js
2025-08-13 10:17:09,565 - Knowledge - INFO - Found code_base: <app.utils.kg_build.knowledge.KnowledgeCodeBase object at 0x7fdc0fcfba90>
2025-08-13 10:17:09,657 - Knowledge - INFO - Thread kw12 - File _custom.scss - Remaining files in queue: 261
2025-08-13 10:17:09,762 - Knowledge - INFO - Found code_base: <app.utils.kg_build.knowledge.KnowledgeCodeBase object at 0x7fdc0fcfba90>
2025-08-13 10:17:09,873 - Knowledge - INFO - Found code-base-name: https://github.com/kavia-common/mern-ecommerce-156786.git:kavia-master
2025-08-13 10:17:10,008 - Knowledge - INFO - Found code-base-name: https://github.com/kavia-common/mern-ecommerce-156786.git:kavia-master
2025-08-13 10:17:10,133 - Knowledge - INFO - Found code-base-name: https://github.com/kavia-common/mern-ecommerce-156786.git:kavia-master
2025-08-13 10:17:10,222 - Knowledge - INFO - persist ingested knowledge for /app/data/b2c/156786/b5961k4/mern-ecommerce-156786/client/app/styles/core/_fixes.scss
2025-08-13 10:17:10,397 - Knowledge - INFO - process ingested knowledge for /app/data/b2c/156786/b5961k4/mern-ecommerce-156786/server/routes/api/auth.js
2025-08-13 10:17:10,460 - Knowledge - INFO - persist ingested knowledge for /app/data/b2c/156786/b5961k4/mern-ecommerce-156786/server/utils/utils.js
2025-08-13 10:17:10,592 - Knowledge - INFO - start ingest for /app/data/b2c/156786/b5961k4/mern-ecommerce-156786/client/app/styles/_custom.scss
2025-08-13 10:17:10,688 - Knowledge - INFO - persist ingested knowledge for /app/data/b2c/156786/b5961k4/mern-ecommerce-156786/server/routes/api/order.js
2025-08-13 10:17:10,832 - Knowledge - INFO - Found code_base: <app.utils.kg_build.knowledge.KnowledgeCodeBase object at 0x7fdc0fcfba90>
2025-08-13 10:17:10,929 - Knowledge - INFO - Found code_base: <app.utils.kg_build.knowledge.KnowledgeCodeBase object at 0x7fdc0fcfba90>
2025-08-13 10:17:11,033 - Knowledge - INFO - Found code_base: <app.utils.kg_build.knowledge.KnowledgeCodeBase object at 0x7fdc0fcfba90>
2025-08-13 10:17:11,405 - Knowledge - INFO - Found code-base-name: https://github.com/kavia-common/mern-ecommerce-156786.git:kavia-master
2025-08-13 10:17:11,410 - Knowledge - INFO - done ingest for /app/data/b2c/156786/b5961k4/mern-ecommerce-156786/server/routes/api/merchant.js
2025-08-13 10:17:11,488 - Knowledge - INFO - Fast-track processing for simple file: /app/data/b2c/156786/b5961k4/mern-ecommerce-156786/client/app/styles/_custom.scss
2025-08-13 10:17:11,594 - Knowledge - INFO - worker kw7 pull /app/data/b2c/156786/b5961k4/mern-ecommerce-156786/client/app/styles/core/_header.scss from ingest queue
2025-08-13 10:17:11,707 - Knowledge - INFO - persist ingested knowledge for /app/data/b2c/156786/b5961k4/mern-ecommerce-156786/client/app/contexts/Socket/index.js
2025-08-13 10:17:11,830 - Knowledge - INFO - persist ingested knowledge for /app/data/b2c/156786/b5961k4/mern-ecommerce-156786/server/utils/queries.js
2025-08-13 10:17:11,988 - Knowledge - INFO - persist ingested knowledge for /app/data/b2c/156786/b5961k4/mern-ecommerce-156786/server/socket/support.js
2025-08-13 10:17:12,008 - Knowledge - INFO - done ingest for /app/data/b2c/156786/b5961k4/mern-ecommerce-156786/client/app/store.js
2025-08-13 10:17:12,104 - Knowledge - INFO - Found code_base: <app.utils.kg_build.knowledge.KnowledgeCodeBase object at 0x7fdc0fcfba90>
2025-08-13 10:17:12,133 - Knowledge - INFO - done ingest for /app/data/b2c/156786/b5961k4/mern-ecommerce-156786/server/config/passport.js
2025-08-13 10:17:12,194 - Knowledge - INFO - persist search terms embedding for server/routes/api/order.js
2025-08-13 10:17:12,251 - Knowledge - INFO - process ingested knowledge for /app/data/b2c/156786/b5961k4/mern-ecommerce-156786/server/routes/api/merchant.js
2025-08-13 10:17:12,314 - Knowledge - INFO - done fast ingest for /app/data/b2c/156786/b5961k4/mern-ecommerce-156786/client/app/styles/_custom.scss
2025-08-13 10:17:12,437 - Knowledge - INFO - Thread kw7 - File _header.scss - Remaining files in queue: 260
2025-08-13 10:17:12,542 - Knowledge - INFO - done ingest for /app/data/b2c/156786/b5961k4/mern-ecommerce-156786/server/socket/index.js
2025-08-13 10:17:12,951 - Knowledge - INFO - process ingested knowledge for /app/data/b2c/156786/b5961k4/mern-ecommerce-156786/client/app/store.js
2025-08-13 10:17:13,049 - Knowledge - INFO - persist ingested knowledge for /app/data/b2c/156786/b5961k4/mern-ecommerce-156786/server/routes/api/auth.js
2025-08-13 10:17:13,218 - Knowledge - INFO - done ingest for /app/data/b2c/156786/b5961k4/mern-ecommerce-156786/server/config/template.js
2025-08-13 10:17:13,235 - Knowledge - INFO - process ingested knowledge for /app/data/b2c/156786/b5961k4/mern-ecommerce-156786/server/config/passport.js
2025-08-13 10:17:13,295 - Knowledge - INFO - worker kw17 pull /app/data/b2c/156786/b5961k4/mern-ecommerce-156786/client/app/styles/core/_brand.scss from ingest queue
2025-08-13 10:17:13,505 - Knowledge - INFO - process ingested knowledge for /app/data/b2c/156786/b5961k4/mern-ecommerce-156786/client/app/styles/_custom.scss
2025-08-13 10:17:13,593 - Knowledge - INFO - start ingest for /app/data/b2c/156786/b5961k4/mern-ecommerce-156786/client/app/styles/core/_header.scss
2025-08-13 10:17:13,757 - Knowledge - INFO - process ingested knowledge for /app/data/b2c/156786/b5961k4/mern-ecommerce-156786/server/socket/index.js
2025-08-13 10:17:14,000 - Knowledge - INFO - process ingested knowledge for /app/data/b2c/156786/b5961k4/mern-ecommerce-156786/server/config/template.js
2025-08-13 10:17:14,024 - Knowledge - INFO - persist search terms embedding for server/socket/support.js
2025-08-13 10:17:14,218 - Knowledge - INFO - Thread kw17 - File _brand.scss - Remaining files in queue: 259
2025-08-13 10:17:14,949 - Knowledge - INFO - start ingest for /app/data/b2c/156786/b5961k4/mern-ecommerce-156786/client/app/styles/core/_brand.scss
2025-08-13 10:17:15,056 - Knowledge - INFO - done ingest for /app/data/b2c/156786/b5961k4/mern-ecommerce-156786/server/utils/store.js
2025-08-13 10:17:15,191 - Knowledge - INFO - process ingested knowledge for /app/data/b2c/156786/b5961k4/mern-ecommerce-156786/server/utils/store.js
2025-08-13 10:17:15,426 - Knowledge - INFO - done ingest for /app/data/b2c/156786/b5961k4/mern-ecommerce-156786/server/routes/api/index.js
2025-08-13 10:17:15,468 - Knowledge - INFO - done ingest for /app/data/b2c/156786/b5961k4/mern-ecommerce-156786/server/index.js
2025-08-13 10:17:15,581 - Knowledge - INFO - process ingested knowledge for /app/data/b2c/156786/b5961k4/mern-ecommerce-156786/server/routes/api/index.js
2025-08-13 10:17:15,582 - Knowledge - INFO - persist search terms embedding for server/utils/queries.js
2025-08-13 10:17:15,677 - Knowledge - INFO - process ingested knowledge for /app/data/b2c/156786/b5961k4/mern-ecommerce-156786/server/index.js
2025-08-13 10:17:15,718 - Knowledge - INFO - done ingest for /app/data/b2c/156786/b5961k4/mern-ecommerce-156786/client/app/styles/core/_footer.scss
2025-08-13 10:17:15,838 - Knowledge - INFO - done ingest for /app/data/b2c/156786/b5961k4/mern-ecommerce-156786/client/app/styles/core/_checkbox.scss
2025-08-13 10:17:15,869 - Knowledge - INFO - worker kw21 pull /app/data/b2c/156786/b5961k4/mern-ecommerce-156786/client/app/styles/core/_radio.scss from ingest queue
2025-08-13 10:17:15,875 - Knowledge - INFO - Found code-base-name: https://github.com/kavia-common/mern-ecommerce-156786.git:kavia-master
2025-08-13 10:17:15,881 - Knowledge - INFO - Found code-base-name: https://github.com/kavia-common/mern-ecommerce-156786.git:kavia-master
2025-08-13 10:17:16,086 - Knowledge - INFO - process ingested knowledge for /app/data/b2c/156786/b5961k4/mern-ecommerce-156786/client/app/styles/core/_footer.scss
2025-08-13 10:17:16,232 - Knowledge - INFO - process ingested knowledge for /app/data/b2c/156786/b5961k4/mern-ecommerce-156786/client/app/styles/core/_checkbox.scss
2025-08-13 10:17:16,267 - Knowledge - INFO - done ingest for /app/data/b2c/156786/b5961k4/mern-ecommerce-156786/server/utils/db.js
2025-08-13 10:17:16,365 - Knowledge - INFO - Thread kw21 - File _radio.scss - Remaining files in queue: 258
2025-08-13 10:17:16,425 - Knowledge - INFO - done ingest for /app/data/b2c/156786/b5961k4/mern-ecommerce-156786/client/app/styles/core/_share.scss
2025-08-13 10:17:16,486 - Knowledge - INFO - Found code_base: <app.utils.kg_build.knowledge.KnowledgeCodeBase object at 0x7fdc0fcfba90>
2025-08-13 10:17:16,592 - Knowledge - INFO - Found code_base: <app.utils.kg_build.knowledge.KnowledgeCodeBase object at 0x7fdc0fcfba90>
2025-08-13 10:17:16,832 - Knowledge - INFO - done ingest for /app/data/b2c/156786/b5961k4/mern-ecommerce-156786/client/app/contexts/Socket/provider.js
2025-08-13 10:17:16,868 - Knowledge - INFO - done ingest for /app/data/b2c/156786/b5961k4/mern-ecommerce-156786/client/app/styles/core/_spinner.scss
2025-08-13 10:17:16,967 - Knowledge - INFO - process ingested knowledge for /app/data/b2c/156786/b5961k4/mern-ecommerce-156786/server/utils/db.js
2025-08-13 10:17:16,971 - Knowledge - INFO - persist search terms embedding for server/routes/api/auth.js
2025-08-13 10:17:17,025 - Knowledge - INFO - start ingest for /app/data/b2c/156786/b5961k4/mern-ecommerce-156786/client/app/styles/core/_radio.scss
2025-08-13 10:17:17,158 - Knowledge - INFO - process ingested knowledge for /app/data/b2c/156786/b5961k4/mern-ecommerce-156786/client/app/styles/core/_share.scss
2025-08-13 10:17:17,159 - Knowledge - INFO - done ingest for /app/data/b2c/156786/b5961k4/mern-ecommerce-156786/server/utils/seed.js
2025-08-13 10:17:17,259 - Knowledge - INFO - persist ingested knowledge for /app/data/b2c/156786/b5961k4/mern-ecommerce-156786/server/routes/api/merchant.js
2025-08-13 10:17:17,370 - Knowledge - INFO - persist ingested knowledge for /app/data/b2c/156786/b5961k4/mern-ecommerce-156786/client/app/store.js
2025-08-13 10:17:17,553 - Knowledge - INFO - done ingest for /app/data/b2c/156786/b5961k4/mern-ecommerce-156786/client/app/styles/core/_wishlist.scss
2025-08-13 10:17:17,577 - Knowledge - INFO - process ingested knowledge for /app/data/b2c/156786/b5961k4/mern-ecommerce-156786/client/app/styles/core/_spinner.scss
2025-08-13 10:17:17,645 - Knowledge - INFO - process ingested knowledge for /app/data/b2c/156786/b5961k4/mern-ecommerce-156786/client/app/contexts/Socket/provider.js
2025-08-13 10:17:17,817 - Knowledge - INFO - Found code-base-name: https://github.com/kavia-common/mern-ecommerce-156786.git:kavia-master
2025-08-13 10:17:17,842 - Knowledge - INFO - Found code-base-name: https://github.com/kavia-common/mern-ecommerce-156786.git:kavia-master
2025-08-13 10:17:17,844 - Knowledge - INFO - Found code-base-name: https://github.com/kavia-common/mern-ecommerce-156786.git:kavia-master
2025-08-13 10:17:17,845 - Knowledge - INFO - Found code-base-name: https://github.com/kavia-common/mern-ecommerce-156786.git:kavia-master
2025-08-13 10:17:17,848 - Knowledge - INFO - worker kw23 pull /app/data/b2c/156786/b5961k4/mern-ecommerce-156786/client/app/styles/core/_badge.scss from ingest queue
2025-08-13 10:17:17,857 - Knowledge - INFO - Found code-base-name: https://github.com/kavia-common/mern-ecommerce-156786.git:kavia-master
2025-08-13 10:17:17,858 - Knowledge - INFO - worker kw10 pull /app/data/b2c/156786/b5961k4/mern-ecommerce-156786/client/app/styles/core/_overrides.scss from ingest queue
2025-08-13 10:17:17,859 - Knowledge - INFO - Found code-base-name: https://github.com/kavia-common/mern-ecommerce-156786.git:kavia-master
2025-08-13 10:17:17,876 - Knowledge - INFO - Found code-base-name: https://github.com/kavia-common/mern-ecommerce-156786.git:kavia-master
2025-08-13 10:17:17,883 - Knowledge - INFO - Found code-base-name: https://github.com/kavia-common/mern-ecommerce-156786.git:kavia-master
2025-08-13 10:17:17,897 - Knowledge - INFO - Found code-base-name: https://github.com/kavia-common/mern-ecommerce-156786.git:kavia-master
2025-08-13 10:17:17,901 - Knowledge - INFO - worker kw20 pull /app/data/b2c/156786/b5961k4/mern-ecommerce-156786/client/app/styles/core/_subpage.scss from ingest queue
2025-08-13 10:17:19,883 - Knowledge - INFO - Thread kw20 - File _subpage.scss - Remaining files in queue: 254
2025-08-13 10:17:17,915 - Knowledge - INFO - worker kw2 pull /app/data/b2c/156786/b5961k4/mern-ecommerce-156786/client/app/styles/core/_account.scss from ingest queue
2025-08-13 10:17:17,973 - Knowledge - INFO - Fast-track processing for simple file: /app/data/b2c/156786/b5961k4/mern-ecommerce-156786/client/app/styles/core/_radio.scss
2025-08-13 10:17:18,058 - Knowledge - INFO - Found code-base-name: https://github.com/kavia-common/mern-ecommerce-156786.git:kavia-master
2025-08-13 10:17:18,162 - Knowledge - INFO - done ingest for /app/data/b2c/156786/b5961k4/mern-ecommerce-156786/client/app/reducers.js
2025-08-13 10:17:18,194 - Knowledge - INFO - process ingested knowledge for /app/data/b2c/156786/b5961k4/mern-ecommerce-156786/server/utils/seed.js
2025-08-13 10:17:18,438 - Knowledge - INFO - process ingested knowledge for /app/data/b2c/156786/b5961k4/mern-ecommerce-156786/client/app/styles/core/_wishlist.scss
2025-08-13 10:17:18,686 - Knowledge - INFO - persist search terms embedding for server/routes/api/merchant.js
2025-08-13 10:17:18,702 - Knowledge - INFO - Found code_base: <app.utils.kg_build.knowledge.KnowledgeCodeBase object at 0x7fdc0fcfba90>
2025-08-13 10:17:18,788 - Knowledge - INFO - Found code_base: <app.utils.kg_build.knowledge.KnowledgeCodeBase object at 0x7fdc0fcfba90>
2025-08-13 10:17:18,891 - Knowledge - INFO - Found code_base: <app.utils.kg_build.knowledge.KnowledgeCodeBase object at 0x7fdc0fcfba90>
2025-08-13 10:17:18,976 - Knowledge - INFO - Found code_base: <app.utils.kg_build.knowledge.KnowledgeCodeBase object at 0x7fdc0fcfba90>
2025-08-13 10:17:19,102 - Knowledge - INFO - Thread kw23 - File _badge.scss - Remaining files in queue: 254
2025-08-13 10:17:19,252 - Knowledge - INFO - Found code_base: <app.utils.kg_build.knowledge.KnowledgeCodeBase object at 0x7fdc0fcfba90>
2025-08-13 10:17:19,352 - Knowledge - INFO - Thread kw10 - File _overrides.scss - Remaining files in queue: 254
2025-08-13 10:17:19,462 - Knowledge - INFO - Found code_base: <app.utils.kg_build.knowledge.KnowledgeCodeBase object at 0x7fdc0fcfba90>
2025-08-13 10:17:19,561 - Knowledge - INFO - Found code_base: <app.utils.kg_build.knowledge.KnowledgeCodeBase object at 0x7fdc0fcfba90>
2025-08-13 10:17:19,661 - Knowledge - INFO - Found code_base: <app.utils.kg_build.knowledge.KnowledgeCodeBase object at 0x7fdc0fcfba90>
2025-08-13 10:17:19,783 - Knowledge - INFO - Found code_base: <app.utils.kg_build.knowledge.KnowledgeCodeBase object at 0x7fdc0fcfba90>
2025-08-13 10:17:17,908 - Knowledge - INFO - Found code-base-name: https://github.com/kavia-common/mern-ecommerce-156786.git:kavia-master
2025-08-13 10:17:21,758 - Knowledge - INFO - Found code_base: <app.utils.kg_build.knowledge.KnowledgeCodeBase object at 0x7fdc0fcfba90>
2025-08-13 10:17:20,033 - Knowledge - INFO - Thread kw2 - File _account.scss - Remaining files in queue: 254
2025-08-13 10:17:20,150 - Knowledge - INFO - done fast ingest for /app/data/b2c/156786/b5961k4/mern-ecommerce-156786/client/app/styles/core/_radio.scss
2025-08-13 10:17:20,262 - Knowledge - INFO - Found code_base: <app.utils.kg_build.knowledge.KnowledgeCodeBase object at 0x7fdc0fcfba90>
2025-08-13 10:17:20,355 - Knowledge - INFO - process ingested knowledge for /app/data/b2c/156786/b5961k4/mern-ecommerce-156786/client/app/reducers.js
2025-08-13 10:17:20,433 - Knowledge - INFO - done ingest for /app/data/b2c/156786/b5961k4/mern-ecommerce-156786/client/app/styles/core/_header.scss
2025-08-13 10:17:20,473 - Knowledge - INFO - done ingest for /app/data/b2c/156786/b5961k4/mern-ecommerce-156786/client/app/styles/core/_brand.scss
2025-08-13 10:17:20,767 - Knowledge - INFO - persist ingested knowledge for /app/data/b2c/156786/b5961k4/mern-ecommerce-156786/server/config/passport.js
2025-08-13 10:17:20,849 - Knowledge - INFO - persist ingested knowledge for /app/data/b2c/156786/b5961k4/mern-ecommerce-156786/client/app/styles/_custom.scss
2025-08-13 10:17:20,935 - Knowledge - INFO - persist ingested knowledge for /app/data/b2c/156786/b5961k4/mern-ecommerce-156786/server/socket/index.js
2025-08-13 10:17:20,950 - Knowledge - INFO - persist search terms embedding for client/app/store.js
2025-08-13 10:17:21,029 - Knowledge - INFO - persist ingested knowledge for /app/data/b2c/156786/b5961k4/mern-ecommerce-156786/server/config/template.js
2025-08-13 10:17:21,118 - Knowledge - INFO - start ingest for /app/data/b2c/156786/b5961k4/mern-ecommerce-156786/client/app/styles/core/_badge.scss
2025-08-13 10:17:21,202 - Knowledge - INFO - persist ingested knowledge for /app/data/b2c/156786/b5961k4/mern-ecommerce-156786/server/utils/store.js
2025-08-13 10:17:21,313 - Knowledge - INFO - start ingest for /app/data/b2c/156786/b5961k4/mern-ecommerce-156786/client/app/styles/core/_overrides.scss
2025-08-13 10:17:21,398 - Knowledge - INFO - persist ingested knowledge for /app/data/b2c/156786/b5961k4/mern-ecommerce-156786/server/index.js
2025-08-13 10:17:21,513 - Knowledge - INFO - persist ingested knowledge for /app/data/b2c/156786/b5961k4/mern-ecommerce-156786/client/app/styles/core/_footer.scss
2025-08-13 10:17:21,584 - Knowledge - INFO - persist ingested knowledge for /app/data/b2c/156786/b5961k4/mern-ecommerce-156786/client/app/styles/core/_checkbox.scss
2025-08-13 10:17:21,668 - Knowledge - INFO - persist ingested knowledge for /app/data/b2c/156786/b5961k4/mern-ecommerce-156786/server/utils/db.js
2025-08-13 10:17:19,955 - Knowledge - INFO - start ingest for /app/data/b2c/156786/b5961k4/mern-ecommerce-156786/client/app/styles/core/_subpage.scss
2025-08-13 10:17:21,881 - Knowledge - INFO - persist ingested knowledge for /app/data/b2c/156786/b5961k4/mern-ecommerce-156786/server/routes/api/index.js
2025-08-13 10:17:21,958 - Knowledge - INFO - start ingest for /app/data/b2c/156786/b5961k4/mern-ecommerce-156786/client/app/styles/core/_account.scss
2025-08-13 10:17:22,076 - Knowledge - INFO - process ingested knowledge for /app/data/b2c/156786/b5961k4/mern-ecommerce-156786/client/app/styles/core/_radio.scss
2025-08-13 10:17:22,166 - Knowledge - INFO - persist ingested knowledge for /app/data/b2c/156786/b5961k4/mern-ecommerce-156786/client/app/styles/core/_share.scss
2025-08-13 10:17:22,346 - Knowledge - INFO - process ingested knowledge for /app/data/b2c/156786/b5961k4/mern-ecommerce-156786/client/app/styles/core/_header.scss
2025-08-13 10:17:22,438 - Knowledge - INFO - process ingested knowledge for /app/data/b2c/156786/b5961k4/mern-ecommerce-156786/client/app/styles/core/_brand.scss
2025-08-13 10:17:22,817 - Knowledge - INFO - Found code-base-name: https://github.com/kavia-common/mern-ecommerce-156786.git:kavia-master
2025-08-13 10:17:22,817 - Knowledge - INFO - Found code-base-name: https://github.com/kavia-common/mern-ecommerce-156786.git:kavia-master
2025-08-13 10:17:22,818 - Knowledge - INFO - Found code-base-name: https://github.com/kavia-common/mern-ecommerce-156786.git:kavia-master
2025-08-13 10:17:24,600 - Knowledge - INFO - Found code_base: <app.utils.kg_build.knowledge.KnowledgeCodeBase object at 0x7fdc0fcfba90>
2025-08-13 10:17:22,820 - Knowledge - INFO - worker kw3 pull /app/data/b2c/156786/b5961k4/mern-ecommerce-156786/client/app/styles/core/_utils.scss from ingest queue
2025-08-13 10:17:22,820 - Knowledge - INFO - Found code-base-name: https://github.com/kavia-common/mern-ecommerce-156786.git:kavia-master
2025-08-13 10:17:24,895 - Knowledge - INFO - Found code_base: <app.utils.kg_build.knowledge.KnowledgeCodeBase object at 0x7fdc0fcfba90>
2025-08-13 10:17:23,263 - Knowledge - INFO - persist search terms embedding for server/socket/index.js
2025-08-13 10:17:24,436 - Knowledge - INFO - Found code_base: <app.utils.kg_build.knowledge.KnowledgeCodeBase object at 0x7fdc0fcfba90>
2025-08-13 10:17:24,517 - Knowledge - INFO - Found code_base: <app.utils.kg_build.knowledge.KnowledgeCodeBase object at 0x7fdc0fcfba90>
2025-08-13 10:17:22,819 - Knowledge - INFO - Found code-base-name: https://github.com/kavia-common/mern-ecommerce-156786.git:kavia-master
2025-08-13 10:17:24,676 - Knowledge - INFO - persist ingested knowledge for /app/data/b2c/156786/b5961k4/mern-ecommerce-156786/server/utils/seed.js
2025-08-13 10:17:24,794 - Knowledge - INFO - Thread kw3 - File _utils.scss - Remaining files in queue: 253
2025-08-13 10:17:23,037 - Knowledge - INFO - Fast-track processing for simple file: /app/data/b2c/156786/b5961k4/mern-ecommerce-156786/client/app/styles/core/_badge.scss
2025-08-13 10:17:24,979 - Knowledge - INFO - persist ingested knowledge for /app/data/b2c/156786/b5961k4/mern-ecommerce-156786/client/app/reducers.js
2025-08-13 10:17:25,075 - Knowledge - INFO - worker kw16 pull /app/data/b2c/156786/b5961k4/mern-ecommerce-156786/client/app/styles/core/_support.scss from ingest queue
2025-08-13 10:17:25,076 - Knowledge - INFO - worker kw12 pull /app/data/b2c/156786/b5961k4/mern-ecommerce-156786/client/app/styles/core/_login.scss from ingest queue
2025-08-13 10:17:25,159 - Knowledge - INFO - persist ingested knowledge for /app/data/b2c/156786/b5961k4/mern-ecommerce-156786/client/app/styles/core/_spinner.scss
2025-08-13 10:17:25,286 - Knowledge - INFO - persist ingested knowledge for /app/data/b2c/156786/b5961k4/mern-ecommerce-156786/client/app/contexts/Socket/provider.js
2025-08-13 10:17:25,371 - Knowledge - INFO - Found code_base: <app.utils.kg_build.knowledge.KnowledgeCodeBase object at 0x7fdc0fcfba90>
2025-08-13 10:17:25,522 - Knowledge - INFO - persist search terms embedding for server/config/template.js
2025-08-13 10:17:25,612 - Knowledge - INFO - start ingest for /app/data/b2c/156786/b5961k4/mern-ecommerce-156786/client/app/styles/core/_utils.scss
2025-08-13 10:17:25,704 - Knowledge - INFO - done fast ingest for /app/data/b2c/156786/b5961k4/mern-ecommerce-156786/client/app/styles/core/_badge.scss
2025-08-13 10:17:25,920 - Knowledge - INFO - Thread kw16 - File _support.scss - Remaining files in queue: 251
2025-08-13 10:17:26,018 - Knowledge - INFO - Thread kw12 - File _login.scss - Remaining files in queue: 251
2025-08-13 10:17:26,301 - Knowledge - INFO - persist ingested knowledge for /app/data/b2c/156786/b5961k4/mern-ecommerce-156786/client/app/styles/core/_wishlist.scss
2025-08-13 10:17:26,378 - Knowledge - INFO - worker kw5 pull /app/data/b2c/156786/b5961k4/mern-ecommerce-156786/client/app/styles/core/_menu.scss from ingest queue
2025-08-13 10:17:26,571 - Knowledge - INFO - process ingested knowledge for /app/data/b2c/156786/b5961k4/mern-ecommerce-156786/client/app/styles/core/_badge.scss
2025-08-13 10:17:26,698 - Knowledge - INFO - start ingest for /app/data/b2c/156786/b5961k4/mern-ecommerce-156786/client/app/styles/core/_support.scss
2025-08-13 10:17:26,747 - Knowledge - INFO - persist search terms embedding for client/app/styles/core/_checkbox.scss
2025-08-13 10:17:26,790 - Knowledge - INFO - start ingest for /app/data/b2c/156786/b5961k4/mern-ecommerce-156786/client/app/styles/core/_login.scss
2025-08-13 10:17:27,020 - Knowledge - INFO - Thread kw5 - File _menu.scss - Remaining files in queue: 250
2025-08-13 10:17:27,571 - Knowledge - INFO - start ingest for /app/data/b2c/156786/b5961k4/mern-ecommerce-156786/client/app/styles/core/_menu.scss
2025-08-13 10:17:27,349 - Knowledge - INFO - Found code-base-name: https://github.com/kavia-common/mern-ecommerce-156786.git:kavia-master
2025-08-13 10:17:27,493 - Knowledge - INFO - done ingest for /app/data/b2c/156786/b5961k4/mern-ecommerce-156786/client/app/styles/core/_account.scss
2025-08-13 10:17:27,349 - Knowledge - INFO - worker kw15 pull /app/data/b2c/156786/b5961k4/mern-ecommerce-156786/client/app/styles/core/_newsletter.scss from ingest queue
2025-08-13 10:17:27,782 - Knowledge - INFO - Found code_base: <app.utils.kg_build.knowledge.KnowledgeCodeBase object at 0x7fdc0fcfba90>
2025-08-13 10:17:27,859 - Knowledge - INFO - persist search terms embedding for client/app/styles/core/_share.scss
2025-08-13 10:17:27,890 - Knowledge - INFO - process ingested knowledge for /app/data/b2c/156786/b5961k4/mern-ecommerce-156786/client/app/styles/core/_account.scss
2025-08-13 10:17:27,975 - Knowledge - INFO - Thread kw15 - File _newsletter.scss - Remaining files in queue: 249
2025-08-13 10:17:28,052 - Knowledge - INFO - persist ingested knowledge for /app/data/b2c/156786/b5961k4/mern-ecommerce-156786/client/app/styles/core/_radio.scss
2025-08-13 10:17:28,134 - Knowledge - INFO - Found code-base-name: https://github.com/kavia-common/mern-ecommerce-156786.git:kavia-master
2025-08-13 10:17:28,520 - Knowledge - INFO - Found code_base: <app.utils.kg_build.knowledge.KnowledgeCodeBase object at 0x7fdc0fcfba90>
2025-08-13 10:17:28,134 - Knowledge - INFO - worker kw11 pull /app/data/b2c/156786/b5961k4/mern-ecommerce-156786/client/app/styles/core/_coming-soon.scss from ingest queue
2025-08-13 10:17:28,297 - Knowledge - INFO - done ingest for /app/data/b2c/156786/b5961k4/mern-ecommerce-156786/client/app/styles/core/_overrides.scss
2025-08-13 10:17:28,345 - Knowledge - INFO - start ingest for /app/data/b2c/156786/b5961k4/mern-ecommerce-156786/client/app/styles/core/_newsletter.scss
2025-08-13 10:17:28,134 - Knowledge - INFO - Found code-base-name: https://github.com/kavia-common/mern-ecommerce-156786.git:kavia-master
2025-08-13 10:17:28,626 - Knowledge - INFO - persist ingested knowledge for /app/data/b2c/156786/b5961k4/mern-ecommerce-156786/client/app/styles/core/_header.scss
2025-08-13 10:17:28,708 - Knowledge - INFO - Thread kw11 - File _coming-soon.scss - Remaining files in queue: 248
2025-08-13 10:17:28,846 - Knowledge - INFO - process ingested knowledge for /app/data/b2c/156786/b5961k4/mern-ecommerce-156786/client/app/styles/core/_overrides.scss
2025-08-13 10:17:28,999 - Knowledge - INFO - Fast-track processing for simple file: /app/data/b2c/156786/b5961k4/mern-ecommerce-156786/client/app/styles/core/_newsletter.scss
2025-08-13 10:17:29,599 - Knowledge - INFO - done fast ingest for /app/data/b2c/156786/b5961k4/mern-ecommerce-156786/client/app/styles/core/_newsletter.scss
2025-08-13 10:17:29,366 - Knowledge - INFO - start ingest for /app/data/b2c/156786/b5961k4/mern-ecommerce-156786/client/app/styles/core/_coming-soon.scss
2025-08-13 10:17:29,121 - Knowledge - INFO - Found code_base: <app.utils.kg_build.knowledge.KnowledgeCodeBase object at 0x7fdc0fcfba90>
2025-08-13 10:17:29,907 - Knowledge - INFO - persist ingested knowledge for /app/data/b2c/156786/b5961k4/mern-ecommerce-156786/client/app/styles/core/_brand.scss
2025-08-13 10:17:29,803 - Knowledge - INFO - Fast-track processing for simple file: /app/data/b2c/156786/b5961k4/mern-ecommerce-156786/client/app/styles/core/_coming-soon.scss
2025-08-13 10:17:30,115 - Knowledge - INFO - done fast ingest for /app/data/b2c/156786/b5961k4/mern-ecommerce-156786/client/app/styles/core/_coming-soon.scss
2025-08-13 10:17:29,942 - Knowledge - INFO - done ingest for /app/data/b2c/156786/b5961k4/mern-ecommerce-156786/client/app/styles/core/_subpage.scss
2025-08-13 10:17:30,020 - Knowledge - INFO - persist search terms embedding for server/utils/store.js
2025-08-13 10:17:29,697 - Knowledge - INFO - process ingested knowledge for /app/data/b2c/156786/b5961k4/mern-ecommerce-156786/client/app/styles/core/_newsletter.scss
2025-08-13 10:17:30,204 - Knowledge - INFO - process ingested knowledge for /app/data/b2c/156786/b5961k4/mern-ecommerce-156786/client/app/styles/core/_coming-soon.scss
2025-08-13 10:17:30,287 - Knowledge - INFO - process ingested knowledge for /app/data/b2c/156786/b5961k4/mern-ecommerce-156786/client/app/styles/core/_subpage.scss
2025-08-13 10:17:31,259 - Knowledge - INFO - persist search terms embedding for server/utils/seed.js
2025-08-13 10:17:31,677 - Knowledge - INFO - done ingest for /app/data/b2c/156786/b5961k4/mern-ecommerce-156786/client/app/styles/core/_login.scss
2025-08-13 10:17:31,733 - Knowledge - INFO - done ingest for /app/data/b2c/156786/b5961k4/mern-ecommerce-156786/client/app/styles/core/_support.scss
2025-08-13 10:17:31,863 - Knowledge - INFO - process ingested knowledge for /app/data/b2c/156786/b5961k4/mern-ecommerce-156786/client/app/styles/core/_support.scss
2025-08-13 10:17:31,781 - Knowledge - INFO - process ingested knowledge for /app/data/b2c/156786/b5961k4/mern-ecommerce-156786/client/app/styles/core/_login.scss
2025-08-13 10:17:32,259 - Knowledge - INFO - persist search terms embedding for client/app/reducers.js
2025-08-13 10:17:32,332 - Knowledge - INFO - done ingest for /app/data/b2c/156786/b5961k4/mern-ecommerce-156786/client/app/styles/core/_utils.scss
2025-08-13 10:17:32,421 - Knowledge - INFO - process ingested knowledge for /app/data/b2c/156786/b5961k4/mern-ecommerce-156786/client/app/styles/core/_utils.scss
2025-08-13 10:17:32,821 - Knowledge - INFO - persist search terms embedding for client/app/styles/core/_spinner.scss
2025-08-13 10:17:33,326 - Knowledge - INFO - persist search terms embedding for client/app/contexts/Socket/provider.js
2025-08-13 10:17:33,865 - Knowledge - INFO - persist search terms embedding for client/app/styles/core/_footer.scss
2025-08-13 10:17:34,255 - Knowledge - INFO - persist search terms embedding for server/index.js
2025-08-13 10:17:34,528 - Knowledge - INFO - done ingest for /app/data/b2c/156786/b5961k4/mern-ecommerce-156786/client/app/styles/core/_menu.scss
2025-08-13 10:17:34,624 - Knowledge - INFO - process ingested knowledge for /app/data/b2c/156786/b5961k4/mern-ecommerce-156786/client/app/styles/core/_menu.scss
2025-08-13 10:17:34,981 - Knowledge - INFO - persist search terms embedding for client/app/styles/core/_wishlist.scss
2025-08-13 10:17:35,102 - Knowledge - INFO - Found code-base-name: https://github.com/kavia-common/mern-ecommerce-156786.git:kavia-master
2025-08-13 10:17:35,103 - Knowledge - INFO - worker kw4 pull /app/data/b2c/156786/b5961k4/mern-ecommerce-156786/client/app/styles/core/_variables.scss from ingest queue
2025-08-13 10:17:35,104 - Knowledge - INFO - worker kw18 pull /app/data/b2c/156786/b5961k4/mern-ecommerce-156786/client/app/styles/core/_product.scss from ingest queue
2025-08-13 10:17:35,211 - Knowledge - INFO - Found code_base: <app.utils.kg_build.knowledge.KnowledgeCodeBase object at 0x7fdc0fcfba90>
2025-08-13 10:17:35,296 - Knowledge - INFO - Thread kw4 - File _variables.scss - Remaining files in queue: 246
2025-08-13 10:17:35,386 - Knowledge - INFO - Thread kw18 - File _product.scss - Remaining files in queue: 246
2025-08-13 10:17:35,458 - Knowledge - INFO - persist ingested knowledge for /app/data/b2c/156786/b5961k4/mern-ecommerce-156786/client/app/styles/core/_badge.scss
2025-08-13 10:17:35,468 - Knowledge - INFO - persist search terms embedding for server/config/passport.js
2025-08-13 10:17:35,548 - Knowledge - INFO - start ingest for /app/data/b2c/156786/b5961k4/mern-ecommerce-156786/client/app/styles/core/_variables.scss
2025-08-13 10:17:35,657 - Knowledge - INFO - start ingest for /app/data/b2c/156786/b5961k4/mern-ecommerce-156786/client/app/styles/core/_product.scss
2025-08-13 10:17:36,431 - Knowledge - INFO - persist search terms embedding for client/app/styles/core/_header.scss
2025-08-13 10:17:36,532 - Knowledge - INFO - Found code-base-name: https://github.com/kavia-common/mern-ecommerce-156786.git:kavia-master
2025-08-13 10:17:36,656 - Knowledge - INFO - Found code_base: <app.utils.kg_build.knowledge.KnowledgeCodeBase object at 0x7fdc0fcfba90>
2025-08-13 10:17:36,747 - Knowledge - INFO - persist ingested knowledge for /app/data/b2c/156786/b5961k4/mern-ecommerce-156786/client/app/styles/core/_overrides.scss
2025-08-13 10:17:36,946 - Knowledge - INFO - persist search terms embedding for client/app/styles/core/_brand.scss
2025-08-13 10:17:37,034 - Knowledge - INFO - Found code-base-name: https://github.com/kavia-common/mern-ecommerce-156786.git:kavia-master
2025-08-13 10:17:37,035 - Knowledge - INFO - Found code-base-name: https://github.com/kavia-common/mern-ecommerce-156786.git:kavia-master
2025-08-13 10:17:37,035 - Knowledge - INFO - Found code-base-name: https://github.com/kavia-common/mern-ecommerce-156786.git:kavia-master
2025-08-13 10:17:37,036 - Knowledge - INFO - worker kw14 pull /app/data/b2c/156786/b5961k4/mern-ecommerce-156786/client/app/styles/core/utils/_reset.scss from ingest queue
2025-08-13 10:17:37,036 - Knowledge - INFO - Found code-base-name: https://github.com/kavia-common/mern-ecommerce-156786.git:kavia-master
2025-08-13 10:17:37,036 - Knowledge - INFO - worker kw8 pull /app/data/b2c/156786/b5961k4/mern-ecommerce-156786/client/app/styles/core/utils/_fonts.scss from ingest queue
2025-08-13 10:17:37,036 - Knowledge - INFO - Found code-base-name: https://github.com/kavia-common/mern-ecommerce-156786.git:kavia-master
2025-08-13 10:17:37,037 - Knowledge - INFO - worker kw1 pull /app/data/b2c/156786/b5961k4/mern-ecommerce-156786/client/app/styles/core/_dashboard.scss from ingest queue
2025-08-13 10:17:37,037 - Knowledge - INFO - worker kw22 pull /app/data/b2c/156786/b5961k4/mern-ecommerce-156786/client/app/styles/core/_input.scss from ingest queue
2025-08-13 10:17:37,037 - Knowledge - INFO - Found code-base-name: https://github.com/kavia-common/mern-ecommerce-156786.git:kavia-master
2025-08-13 10:17:37,120 - Knowledge - INFO - Found code_base: <app.utils.kg_build.knowledge.KnowledgeCodeBase object at 0x7fdc0fcfba90>
2025-08-13 10:17:37,221 - Knowledge - INFO - Found code_base: <app.utils.kg_build.knowledge.KnowledgeCodeBase object at 0x7fdc0fcfba90>
2025-08-13 10:17:37,343 - Knowledge - INFO - Found code_base: <app.utils.kg_build.knowledge.KnowledgeCodeBase object at 0x7fdc0fcfba90>
2025-08-13 10:17:37,373 - Knowledge - INFO - persist search terms embedding for server/utils/db.js
2025-08-13 10:17:37,460 - Knowledge - INFO - Thread kw14 - File _reset.scss - Remaining files in queue: 242
2025-08-13 10:17:37,546 - Knowledge - INFO - Found code_base: <app.utils.kg_build.knowledge.KnowledgeCodeBase object at 0x7fdc0fcfba90>
2025-08-13 10:17:37,657 - Knowledge - INFO - Thread kw8 - File _fonts.scss - Remaining files in queue: 242
2025-08-13 10:17:37,771 - Knowledge - INFO - Found code_base: <app.utils.kg_build.knowledge.KnowledgeCodeBase object at 0x7fdc0fcfba90>
2025-08-13 10:17:37,883 - Knowledge - INFO - Thread kw1 - File _dashboard.scss - Remaining files in queue: 242
2025-08-13 10:17:37,975 - Knowledge - INFO - Thread kw22 - File _input.scss - Remaining files in queue: 242
2025-08-13 10:17:38,062 - Knowledge - INFO - Found code_base: <app.utils.kg_build.knowledge.KnowledgeCodeBase object at 0x7fdc0fcfba90>
2025-08-13 10:17:38,177 - Knowledge - INFO - persist ingested knowledge for /app/data/b2c/156786/b5961k4/mern-ecommerce-156786/client/app/styles/core/_newsletter.scss
2025-08-13 10:17:38,256 - Knowledge - INFO - persist ingested knowledge for /app/data/b2c/156786/b5961k4/mern-ecommerce-156786/client/app/styles/core/_coming-soon.scss
2025-08-13 10:17:38,353 - Knowledge - INFO - persist ingested knowledge for /app/data/b2c/156786/b5961k4/mern-ecommerce-156786/client/app/styles/core/_subpage.scss
2025-08-13 10:17:38,479 - Knowledge - INFO - Found code-base-name: https://github.com/kavia-common/mern-ecommerce-156786.git:kavia-master
2025-08-13 10:17:38,566 - Knowledge - INFO - start ingest for /app/data/b2c/156786/b5961k4/mern-ecommerce-156786/client/app/styles/core/utils/_reset.scss
2025-08-13 10:17:38,573 - Knowledge - INFO - worker kw6 pull /app/data/b2c/156786/b5961k4/mern-ecommerce-156786/client/app/styles/core/_mixins.scss from ingest queue
2025-08-13 10:17:38,574 - Knowledge - INFO - worker kw21 pull /app/data/b2c/156786/b5961k4/mern-ecommerce-156786/client/app/styles/core/_table.scss from ingest queue
2025-08-13 10:17:38,574 - Knowledge - INFO - worker kw17 pull /app/data/b2c/156786/b5961k4/mern-ecommerce-156786/client/app/styles/core/_review.scss from ingest queue
2025-08-13 10:17:38,574 - Knowledge - INFO - worker kw19 pull /app/data/b2c/156786/b5961k4/mern-ecommerce-156786/client/app/styles/core/core.scss from ingest queue
2025-08-13 10:17:38,574 - Knowledge - INFO - worker kw25 pull /app/data/b2c/156786/b5961k4/mern-ecommerce-156786/client/app/styles/core/_shop.scss from ingest queue
2025-08-13 10:17:38,574 - Knowledge - INFO - worker kw24 pull /app/data/b2c/156786/b5961k4/mern-ecommerce-156786/client/app/styles/core/_users.scss from ingest queue
2025-08-13 10:17:38,574 - Knowledge - INFO - worker kw13 pull /app/data/b2c/156786/b5961k4/mern-ecommerce-156786/client/app/styles/core/_layout.scss from ingest queue
2025-08-13 10:17:38,653 - Knowledge - INFO - persist ingested knowledge for /app/data/b2c/156786/b5961k4/mern-ecommerce-156786/client/app/styles/core/_login.scss
2025-08-13 10:17:38,775 - Knowledge - INFO - start ingest for /app/data/b2c/156786/b5961k4/mern-ecommerce-156786/client/app/styles/core/utils/_fonts.scss
2025-08-13 10:17:38,862 - Knowledge - INFO - persist ingested knowledge for /app/data/b2c/156786/b5961k4/mern-ecommerce-156786/client/app/styles/core/_utils.scss
2025-08-13 10:17:38,957 - Knowledge - INFO - start ingest for /app/data/b2c/156786/b5961k4/mern-ecommerce-156786/client/app/styles/core/_dashboard.scss
2025-08-13 10:17:38,959 - Knowledge - INFO - persist search terms embedding for client/app/styles/core/_overrides.scss
2025-08-13 10:17:39,083 - Knowledge - INFO - start ingest for /app/data/b2c/156786/b5961k4/mern-ecommerce-156786/client/app/styles/core/_input.scss
2025-08-13 10:17:39,164 - Knowledge - INFO - persist ingested knowledge for /app/data/b2c/156786/b5961k4/mern-ecommerce-156786/client/app/styles/core/_menu.scss
2025-08-13 10:17:39,626 - Knowledge - INFO - Found code_base: <app.utils.kg_build.knowledge.KnowledgeCodeBase object at 0x7fdc0fcfba90>
2025-08-13 10:17:39,824 - Knowledge - INFO - Thread kw6 - File _mixins.scss - Remaining files in queue: 235
2025-08-13 10:17:39,919 - Knowledge - INFO - Thread kw21 - File _table.scss - Remaining files in queue: 235
2025-08-13 10:17:40,016 - Knowledge - INFO - Thread kw17 - File _review.scss - Remaining files in queue: 235
2025-08-13 10:17:40,129 - Knowledge - INFO - Thread kw19 - File core.scss - Remaining files in queue: 235
2025-08-13 10:17:40,232 - Knowledge - INFO - Thread kw25 - File _shop.scss - Remaining files in queue: 235
2025-08-13 10:17:40,347 - Knowledge - INFO - Thread kw24 - File _users.scss - Remaining files in queue: 235
2025-08-13 10:17:40,441 - Knowledge - INFO - Thread kw13 - File _layout.scss - Remaining files in queue: 235
2025-08-13 10:17:40,680 - Knowledge - INFO - Fast-track processing for simple file: /app/data/b2c/156786/b5961k4/mern-ecommerce-156786/client/app/styles/core/utils/_fonts.scss
2025-08-13 10:17:41,308 - Knowledge - INFO - persist ingested knowledge for /app/data/b2c/156786/b5961k4/mern-ecommerce-156786/client/app/styles/core/_account.scss
2025-08-13 10:17:41,372 - Knowledge - INFO - persist search terms embedding for server/routes/api/index.js
2025-08-13 10:17:41,402 - Knowledge - INFO - start ingest for /app/data/b2c/156786/b5961k4/mern-ecommerce-156786/client/app/styles/core/_mixins.scss
2025-08-13 10:17:41,512 - Knowledge - INFO - start ingest for /app/data/b2c/156786/b5961k4/mern-ecommerce-156786/client/app/styles/core/_table.scss
2025-08-13 10:17:41,607 - Knowledge - INFO - start ingest for /app/data/b2c/156786/b5961k4/mern-ecommerce-156786/client/app/styles/core/_review.scss
2025-08-13 10:17:41,731 - Knowledge - INFO - start ingest for /app/data/b2c/156786/b5961k4/mern-ecommerce-156786/client/app/styles/core/core.scss
2025-08-13 10:17:41,833 - Knowledge - INFO - start ingest for /app/data/b2c/156786/b5961k4/mern-ecommerce-156786/client/app/styles/core/_shop.scss
2025-08-13 10:17:41,965 - Knowledge - INFO - start ingest for /app/data/b2c/156786/b5961k4/mern-ecommerce-156786/client/app/styles/core/_users.scss
2025-08-13 10:17:42,079 - Knowledge - INFO - start ingest for /app/data/b2c/156786/b5961k4/mern-ecommerce-156786/client/app/styles/core/_layout.scss
2025-08-13 10:17:42,167 - Knowledge - INFO - done fast ingest for /app/data/b2c/156786/b5961k4/mern-ecommerce-156786/client/app/styles/core/utils/_fonts.scss
2025-08-13 10:17:42,395 - Knowledge - INFO - Found code-base-name: https://github.com/kavia-common/mern-ecommerce-156786.git:kavia-master
2025-08-13 10:17:42,401 - Knowledge - INFO - worker kw7 pull /app/data/b2c/156786/b5961k4/mern-ecommerce-156786/client/app/styles/core/_rtl.scss from ingest queue
2025-08-13 10:17:42,401 - Knowledge - INFO - worker kw23 pull /app/data/b2c/156786/b5961k4/mern-ecommerce-156786/client/app/styles/core/_order.scss from ingest queue
2025-08-13 10:17:42,592 - Knowledge - INFO - Fast-track processing for simple file: /app/data/b2c/156786/b5961k4/mern-ecommerce-156786/client/app/styles/core/_table.scss
2025-08-13 10:17:42,792 - Knowledge - INFO - persist search terms embedding for client/app/styles/core/_subpage.scss
2025-08-13 10:17:42,875 - Knowledge - INFO - Fast-track processing for simple file: /app/data/b2c/156786/b5961k4/mern-ecommerce-156786/client/app/styles/core/_shop.scss
2025-08-13 10:17:43,770 - Knowledge - INFO - done fast ingest for /app/data/b2c/156786/b5961k4/mern-ecommerce-156786/client/app/styles/core/_shop.scss
2025-08-13 10:17:43,201 - Knowledge - INFO - process ingested knowledge for /app/data/b2c/156786/b5961k4/mern-ecommerce-156786/client/app/styles/core/utils/_fonts.scss
2025-08-13 10:17:43,288 - Knowledge - INFO - Found code_base: <app.utils.kg_build.knowledge.KnowledgeCodeBase object at 0x7fdc0fcfba90>
2025-08-13 10:17:43,374 - Knowledge - INFO - Thread kw7 - File _rtl.scss - Remaining files in queue: 233
2025-08-13 10:17:43,463 - Knowledge - INFO - Thread kw23 - File _order.scss - Remaining files in queue: 233
2025-08-13 10:17:43,564 - Knowledge - INFO - done fast ingest for /app/data/b2c/156786/b5961k4/mern-ecommerce-156786/client/app/styles/core/_table.scss
2025-08-13 10:17:42,988 - Knowledge - INFO - Fast-track processing for simple file: /app/data/b2c/156786/b5961k4/mern-ecommerce-156786/client/app/styles/core/_users.scss
2025-08-13 10:17:43,870 - Knowledge - INFO - process ingested knowledge for /app/data/b2c/156786/b5961k4/mern-ecommerce-156786/client/app/styles/core/_shop.scss
2025-08-13 10:17:44,495 - Knowledge - INFO - persist ingested knowledge for /app/data/b2c/156786/b5961k4/mern-ecommerce-156786/client/app/styles/core/_support.scss
2025-08-13 10:17:44,572 - Knowledge - INFO - start ingest for /app/data/b2c/156786/b5961k4/mern-ecommerce-156786/client/app/styles/core/_rtl.scss
2025-08-13 10:17:44,714 - Knowledge - INFO - start ingest for /app/data/b2c/156786/b5961k4/mern-ecommerce-156786/client/app/styles/core/_order.scss
2025-08-13 10:17:44,715 - Knowledge - INFO - persist search terms embedding for client/app/styles/core/_utils.scss
2025-08-13 10:17:44,905 - Knowledge - INFO - process ingested knowledge for /app/data/b2c/156786/b5961k4/mern-ecommerce-156786/client/app/styles/core/_table.scss
2025-08-13 10:17:45,111 - Knowledge - INFO - done fast ingest for /app/data/b2c/156786/b5961k4/mern-ecommerce-156786/client/app/styles/core/_users.scss
2025-08-13 10:17:45,463 - Knowledge - INFO - done ingest for /app/data/b2c/156786/b5961k4/mern-ecommerce-156786/client/app/styles/core/utils/_reset.scss
2025-08-13 10:17:45,486 - Knowledge - INFO - Fast-track processing for simple file: /app/data/b2c/156786/b5961k4/mern-ecommerce-156786/client/app/styles/core/_rtl.scss
2025-08-13 10:17:45,899 - Knowledge - INFO - process ingested knowledge for /app/data/b2c/156786/b5961k4/mern-ecommerce-156786/client/app/styles/core/_users.scss
2025-08-13 10:17:45,988 - Knowledge - INFO - process ingested knowledge for /app/data/b2c/156786/b5961k4/mern-ecommerce-156786/client/app/styles/core/utils/_reset.scss
2025-08-13 10:17:46,080 - Knowledge - INFO - done fast ingest for /app/data/b2c/156786/b5961k4/mern-ecommerce-156786/client/app/styles/core/_rtl.scss
2025-08-13 10:17:46,140 - Knowledge - INFO - persist search terms embedding for client/app/styles/core/_menu.scss
2025-08-13 10:17:46,380 - Knowledge - INFO - process ingested knowledge for /app/data/b2c/156786/b5961k4/mern-ecommerce-156786/client/app/styles/core/_rtl.scss
2025-08-13 10:17:46,611 - Knowledge - INFO - worker kw9 pull /app/data/b2c/156786/b5961k4/mern-ecommerce-156786/client/app/styles/core/_merchant.scss from ingest queue
2025-08-13 10:17:46,711 - Knowledge - INFO - done ingest for /app/data/b2c/156786/b5961k4/mern-ecommerce-156786/client/app/styles/core/_dashboard.scss
2025-08-13 10:17:46,727 - Knowledge - INFO - Thread kw9 - File _merchant.scss - Remaining files in queue: 232
2025-08-13 10:17:46,850 - Knowledge - INFO - worker kw20 pull /app/data/b2c/156786/b5961k4/mern-ecommerce-156786/client/app/styles/core/_components.scss from ingest queue
2025-08-13 10:17:46,851 - Knowledge - INFO - Found code-base-name: https://github.com/kavia-common/mern-ecommerce-156786.git:kavia-master
2025-08-13 10:17:46,851 - Knowledge - INFO - Found code-base-name: https://github.com/kavia-common/mern-ecommerce-156786.git:kavia-master
2025-08-13 10:17:46,859 - Knowledge - INFO - process ingested knowledge for /app/data/b2c/156786/b5961k4/mern-ecommerce-156786/client/app/styles/core/_dashboard.scss
2025-08-13 10:17:46,948 - Knowledge - INFO - start ingest for /app/data/b2c/156786/b5961k4/mern-ecommerce-156786/client/app/styles/core/_merchant.scss
2025-08-13 10:17:46,985 - Knowledge - INFO - worker kw3 pull /app/data/b2c/156786/b5961k4/mern-ecommerce-156786/client/app/styles/core/_button.scss from ingest queue
2025-08-13 10:17:46,986 - Knowledge - INFO - worker kw10 pull /app/data/b2c/156786/b5961k4/mern-ecommerce-156786/client/app/styles/core/_address.scss from ingest queue
2025-08-13 10:17:46,986 - Knowledge - INFO - Found code-base-name: https://github.com/kavia-common/mern-ecommerce-156786.git:kavia-master
2025-08-13 10:17:46,987 - Knowledge - INFO - Found code-base-name: https://github.com/kavia-common/mern-ecommerce-156786.git:kavia-master
2025-08-13 10:17:46,987 - Knowledge - INFO - worker kw5 pull /app/data/b2c/156786/b5961k4/mern-ecommerce-156786/client/app/styles/core/_category.scss from ingest queue
2025-08-13 10:17:46,987 - Knowledge - INFO - Found code-base-name: https://github.com/kavia-common/mern-ecommerce-156786.git:kavia-master
2025-08-13 10:17:46,987 - Knowledge - INFO - worker kw2 pull /app/data/b2c/156786/b5961k4/mern-ecommerce-156786/client/app/styles/core/_switch.scss from ingest queue
2025-08-13 10:17:46,987 - Knowledge - INFO - worker kw12 pull /app/data/b2c/156786/b5961k4/mern-ecommerce-156786/client/app/styles/core/_checkout.scss from ingest queue
2025-08-13 10:17:46,987 - Knowledge - INFO - worker kw16 pull /app/data/b2c/156786/b5961k4/mern-ecommerce-156786/client/app/styles/core/page404.scss from ingest queue
2025-08-13 10:17:47,050 - Knowledge - INFO - Thread kw20 - File _components.scss - Remaining files in queue: 225
2025-08-13 10:17:47,097 - Knowledge - INFO - Found code-base-name: https://github.com/kavia-common/mern-ecommerce-156786.git:kavia-master
2025-08-13 10:17:47,098 - Knowledge - INFO - worker kw15 pull /app/data/b2c/156786/b5961k4/mern-ecommerce-156786/client/app/styles/core/_cart.scss from ingest queue
2025-08-13 10:17:47,098 - Knowledge - INFO - worker kw11 pull /app/data/b2c/156786/b5961k4/mern-ecommerce-156786/client/app/styles/core/_search.scss from ingest queue
2025-08-13 10:17:47,144 - Knowledge - INFO - Found code_base: <app.utils.kg_build.knowledge.KnowledgeCodeBase object at 0x7fdc0fcfba90>
2025-08-13 10:17:48,955 - Knowledge - INFO - persist ingested knowledge for /app/data/b2c/156786/b5961k4/mern-ecommerce-156786/client/app/styles/core/utils/_fonts.scss
2025-08-13 10:17:47,342 - Knowledge - INFO - Found code-base-name: https://github.com/kavia-common/mern-ecommerce-156786.git:kavia-master
2025-08-13 10:17:47,436 - Knowledge - INFO - Fast-track processing for simple file: /app/data/b2c/156786/b5961k4/mern-ecommerce-156786/client/app/styles/core/_merchant.scss
2025-08-13 10:17:47,499 - Knowledge - INFO - done ingest for /app/data/b2c/156786/b5961k4/mern-ecommerce-156786/client/app/styles/core/_input.scss
2025-08-13 10:17:47,535 - Knowledge - INFO - Thread kw3 - File _button.scss - Remaining files in queue: 223
2025-08-13 10:17:47,628 - Knowledge - INFO - Thread kw10 - File _address.scss - Remaining files in queue: 223
2025-08-13 10:17:47,757 - Knowledge - INFO - Found code_base: <app.utils.kg_build.knowledge.KnowledgeCodeBase object at 0x7fdc0fcfba90>
2025-08-13 10:17:47,850 - Knowledge - INFO - Found code_base: <app.utils.kg_build.knowledge.KnowledgeCodeBase object at 0x7fdc0fcfba90>
2025-08-13 10:17:47,970 - Knowledge - INFO - Thread kw5 - File _category.scss - Remaining files in queue: 223
2025-08-13 10:17:48,079 - Knowledge - INFO - Found code_base: <app.utils.kg_build.knowledge.KnowledgeCodeBase object at 0x7fdc0fcfba90>
2025-08-13 10:17:48,195 - Knowledge - INFO - Thread kw2 - File _switch.scss - Remaining files in queue: 223
2025-08-13 10:17:48,293 - Knowledge - INFO - Thread kw12 - File _checkout.scss - Remaining files in queue: 223
2025-08-13 10:17:48,419 - Knowledge - INFO - Thread kw16 - File page404.scss - Remaining files in queue: 223
2025-08-13 10:17:48,515 - Knowledge - INFO - start ingest for /app/data/b2c/156786/b5961k4/mern-ecommerce-156786/client/app/styles/core/_components.scss
2025-08-13 10:17:48,624 - Knowledge - INFO - Found code_base: <app.utils.kg_build.knowledge.KnowledgeCodeBase object at 0x7fdc0fcfba90>
2025-08-13 10:17:48,757 - Knowledge - INFO - Thread kw15 - File _cart.scss - Remaining files in queue: 223
2025-08-13 10:17:48,873 - Knowledge - INFO - Thread kw11 - File _search.scss - Remaining files in queue: 223
2025-08-13 10:17:47,232 - Knowledge - INFO - Found code_base: <app.utils.kg_build.knowledge.KnowledgeCodeBase object at 0x7fdc0fcfba90>
2025-08-13 10:17:49,177 - Knowledge - INFO - Found code_base: <app.utils.kg_build.knowledge.KnowledgeCodeBase object at 0x7fdc0fcfba90>
2025-08-13 10:17:49,196 - Knowledge - INFO - worker kw8 pull /app/data/b2c/156786/b5961k4/mern-ecommerce-156786/client/app/actions.js from ingest queue
2025-08-13 10:17:49,306 - Knowledge - INFO - done fast ingest for /app/data/b2c/156786/b5961k4/mern-ecommerce-156786/client/app/styles/core/_merchant.scss
2025-08-13 10:17:49,421 - Knowledge - INFO - process ingested knowledge for /app/data/b2c/156786/b5961k4/mern-ecommerce-156786/client/app/styles/core/_input.scss
2025-08-13 10:17:51,426 - Knowledge - INFO - Found code-base-name: https://github.com/kavia-common/mern-ecommerce-156786.git:kavia-master
2025-08-13 10:17:49,660 - Knowledge - INFO - start ingest for /app/data/b2c/156786/b5961k4/mern-ecommerce-156786/client/app/styles/core/_address.scss
2025-08-13 10:17:49,744 - Knowledge - INFO - persist ingested knowledge for /app/data/b2c/156786/b5961k4/mern-ecommerce-156786/client/app/styles/core/_users.scss
2025-08-13 10:17:49,866 - Knowledge - INFO - persist ingested knowledge for /app/data/b2c/156786/b5961k4/mern-ecommerce-156786/client/app/styles/core/utils/_reset.scss
2025-08-13 10:17:49,966 - Knowledge - INFO - done ingest for /app/data/b2c/156786/b5961k4/mern-ecommerce-156786/client/app/styles/core/_product.scss
2025-08-13 10:17:49,988 - Knowledge - INFO - start ingest for /app/data/b2c/156786/b5961k4/mern-ecommerce-156786/client/app/styles/core/_category.scss
2025-08-13 10:17:50,111 - Knowledge - INFO - persist ingested knowledge for /app/data/b2c/156786/b5961k4/mern-ecommerce-156786/client/app/styles/core/_rtl.scss
2025-08-13 10:17:50,242 - Knowledge - INFO - start ingest for /app/data/b2c/156786/b5961k4/mern-ecommerce-156786/client/app/styles/core/_switch.scss
2025-08-13 10:17:50,330 - Knowledge - INFO - start ingest for /app/data/b2c/156786/b5961k4/mern-ecommerce-156786/client/app/styles/core/_checkout.scss
2025-08-13 10:17:50,429 - Knowledge - INFO - start ingest for /app/data/b2c/156786/b5961k4/mern-ecommerce-156786/client/app/styles/core/page404.scss
2025-08-13 10:17:50,636 - Knowledge - INFO - persist ingested knowledge for /app/data/b2c/156786/b5961k4/mern-ecommerce-156786/client/app/styles/core/_table.scss
2025-08-13 10:17:50,742 - Knowledge - INFO - start ingest for /app/data/b2c/156786/b5961k4/mern-ecommerce-156786/client/app/styles/core/_cart.scss
2025-08-13 10:17:50,895 - Knowledge - INFO - start ingest for /app/data/b2c/156786/b5961k4/mern-ecommerce-156786/client/app/styles/core/_search.scss
2025-08-13 10:17:51,027 - Knowledge - INFO - persist ingested knowledge for /app/data/b2c/156786/b5961k4/mern-ecommerce-156786/client/app/styles/core/_shop.scss
2025-08-13 10:17:51,129 - Knowledge - INFO - persist ingested knowledge for /app/data/b2c/156786/b5961k4/mern-ecommerce-156786/client/app/styles/core/_dashboard.scss
2025-08-13 10:17:51,229 - Knowledge - INFO - Thread kw8 - File actions.js - Remaining files in queue: 222
2025-08-13 10:17:51,333 - Knowledge - INFO - process ingested knowledge for /app/data/b2c/156786/b5961k4/mern-ecommerce-156786/client/app/styles/core/_merchant.scss
2025-08-13 10:17:51,398 - Knowledge - INFO - done ingest for /app/data/b2c/156786/b5961k4/mern-ecommerce-156786/client/app/styles/core/_review.scss
2025-08-13 10:17:49,534 - Knowledge - INFO - start ingest for /app/data/b2c/156786/b5961k4/mern-ecommerce-156786/client/app/styles/core/_button.scss
2025-08-13 10:17:51,537 - Knowledge - INFO - done ingest for /app/data/b2c/156786/b5961k4/mern-ecommerce-156786/client/app/styles/core/_mixins.scss
2025-08-13 10:17:51,585 - Knowledge - INFO - Found code_base: <app.utils.kg_build.knowledge.KnowledgeCodeBase object at 0x7fdc0fcfba90>
2025-08-13 10:17:51,991 - Knowledge - INFO - process ingested knowledge for /app/data/b2c/156786/b5961k4/mern-ecommerce-156786/client/app/styles/core/_product.scss
2025-08-13 10:17:52,365 - Knowledge - INFO - persist search terms embedding for client/app/styles/core/utils/_reset.scss
2025-08-13 10:17:52,399 - Knowledge - INFO - Fast-track processing for simple file: /app/data/b2c/156786/b5961k4/mern-ecommerce-156786/client/app/styles/core/_checkout.scss
2025-08-13 10:17:52,526 - Knowledge - INFO - Fast-track processing for simple file: /app/data/b2c/156786/b5961k4/mern-ecommerce-156786/client/app/styles/core/page404.scss
2025-08-13 10:17:52,742 - Knowledge - INFO - done ingest for /app/data/b2c/156786/b5961k4/mern-ecommerce-156786/client/app/styles/core/_layout.scss
2025-08-13 10:17:53,197 - Knowledge - INFO - start ingest for /app/data/b2c/156786/b5961k4/mern-ecommerce-156786/client/app/actions.js
2025-08-13 10:17:53,414 - Knowledge - INFO - process ingested knowledge for /app/data/b2c/156786/b5961k4/mern-ecommerce-156786/client/app/styles/core/_review.scss
2025-08-13 10:17:53,639 - Knowledge - INFO - process ingested knowledge for /app/data/b2c/156786/b5961k4/mern-ecommerce-156786/client/app/styles/core/_mixins.scss
2025-08-13 10:17:53,757 - Knowledge - INFO - persist ingested knowledge for /app/data/b2c/156786/b5961k4/mern-ecommerce-156786/client/app/styles/core/_input.scss
2025-08-13 10:17:53,907 - Knowledge - INFO - done ingest for /app/data/b2c/156786/b5961k4/mern-ecommerce-156786/client/app/styles/core/_order.scss
2025-08-13 10:17:54,028 - Knowledge - INFO - worker kw24 pull /app/data/b2c/156786/b5961k4/mern-ecommerce-156786/client/app/app.js from ingest queue
2025-08-13 10:17:54,108 - Knowledge - INFO - done fast ingest for /app/data/b2c/156786/b5961k4/mern-ecommerce-156786/client/app/styles/core/_checkout.scss
2025-08-13 10:17:54,225 - Knowledge - INFO - done fast ingest for /app/data/b2c/156786/b5961k4/mern-ecommerce-156786/client/app/styles/core/page404.scss
2025-08-13 10:17:54,317 - Knowledge - INFO - process ingested knowledge for /app/data/b2c/156786/b5961k4/mern-ecommerce-156786/client/app/styles/core/_layout.scss
2025-08-13 10:17:54,835 - Knowledge - INFO - process ingested knowledge for /app/data/b2c/156786/b5961k4/mern-ecommerce-156786/client/app/styles/core/_order.scss
2025-08-13 10:17:54,932 - Knowledge - INFO - Thread kw24 - File app.js - Remaining files in queue: 221
2025-08-13 10:17:55,029 - Knowledge - INFO - process ingested knowledge for /app/data/b2c/156786/b5961k4/mern-ecommerce-156786/client/app/styles/core/_checkout.scss
2025-08-13 10:17:55,161 - Knowledge - INFO - process ingested knowledge for /app/data/b2c/156786/b5961k4/mern-ecommerce-156786/client/app/styles/core/page404.scss
2025-08-13 10:17:55,254 - Knowledge - INFO - done ingest for /app/data/b2c/156786/b5961k4/mern-ecommerce-156786/client/app/styles/core/_variables.scss
2025-08-13 10:17:55,349 - Knowledge - INFO - persist search terms embedding for client/app/styles/core/_dashboard.scss
2025-08-13 10:17:55,516 - Knowledge - INFO - start ingest for /app/data/b2c/156786/b5961k4/mern-ecommerce-156786/client/app/app.js
2025-08-13 10:17:55,524 - Knowledge - INFO - done ingest for /app/data/b2c/156786/b5961k4/mern-ecommerce-156786/client/app/styles/core/_components.scss
2025-08-13 10:17:55,802 - Knowledge - INFO - process ingested knowledge for /app/data/b2c/156786/b5961k4/mern-ecommerce-156786/client/app/styles/core/_variables.scss
2025-08-13 10:17:55,900 - Knowledge - INFO - Found code-base-name: https://github.com/kavia-common/mern-ecommerce-156786.git:kavia-master
2025-08-13 10:17:55,903 - Knowledge - INFO - Found code-base-name: https://github.com/kavia-common/mern-ecommerce-156786.git:kavia-master
2025-08-13 10:17:56,007 - Knowledge - INFO - worker kw14 pull /app/data/b2c/156786/b5961k4/mern-ecommerce-156786/client/app/components/Common/Input/index.js from ingest queue
2025-08-13 10:17:56,007 - Knowledge - INFO - worker kw21 pull /app/data/b2c/156786/b5961k4/mern-ecommerce-156786/client/app/components/Common/Table/index.js from ingest queue
2025-08-13 10:17:56,007 - Knowledge - INFO - Found code-base-name: https://github.com/kavia-common/mern-ecommerce-156786.git:kavia-master
2025-08-13 10:17:56,104 - Knowledge - INFO - process ingested knowledge for /app/data/b2c/156786/b5961k4/mern-ecommerce-156786/client/app/styles/core/_components.scss
2025-08-13 10:17:56,281 - Knowledge - INFO - Found code_base: <app.utils.kg_build.knowledge.KnowledgeCodeBase object at 0x7fdc0fcfba90>
2025-08-13 10:17:56,948 - Knowledge - INFO - persist ingested knowledge for /app/data/b2c/156786/b5961k4/mern-ecommerce-156786/client/app/styles/core/_merchant.scss
2025-08-13 10:17:56,417 - Knowledge - INFO - persist search terms embedding for client/app/styles/core/_input.scss
2025-08-13 10:17:56,529 - Knowledge - INFO - Thread kw14 - File index.js - Remaining files in queue: 219
2025-08-13 10:17:56,654 - Knowledge - INFO - Thread kw21 - File index.js - Remaining files in queue: 219
2025-08-13 10:17:56,751 - Knowledge - INFO - Found code_base: <app.utils.kg_build.knowledge.KnowledgeCodeBase object at 0x7fdc0fcfba90>
2025-08-13 10:17:56,403 - Knowledge - INFO - Found code_base: <app.utils.kg_build.knowledge.KnowledgeCodeBase object at 0x7fdc0fcfba90>
2025-08-13 10:17:57,140 - Knowledge - INFO - Found code-base-name: https://github.com/kavia-common/mern-ecommerce-156786.git:kavia-master
2025-08-13 10:17:57,146 - Knowledge - INFO - Found code-base-name: https://github.com/kavia-common/mern-ecommerce-156786.git:kavia-master
2025-08-13 10:17:57,147 - Knowledge - INFO - Found code-base-name: https://github.com/kavia-common/mern-ecommerce-156786.git:kavia-master
2025-08-13 10:17:57,147 - Knowledge - INFO - Found code-base-name: https://github.com/kavia-common/mern-ecommerce-156786.git:kavia-master
2025-08-13 10:17:57,148 - Knowledge - INFO - worker kw1 pull /app/data/b2c/156786/b5961k4/mern-ecommerce-156786/client/app/components/Common/Button/index.js from ingest queue
2025-08-13 10:17:57,148 - Knowledge - INFO - worker kw7 pull /app/data/b2c/156786/b5961k4/mern-ecommerce-156786/client/app/components/Common/ComingSoon/index.js from ingest queue
2025-08-13 10:17:57,148 - Knowledge - INFO - Found code-base-name: https://github.com/kavia-common/mern-ecommerce-156786.git:kavia-master
2025-08-13 10:17:57,148 - Knowledge - INFO - Found code-base-name: https://github.com/kavia-common/mern-ecommerce-156786.git:kavia-master
2025-08-13 10:17:57,247 - Knowledge - INFO - start ingest for /app/data/b2c/156786/b5961k4/mern-ecommerce-156786/client/app/components/Common/Input/index.js
2025-08-13 10:17:57,273 - Knowledge - INFO - worker kw22 pull /app/data/b2c/156786/b5961k4/mern-ecommerce-156786/client/app/components/Common/Switch/index.js from ingest queue
2025-08-13 10:17:57,273 - Knowledge - INFO - worker kw25 pull /app/data/b2c/156786/b5961k4/mern-ecommerce-156786/client/app/styles/core/_homepage.scss from ingest queue
2025-08-13 10:17:57,274 - Knowledge - INFO - Found code-base-name: https://github.com/kavia-common/mern-ecommerce-156786.git:kavia-master
2025-08-13 10:17:57,274 - Knowledge - INFO - worker kw9 pull /app/data/b2c/156786/b5961k4/mern-ecommerce-156786/client/app/styles/style.scss from ingest queue
2025-08-13 10:17:57,324 - Knowledge - INFO - start ingest for /app/data/b2c/156786/b5961k4/mern-ecommerce-156786/client/app/components/Common/Table/index.js
2025-08-13 10:17:57,450 - Knowledge - INFO - persist ingested knowledge for /app/data/b2c/156786/b5961k4/mern-ecommerce-156786/client/app/styles/core/_review.scss
2025-08-13 10:17:57,559 - Knowledge - INFO - persist ingested knowledge for /app/data/b2c/156786/b5961k4/mern-ecommerce-156786/client/app/styles/core/_product.scss
2025-08-13 10:17:57,565 - Knowledge - INFO - done ingest for /app/data/b2c/156786/b5961k4/mern-ecommerce-156786/client/app/styles/core/_address.scss
2025-08-13 10:17:57,652 - Knowledge - INFO - Found code_base: <app.utils.kg_build.knowledge.KnowledgeCodeBase object at 0x7fdc0fcfba90>
2025-08-13 10:17:57,752 - Knowledge - INFO - Found code_base: <app.utils.kg_build.knowledge.KnowledgeCodeBase object at 0x7fdc0fcfba90>
2025-08-13 10:17:57,880 - Knowledge - INFO - Found code_base: <app.utils.kg_build.knowledge.KnowledgeCodeBase object at 0x7fdc0fcfba90>
2025-08-13 10:17:57,961 - Knowledge - INFO - Found code_base: <app.utils.kg_build.knowledge.KnowledgeCodeBase object at 0x7fdc0fcfba90>
2025-08-13 10:17:58,053 - Knowledge - INFO - done ingest for /app/data/b2c/156786/b5961k4/mern-ecommerce-156786/client/app/styles/core/core.scss
2025-08-13 10:17:58,063 - Knowledge - INFO - Thread kw1 - File index.js - Remaining files in queue: 214
2025-08-13 10:17:58,148 - Knowledge - INFO - Thread kw7 - File index.js - Remaining files in queue: 214
2025-08-13 10:17:58,269 - Knowledge - INFO - Found code_base: <app.utils.kg_build.knowledge.KnowledgeCodeBase object at 0x7fdc0fcfba90>
2025-08-13 10:17:58,379 - Knowledge - INFO - Found code_base: <app.utils.kg_build.knowledge.KnowledgeCodeBase object at 0x7fdc0fcfba90>
2025-08-13 10:17:58,613 - Knowledge - INFO - Thread kw22 - File index.js - Remaining files in queue: 214
2025-08-13 10:17:58,696 - Knowledge - INFO - Thread kw25 - File _homepage.scss - Remaining files in queue: 214
2025-08-13 10:17:58,834 - Knowledge - INFO - Found code_base: <app.utils.kg_build.knowledge.KnowledgeCodeBase object at 0x7fdc0fcfba90>
2025-08-13 10:17:58,989 - Knowledge - INFO - Thread kw9 - File style.scss - Remaining files in queue: 214
2025-08-13 10:17:59,440 - Knowledge - INFO - process ingested knowledge for /app/data/b2c/156786/b5961k4/mern-ecommerce-156786/client/app/styles/core/_address.scss
2025-08-13 10:17:59,525 - Knowledge - INFO - persist ingested knowledge for /app/data/b2c/156786/b5961k4/mern-ecommerce-156786/client/app/styles/core/_layout.scss
2025-08-13 10:17:59,618 - Knowledge - INFO - persist ingested knowledge for /app/data/b2c/156786/b5961k4/mern-ecommerce-156786/client/app/styles/core/_order.scss
2025-08-13 10:17:59,729 - Knowledge - INFO - persist ingested knowledge for /app/data/b2c/156786/b5961k4/mern-ecommerce-156786/client/app/styles/core/_checkout.scss
2025-08-13 10:17:59,869 - Knowledge - INFO - persist ingested knowledge for /app/data/b2c/156786/b5961k4/mern-ecommerce-156786/client/app/styles/core/page404.scss
2025-08-13 10:17:59,890 - Knowledge - INFO - done ingest for /app/data/b2c/156786/b5961k4/mern-ecommerce-156786/client/app/styles/core/_switch.scss
2025-08-13 10:17:59,978 - Knowledge - INFO - process ingested knowledge for /app/data/b2c/156786/b5961k4/mern-ecommerce-156786/client/app/styles/core/core.scss
2025-08-13 10:18:00,018 - Knowledge - INFO - persist search terms embedding for client/app/styles/core/_review.scss
2025-08-13 10:18:00,108 - Knowledge - INFO - start ingest for /app/data/b2c/156786/b5961k4/mern-ecommerce-156786/client/app/components/Common/Button/index.js
2025-08-13 10:18:00,285 - Knowledge - INFO - start ingest for /app/data/b2c/156786/b5961k4/mern-ecommerce-156786/client/app/components/Common/ComingSoon/index.js
2025-08-13 10:18:00,397 - Knowledge - INFO - persist ingested knowledge for /app/data/b2c/156786/b5961k4/mern-ecommerce-156786/client/app/styles/core/_mixins.scss
2025-08-13 10:18:00,448 - Knowledge - INFO - done ingest for /app/data/b2c/156786/b5961k4/mern-ecommerce-156786/client/app/styles/core/_category.scss
2025-08-13 10:18:00,513 - Knowledge - INFO - persist ingested knowledge for /app/data/b2c/156786/b5961k4/mern-ecommerce-156786/client/app/styles/core/_components.scss
2025-08-13 10:18:00,532 - Knowledge - INFO - done ingest for /app/data/b2c/156786/b5961k4/mern-ecommerce-156786/client/app/styles/core/_search.scss
2025-08-13 10:18:00,629 - Knowledge - INFO - start ingest for /app/data/b2c/156786/b5961k4/mern-ecommerce-156786/client/app/components/Common/Switch/index.js
2025-08-13 10:18:00,708 - Knowledge - INFO - start ingest for /app/data/b2c/156786/b5961k4/mern-ecommerce-156786/client/app/styles/core/_homepage.scss
2025-08-13 10:18:00,797 - Knowledge - INFO - persist ingested knowledge for /app/data/b2c/156786/b5961k4/mern-ecommerce-156786/client/app/styles/core/_variables.scss
2025-08-13 10:18:00,915 - Knowledge - INFO - start ingest for /app/data/b2c/156786/b5961k4/mern-ecommerce-156786/client/app/styles/style.scss
2025-08-13 10:18:01,571 - Knowledge - INFO - process ingested knowledge for /app/data/b2c/156786/b5961k4/mern-ecommerce-156786/client/app/styles/core/_switch.scss
2025-08-13 10:18:02,022 - Knowledge - INFO - Fast-track processing for simple file: /app/data/b2c/156786/b5961k4/mern-ecommerce-156786/client/app/components/Common/ComingSoon/index.js
2025-08-13 10:18:02,203 - Knowledge - INFO - process ingested knowledge for /app/data/b2c/156786/b5961k4/mern-ecommerce-156786/client/app/styles/core/_category.scss
2025-08-13 10:18:02,388 - Knowledge - INFO - persist search terms embedding for client/app/styles/core/_product.scss
2025-08-13 10:18:02,475 - Knowledge - INFO - process ingested knowledge for /app/data/b2c/156786/b5961k4/mern-ecommerce-156786/client/app/styles/core/_search.scss
2025-08-13 10:18:02,731 - Knowledge - INFO - done ingest for /app/data/b2c/156786/b5961k4/mern-ecommerce-156786/client/app/styles/core/_button.scss
2025-08-13 10:18:02,753 - Knowledge - INFO - Fast-track processing for simple file: /app/data/b2c/156786/b5961k4/mern-ecommerce-156786/client/app/styles/core/_homepage.scss
2025-08-13 10:18:02,989 - Knowledge - INFO - Fast-track processing for simple file: /app/data/b2c/156786/b5961k4/mern-ecommerce-156786/client/app/styles/style.scss
2025-08-13 10:18:03,114 - Knowledge - INFO - done ingest for /app/data/b2c/156786/b5961k4/mern-ecommerce-156786/client/app/styles/core/_cart.scss
2025-08-13 10:18:03,234 - Knowledge - INFO - done fast ingest for /app/data/b2c/156786/b5961k4/mern-ecommerce-156786/client/app/components/Common/ComingSoon/index.js
2025-08-13 10:18:03,486 - Knowledge - INFO - Found code-base-name: https://github.com/kavia-common/mern-ecommerce-156786.git:kavia-master
2025-08-13 10:18:03,728 - Knowledge - INFO - process ingested knowledge for /app/data/b2c/156786/b5961k4/mern-ecommerce-156786/client/app/styles/core/_button.scss
2025-08-13 10:18:03,826 - Knowledge - INFO - done fast ingest for /app/data/b2c/156786/b5961k4/mern-ecommerce-156786/client/app/styles/core/_homepage.scss
2025-08-13 10:18:03,910 - Knowledge - INFO - done fast ingest for /app/data/b2c/156786/b5961k4/mern-ecommerce-156786/client/app/styles/style.scss
2025-08-13 10:18:03,910 - Knowledge - INFO - persist search terms embedding for client/app/styles/core/_layout.scss
2025-08-13 10:18:04,079 - Knowledge - INFO - process ingested knowledge for /app/data/b2c/156786/b5961k4/mern-ecommerce-156786/client/app/styles/core/_cart.scss
2025-08-13 10:18:04,241 - Knowledge - INFO - process ingested knowledge for /app/data/b2c/156786/b5961k4/mern-ecommerce-156786/client/app/components/Common/ComingSoon/index.js
2025-08-13 10:18:04,304 - Knowledge - INFO - Found code_base: <app.utils.kg_build.knowledge.KnowledgeCodeBase object at 0x7fdc0fcfba90>
2025-08-13 10:18:04,576 - Knowledge - INFO - process ingested knowledge for /app/data/b2c/156786/b5961k4/mern-ecommerce-156786/client/app/styles/core/_homepage.scss
2025-08-13 10:18:04,677 - Knowledge - INFO - process ingested knowledge for /app/data/b2c/156786/b5961k4/mern-ecommerce-156786/client/app/styles/style.scss
2025-08-13 10:18:05,203 - Knowledge - INFO - persist ingested knowledge for /app/data/b2c/156786/b5961k4/mern-ecommerce-156786/client/app/styles/core/_address.scss
2025-08-13 10:18:05,536 - Knowledge - INFO - persist search terms embedding for client/app/styles/core/_order.scss
2025-08-13 10:18:05,680 - Knowledge - INFO - done ingest for /app/data/b2c/156786/b5961k4/mern-ecommerce-156786/client/app/components/Common/Input/index.js
2025-08-13 10:18:05,925 - Knowledge - INFO - process ingested knowledge for /app/data/b2c/156786/b5961k4/mern-ecommerce-156786/client/app/components/Common/Input/index.js
2025-08-13 10:18:06,191 - Knowledge - INFO - done ingest for /app/data/b2c/156786/b5961k4/mern-ecommerce-156786/client/app/app.js
2025-08-13 10:18:06,214 - Knowledge - INFO - Found code-base-name: https://github.com/kavia-common/mern-ecommerce-156786.git:kavia-master
2025-08-13 10:18:06,218 - Knowledge - INFO - worker kw17 pull /app/data/b2c/156786/b5961k4/mern-ecommerce-156786/client/app/components/Common/Pagination/index.js from ingest queue
2025-08-13 10:18:06,364 - Knowledge - INFO - process ingested knowledge for /app/data/b2c/156786/b5961k4/mern-ecommerce-156786/client/app/app.js
2025-08-13 10:18:06,432 - Knowledge - INFO - Found code_base: <app.utils.kg_build.knowledge.KnowledgeCodeBase object at 0x7fdc0fcfba90>
2025-08-13 10:18:06,518 - Knowledge - INFO - Thread kw17 - File index.js - Remaining files in queue: 213
2025-08-13 10:18:06,577 - Knowledge - INFO - persist search terms embedding for client/app/styles/core/_mixins.scss
2025-08-13 10:18:06,686 - Knowledge - INFO - persist ingested knowledge for /app/data/b2c/156786/b5961k4/mern-ecommerce-156786/client/app/styles/core/core.scss
2025-08-13 10:18:06,782 - Knowledge - INFO - start ingest for /app/data/b2c/156786/b5961k4/mern-ecommerce-156786/client/app/components/Common/Pagination/index.js
2025-08-13 10:18:07,341 - Knowledge - INFO - persist search terms embedding for client/app/styles/core/_variables.scss
2025-08-13 10:18:07,421 - Knowledge - INFO - Found code-base-name: https://github.com/kavia-common/mern-ecommerce-156786.git:kavia-master
2025-08-13 10:18:07,421 - Knowledge - INFO - Found code-base-name: https://github.com/kavia-common/mern-ecommerce-156786.git:kavia-master
2025-08-13 10:18:07,423 - Knowledge - INFO - worker kw18 pull /app/data/b2c/156786/b5961k4/mern-ecommerce-156786/client/app/components/Common/RangeSlider/index.js from ingest queue
2025-08-13 10:18:07,427 - Knowledge - INFO - Found code-base-name: https://github.com/kavia-common/mern-ecommerce-156786.git:kavia-master
2025-08-13 10:18:07,428 - Knowledge - INFO - worker kw13 pull /app/data/b2c/156786/b5961k4/mern-ecommerce-156786/client/app/components/Common/CarouselSlider/utils.js from ingest queue
2025-08-13 10:18:07,429 - Knowledge - INFO - Found code-base-name: https://github.com/kavia-common/mern-ecommerce-156786.git:kavia-master
2025-08-13 10:18:07,430 - Knowledge - INFO - Found code-base-name: https://github.com/kavia-common/mern-ecommerce-156786.git:kavia-master
2025-08-13 10:18:07,435 - Knowledge - INFO - Found code-base-name: https://github.com/kavia-common/mern-ecommerce-156786.git:kavia-master
2025-08-13 10:18:07,522 - Knowledge - INFO - Found code_base: <app.utils.kg_build.knowledge.KnowledgeCodeBase object at 0x7fdc0fcfba90>
2025-08-13 10:18:08,520 - Knowledge - INFO - persist ingested knowledge for /app/data/b2c/156786/b5961k4/mern-ecommerce-156786/client/app/styles/core/_switch.scss
2025-08-13 10:18:07,794 - Knowledge - INFO - done ingest for /app/data/b2c/156786/b5961k4/mern-ecommerce-156786/client/app/actions.js
2025-08-13 10:18:07,830 - Knowledge - INFO - Thread kw18 - File index.js - Remaining files in queue: 211
2025-08-13 10:18:07,843 - Knowledge - INFO - done ingest for /app/data/b2c/156786/b5961k4/mern-ecommerce-156786/client/app/components/Common/Button/index.js
2025-08-13 10:18:07,933 - Knowledge - INFO - done ingest for /app/data/b2c/156786/b5961k4/mern-ecommerce-156786/client/app/components/Common/Table/index.js
2025-08-13 10:18:08,022 - Knowledge - INFO - Found code_base: <app.utils.kg_build.knowledge.KnowledgeCodeBase object at 0x7fdc0fcfba90>
2025-08-13 10:18:08,038 - Knowledge - INFO - persist search terms embedding for client/app/styles/core/_address.scss
2025-08-13 10:18:08,135 - Knowledge - INFO - Thread kw13 - File utils.js - Remaining files in queue: 211
2025-08-13 10:18:08,228 - Knowledge - INFO - Found code_base: <app.utils.kg_build.knowledge.KnowledgeCodeBase object at 0x7fdc0fcfba90>
2025-08-13 10:18:08,348 - Knowledge - INFO - Found code_base: <app.utils.kg_build.knowledge.KnowledgeCodeBase object at 0x7fdc0fcfba90>
2025-08-13 10:18:08,434 - Knowledge - INFO - Found code_base: <app.utils.kg_build.knowledge.KnowledgeCodeBase object at 0x7fdc0fcfba90>
2025-08-13 10:18:07,610 - Knowledge - INFO - Found code_base: <app.utils.kg_build.knowledge.KnowledgeCodeBase object at 0x7fdc0fcfba90>
2025-08-13 10:18:08,764 - Knowledge - INFO - process ingested knowledge for /app/data/b2c/156786/b5961k4/mern-ecommerce-156786/client/app/actions.js
2025-08-13 10:18:08,849 - Knowledge - INFO - start ingest for /app/data/b2c/156786/b5961k4/mern-ecommerce-156786/client/app/components/Common/RangeSlider/index.js
2025-08-13 10:18:08,941 - Knowledge - INFO - process ingested knowledge for /app/data/b2c/156786/b5961k4/mern-ecommerce-156786/client/app/components/Common/Button/index.js
2025-08-13 10:18:09,084 - Knowledge - INFO - process ingested knowledge for /app/data/b2c/156786/b5961k4/mern-ecommerce-156786/client/app/components/Common/Table/index.js
2025-08-13 10:18:09,148 - Knowledge - INFO - persist ingested knowledge for /app/data/b2c/156786/b5961k4/mern-ecommerce-156786/client/app/styles/core/_search.scss
2025-08-13 10:18:09,260 - Knowledge - INFO - worker kw23 pull /app/data/b2c/156786/b5961k4/mern-ecommerce-156786/client/app/components/Common/CarouselSlider/index.js from ingest queue
2025-08-13 10:18:09,261 - Knowledge - INFO - Found code-base-name: https://github.com/kavia-common/mern-ecommerce-156786.git:kavia-master
2025-08-13 10:18:09,262 - Knowledge - INFO - worker kw16 pull /app/data/b2c/156786/b5961k4/mern-ecommerce-156786/client/app/components/Common/Page404/index.js from ingest queue
2025-08-13 10:18:09,351 - Knowledge - INFO - start ingest for /app/data/b2c/156786/b5961k4/mern-ecommerce-156786/client/app/components/Common/CarouselSlider/utils.js
2025-08-13 10:18:09,452 - Knowledge - INFO - persist ingested knowledge for /app/data/b2c/156786/b5961k4/mern-ecommerce-156786/client/app/components/Common/ComingSoon/index.js
2025-08-13 10:18:09,555 - Knowledge - INFO - persist ingested knowledge for /app/data/b2c/156786/b5961k4/mern-ecommerce-156786/client/app/styles/core/_homepage.scss
2025-08-13 10:18:09,681 - Knowledge - INFO - persist search terms embedding for client/app/styles/core/_components.scss
2025-08-13 10:18:09,682 - Knowledge - INFO - persist ingested knowledge for /app/data/b2c/156786/b5961k4/mern-ecommerce-156786/client/app/styles/style.scss
2025-08-13 10:18:09,782 - Knowledge - INFO - persist ingested knowledge for /app/data/b2c/156786/b5961k4/mern-ecommerce-156786/client/app/styles/core/_category.scss
2025-08-13 10:18:10,402 - Knowledge - INFO - Thread kw23 - File index.js - Remaining files in queue: 209
2025-08-13 10:18:10,506 - Knowledge - INFO - Found code_base: <app.utils.kg_build.knowledge.KnowledgeCodeBase object at 0x7fdc0fcfba90>
2025-08-13 10:18:10,544 - Knowledge - INFO - done ingest for /app/data/b2c/156786/b5961k4/mern-ecommerce-156786/client/app/components/Common/Switch/index.js
2025-08-13 10:18:10,629 - Knowledge - INFO - Thread kw16 - File index.js - Remaining files in queue: 209
2025-08-13 10:18:10,721 - Knowledge - INFO - Fast-track processing for simple file: /app/data/b2c/156786/b5961k4/mern-ecommerce-156786/client/app/components/Common/CarouselSlider/utils.js
2025-08-13 10:18:11,070 - Knowledge - INFO - worker kw6 pull /app/data/b2c/156786/b5961k4/mern-ecommerce-156786/client/app/components/Common/NotFound/index.js from ingest queue
2025-08-13 10:18:11,356 - Knowledge - INFO - start ingest for /app/data/b2c/156786/b5961k4/mern-ecommerce-156786/client/app/components/Common/CarouselSlider/index.js
2025-08-13 10:18:11,472 - Knowledge - INFO - persist ingested knowledge for /app/data/b2c/156786/b5961k4/mern-ecommerce-156786/client/app/components/Common/Input/index.js
2025-08-13 10:18:11,746 - Knowledge - INFO - done ingest for /app/data/b2c/156786/b5961k4/mern-ecommerce-156786/client/app/components/Common/Pagination/index.js
2025-08-13 10:18:11,778 - Knowledge - INFO - process ingested knowledge for /app/data/b2c/156786/b5961k4/mern-ecommerce-156786/client/app/components/Common/Switch/index.js
2025-08-13 10:18:11,838 - Knowledge - INFO - persist search terms embedding for client/app/styles/core/core.scss
2025-08-13 10:18:11,862 - Knowledge - INFO - start ingest for /app/data/b2c/156786/b5961k4/mern-ecommerce-156786/client/app/components/Common/Page404/index.js
2025-08-13 10:18:11,962 - Knowledge - INFO - done fast ingest for /app/data/b2c/156786/b5961k4/mern-ecommerce-156786/client/app/components/Common/CarouselSlider/utils.js
2025-08-13 10:18:12,050 - Knowledge - INFO - Thread kw6 - File index.js - Remaining files in queue: 208
2025-08-13 10:18:12,378 - Knowledge - INFO - process ingested knowledge for /app/data/b2c/156786/b5961k4/mern-ecommerce-156786/client/app/components/Common/Pagination/index.js
2025-08-13 10:18:12,590 - Knowledge - INFO - Found code-base-name: https://github.com/kavia-common/mern-ecommerce-156786.git:kavia-master
2025-08-13 10:18:12,592 - Knowledge - INFO - Found code-base-name: https://github.com/kavia-common/mern-ecommerce-156786.git:kavia-master
2025-08-13 10:18:12,718 - Knowledge - INFO - Fast-track processing for simple file: /app/data/b2c/156786/b5961k4/mern-ecommerce-156786/client/app/components/Common/Page404/index.js
2025-08-13 10:18:12,816 - Knowledge - INFO - process ingested knowledge for /app/data/b2c/156786/b5961k4/mern-ecommerce-156786/client/app/components/Common/CarouselSlider/utils.js
2025-08-13 10:18:12,877 - Knowledge - INFO - start ingest for /app/data/b2c/156786/b5961k4/mern-ecommerce-156786/client/app/components/Common/NotFound/index.js
2025-08-13 10:18:12,898 - Knowledge - INFO - persist search terms embedding for client/app/styles/core/_switch.scss
2025-08-13 10:18:13,074 - Knowledge - INFO - Found code_base: <app.utils.kg_build.knowledge.KnowledgeCodeBase object at 0x7fdc0fcfba90>
2025-08-13 10:18:13,171 - Knowledge - INFO - Found code_base: <app.utils.kg_build.knowledge.KnowledgeCodeBase object at 0x7fdc0fcfba90>
2025-08-13 10:18:13,281 - Knowledge - INFO - done fast ingest for /app/data/b2c/156786/b5961k4/mern-ecommerce-156786/client/app/components/Common/Page404/index.js
2025-08-13 10:18:13,492 - Knowledge - INFO - Fast-track processing for simple file: /app/data/b2c/156786/b5961k4/mern-ecommerce-156786/client/app/components/Common/NotFound/index.js
2025-08-13 10:18:13,609 - Knowledge - INFO - worker kw12 pull /app/data/b2c/156786/b5961k4/mern-ecommerce-156786/client/app/components/Common/ResetPasswordForm/index.js from ingest queue
2025-08-13 10:18:13,609 - Knowledge - INFO - Found code-base-name: https://github.com/kavia-common/mern-ecommerce-156786.git:kavia-master
2025-08-13 10:18:13,609 - Knowledge - INFO - Found code-base-name: https://github.com/kavia-common/mern-ecommerce-156786.git:kavia-master
2025-08-13 10:18:13,610 - Knowledge - INFO - Found code-base-name: https://github.com/kavia-common/mern-ecommerce-156786.git:kavia-master
2025-08-13 10:18:13,610 - Knowledge - INFO - Found code-base-name: https://github.com/kavia-common/mern-ecommerce-156786.git:kavia-master
2025-08-13 10:18:13,703 - Knowledge - INFO - persist ingested knowledge for /app/data/b2c/156786/b5961k4/mern-ecommerce-156786/client/app/styles/core/_button.scss
2025-08-13 10:18:13,804 - Knowledge - INFO - persist ingested knowledge for /app/data/b2c/156786/b5961k4/mern-ecommerce-156786/client/app/styles/core/_cart.scss
2025-08-13 10:18:13,923 - Knowledge - INFO - process ingested knowledge for /app/data/b2c/156786/b5961k4/mern-ecommerce-156786/client/app/components/Common/Page404/index.js
2025-08-13 10:18:13,990 - Knowledge - INFO - done fast ingest for /app/data/b2c/156786/b5961k4/mern-ecommerce-156786/client/app/components/Common/NotFound/index.js
2025-08-13 10:18:14,029 - Knowledge - INFO - persist search terms embedding for client/app/styles/core/_search.scss
2025-08-13 10:18:14,082 - Knowledge - INFO - Thread kw12 - File index.js - Remaining files in queue: 207
2025-08-13 10:18:14,176 - Knowledge - INFO - Found code_base: <app.utils.kg_build.knowledge.KnowledgeCodeBase object at 0x7fdc0fcfba90>
2025-08-13 10:18:14,265 - Knowledge - INFO - Found code_base: <app.utils.kg_build.knowledge.KnowledgeCodeBase object at 0x7fdc0fcfba90>
2025-08-13 10:18:14,345 - Knowledge - INFO - Found code_base: <app.utils.kg_build.knowledge.KnowledgeCodeBase object at 0x7fdc0fcfba90>
2025-08-13 10:18:14,422 - Knowledge - INFO - Found code_base: <app.utils.kg_build.knowledge.KnowledgeCodeBase object at 0x7fdc0fcfba90>
2025-08-13 10:18:14,802 - Knowledge - INFO - process ingested knowledge for /app/data/b2c/156786/b5961k4/mern-ecommerce-156786/client/app/components/Common/NotFound/index.js
2025-08-13 10:18:15,030 - Knowledge - INFO - start ingest for /app/data/b2c/156786/b5961k4/mern-ecommerce-156786/client/app/components/Common/ResetPasswordForm/index.js
2025-08-13 10:18:15,081 - Knowledge - INFO - worker kw4 pull /app/data/b2c/156786/b5961k4/mern-ecommerce-156786/client/app/components/Common/SelectOption/index.js from ingest queue
2025-08-13 10:18:15,081 - Knowledge - INFO - worker kw20 pull /app/data/b2c/156786/b5961k4/mern-ecommerce-156786/client/app/components/Common/SignupProvider/index.js from ingest queue
2025-08-13 10:18:15,148 - Knowledge - INFO - persist ingested knowledge for /app/data/b2c/156786/b5961k4/mern-ecommerce-156786/client/app/app.js
2025-08-13 10:18:15,272 - Knowledge - INFO - persist ingested knowledge for /app/data/b2c/156786/b5961k4/mern-ecommerce-156786/client/app/actions.js
2025-08-13 10:18:15,352 - Knowledge - INFO - persist ingested knowledge for /app/data/b2c/156786/b5961k4/mern-ecommerce-156786/client/app/components/Common/Button/index.js
2025-08-13 10:18:15,410 - Knowledge - INFO - persist search terms embedding for client/app/components/Common/Input/index.js
2025-08-13 10:18:15,428 - Knowledge - INFO - persist ingested knowledge for /app/data/b2c/156786/b5961k4/mern-ecommerce-156786/client/app/components/Common/Table/index.js
2025-08-13 10:18:15,720 - Knowledge - INFO - Thread kw4 - File index.js - Remaining files in queue: 205
2025-08-13 10:18:15,846 - Knowledge - INFO - Thread kw20 - File index.js - Remaining files in queue: 205
2025-08-13 10:18:16,506 - Knowledge - INFO - start ingest for /app/data/b2c/156786/b5961k4/mern-ecommerce-156786/client/app/components/Common/SignupProvider/index.js
2025-08-13 10:18:16,220 - Knowledge - INFO - worker kw19 pull /app/data/b2c/156786/b5961k4/mern-ecommerce-156786/client/app/components/Common/SearchBar/index.js from ingest queue
2025-08-13 10:18:16,228 - Knowledge - INFO - Found code-base-name: https://github.com/kavia-common/mern-ecommerce-156786.git:kavia-master
2025-08-13 10:18:16,228 - Knowledge - INFO - worker kw2 pull /app/data/b2c/156786/b5961k4/mern-ecommerce-156786/client/app/components/Common/Badge/index.js from ingest queue
2025-08-13 10:18:16,402 - Knowledge - INFO - start ingest for /app/data/b2c/156786/b5961k4/mern-ecommerce-156786/client/app/components/Common/SelectOption/index.js
2025-08-13 10:18:16,218 - Knowledge - INFO - Found code-base-name: https://github.com/kavia-common/mern-ecommerce-156786.git:kavia-master
2025-08-13 10:18:16,604 - Knowledge - INFO - persist search terms embedding for client/app/styles/core/_cart.scss
2025-08-13 10:18:16,728 - Knowledge - INFO - Thread kw19 - File index.js - Remaining files in queue: 203
2025-08-13 10:18:16,853 - Knowledge - INFO - Found code_base: <app.utils.kg_build.knowledge.KnowledgeCodeBase object at 0x7fdc0fcfba90>
2025-08-13 10:18:16,869 - Knowledge - INFO - done ingest for /app/data/b2c/156786/b5961k4/mern-ecommerce-156786/client/app/components/Common/CarouselSlider/index.js
2025-08-13 10:18:16,959 - Knowledge - INFO - Thread kw2 - File index.js - Remaining files in queue: 203
2025-08-13 10:18:17,156 - Knowledge - INFO - Found code_base: <app.utils.kg_build.knowledge.KnowledgeCodeBase object at 0x7fdc0fcfba90>
2025-08-13 10:18:17,270 - Knowledge - INFO - Found code-base-name: https://github.com/kavia-common/mern-ecommerce-156786.git:kavia-master
2025-08-13 10:18:17,297 - Knowledge - INFO - done ingest for /app/data/b2c/156786/b5961k4/mern-ecommerce-156786/client/app/components/Common/RangeSlider/index.js
2025-08-13 10:18:17,299 - Knowledge - INFO - worker kw11 pull /app/data/b2c/156786/b5961k4/mern-ecommerce-156786/client/app/components/Common/Icon/index.js from ingest queue
2025-08-13 10:18:17,381 - Knowledge - INFO - start ingest for /app/data/b2c/156786/b5961k4/mern-ecommerce-156786/client/app/components/Common/SearchBar/index.js
2025-08-13 10:18:17,399 - Knowledge - INFO - worker kw25 pull /app/data/b2c/156786/b5961k4/mern-ecommerce-156786/client/app/components/Common/Tooltip/index.js from ingest queue
2025-08-13 10:18:17,399 - Knowledge - INFO - Found code-base-name: https://github.com/kavia-common/mern-ecommerce-156786.git:kavia-master
2025-08-13 10:18:18,447 - Knowledge - INFO - Found code_base: <app.utils.kg_build.knowledge.KnowledgeCodeBase object at 0x7fdc0fcfba90>
2025-08-13 10:18:17,609 - Knowledge - INFO - process ingested knowledge for /app/data/b2c/156786/b5961k4/mern-ecommerce-156786/client/app/components/Common/CarouselSlider/index.js
2025-08-13 10:18:17,671 - Knowledge - INFO - start ingest for /app/data/b2c/156786/b5961k4/mern-ecommerce-156786/client/app/components/Common/Badge/index.js
2025-08-13 10:18:17,757 - Knowledge - INFO - persist search terms embedding for client/app/app.js
2025-08-13 10:18:17,766 - Knowledge - INFO - persist ingested knowledge for /app/data/b2c/156786/b5961k4/mern-ecommerce-156786/client/app/components/Common/Switch/index.js
2025-08-13 10:18:17,908 - Knowledge - INFO - Found code_base: <app.utils.kg_build.knowledge.KnowledgeCodeBase object at 0x7fdc0fcfba90>
2025-08-13 10:18:18,022 - Knowledge - INFO - process ingested knowledge for /app/data/b2c/156786/b5961k4/mern-ecommerce-156786/client/app/components/Common/RangeSlider/index.js
2025-08-13 10:18:18,101 - Knowledge - INFO - Thread kw11 - File index.js - Remaining files in queue: 201
2025-08-13 10:18:18,325 - Knowledge - INFO - Thread kw25 - File index.js - Remaining files in queue: 201
2025-08-13 10:18:17,472 - Knowledge - INFO - persist ingested knowledge for /app/data/b2c/156786/b5961k4/mern-ecommerce-156786/client/app/components/Common/Pagination/index.js
2025-08-13 10:18:18,530 - Knowledge - INFO - persist ingested knowledge for /app/data/b2c/156786/b5961k4/mern-ecommerce-156786/client/app/components/Common/NotFound/index.js
2025-08-13 10:18:19,021 - Knowledge - INFO - persist ingested knowledge for /app/data/b2c/156786/b5961k4/mern-ecommerce-156786/client/app/components/Common/Page404/index.js
2025-08-13 10:18:19,258 - Knowledge - INFO - start ingest for /app/data/b2c/156786/b5961k4/mern-ecommerce-156786/client/app/components/Common/Icon/index.js
2025-08-13 10:18:19,324 - Knowledge - INFO - persist search terms embedding for client/app/actions.js
2025-08-13 10:18:19,380 - Knowledge - INFO - start ingest for /app/data/b2c/156786/b5961k4/mern-ecommerce-156786/client/app/components/Common/Tooltip/index.js
2025-08-13 10:18:20,021 - Knowledge - INFO - Fast-track processing for simple file: /app/data/b2c/156786/b5961k4/mern-ecommerce-156786/client/app/components/Common/Tooltip/index.js
2025-08-13 10:18:20,105 - Knowledge - INFO - done fast ingest for /app/data/b2c/156786/b5961k4/mern-ecommerce-156786/client/app/components/Common/Tooltip/index.js
2025-08-13 10:18:20,269 - Knowledge - INFO - process ingested knowledge for /app/data/b2c/156786/b5961k4/mern-ecommerce-156786/client/app/components/Common/Tooltip/index.js
2025-08-13 10:18:20,329 - Knowledge - INFO - persist search terms embedding for client/app/components/Common/Button/index.js
2025-08-13 10:18:20,480 - Knowledge - INFO - Found code-base-name: https://github.com/kavia-common/mern-ecommerce-156786.git:kavia-master
2025-08-13 10:18:20,481 - Knowledge - INFO - worker kw14 pull /app/data/b2c/156786/b5961k4/mern-ecommerce-156786/client/app/components/Common/Footer/index.js from ingest queue
2025-08-13 10:18:20,607 - Knowledge - INFO - Found code_base: <app.utils.kg_build.knowledge.KnowledgeCodeBase object at 0x7fdc0fcfba90>
2025-08-13 10:18:20,646 - Knowledge - INFO - done ingest for /app/data/b2c/156786/b5961k4/mern-ecommerce-156786/client/app/components/Common/ResetPasswordForm/index.js
2025-08-13 10:18:20,717 - Knowledge - INFO - Thread kw14 - File index.js - Remaining files in queue: 200
2025-08-13 10:18:20,813 - Knowledge - INFO - persist ingested knowledge for /app/data/b2c/156786/b5961k4/mern-ecommerce-156786/client/app/components/Common/CarouselSlider/utils.js
2025-08-13 10:18:20,955 - Knowledge - INFO - process ingested knowledge for /app/data/b2c/156786/b5961k4/mern-ecommerce-156786/client/app/components/Common/ResetPasswordForm/index.js
2025-08-13 10:18:21,041 - Knowledge - INFO - start ingest for /app/data/b2c/156786/b5961k4/mern-ecommerce-156786/client/app/components/Common/Footer/index.js
2025-08-13 10:18:21,106 - Knowledge - INFO - persist search terms embedding for client/app/styles/core/_button.scss
2025-08-13 10:18:21,446 - Knowledge - INFO - done ingest for /app/data/b2c/156786/b5961k4/mern-ecommerce-156786/client/app/components/Common/SignupProvider/index.js
2025-08-13 10:18:21,542 - Knowledge - INFO - process ingested knowledge for /app/data/b2c/156786/b5961k4/mern-ecommerce-156786/client/app/components/Common/SignupProvider/index.js
2025-08-13 10:18:21,857 - Knowledge - INFO - persist search terms embedding for client/app/components/Common/Table/index.js
2025-08-13 10:18:21,958 - Knowledge - INFO - worker kw15 pull /app/data/b2c/156786/b5961k4/mern-ecommerce-156786/client/app/components/Common/LoadingIndicator/index.js from ingest queue
2025-08-13 10:18:21,959 - Knowledge - INFO - worker kw7 pull /app/data/b2c/156786/b5961k4/mern-ecommerce-156786/client/app/components/Common/Checkbox/index.js from ingest queue
2025-08-13 10:18:21,968 - Knowledge - INFO - Found code-base-name: https://github.com/kavia-common/mern-ecommerce-156786.git:kavia-master
2025-08-13 10:18:21,970 - Knowledge - INFO - worker kw24 pull /app/data/b2c/156786/b5961k4/mern-ecommerce-156786/client/app/components/Store/CartSummary/index.js from ingest queue
2025-08-13 10:18:21,971 - Knowledge - INFO - Found code-base-name: https://github.com/kavia-common/mern-ecommerce-156786.git:kavia-master
2025-08-13 10:18:22,458 - Knowledge - INFO - Found code_base: <app.utils.kg_build.knowledge.KnowledgeCodeBase object at 0x7fdc0fcfba90>
2025-08-13 10:18:22,122 - Knowledge - INFO - Thread kw7 - File index.js - Remaining files in queue: 197
2025-08-13 10:18:22,133 - Knowledge - INFO - done ingest for /app/data/b2c/156786/b5961k4/mern-ecommerce-156786/client/app/components/Common/SelectOption/index.js
2025-08-13 10:18:22,263 - Knowledge - INFO - Found code_base: <app.utils.kg_build.knowledge.KnowledgeCodeBase object at 0x7fdc0fcfba90>
2025-08-13 10:18:22,910 - Knowledge - INFO - persist ingested knowledge for /app/data/b2c/156786/b5961k4/mern-ecommerce-156786/client/app/components/Common/CarouselSlider/index.js
2025-08-13 10:18:22,423 - Knowledge - INFO - persist search terms embedding for client/app/components/Common/Pagination/index.js
2025-08-13 10:18:22,037 - Knowledge - INFO - Thread kw15 - File index.js - Remaining files in queue: 197
2025-08-13 10:18:22,557 - Knowledge - INFO - persist ingested knowledge for /app/data/b2c/156786/b5961k4/mern-ecommerce-156786/client/app/components/Common/RangeSlider/index.js
2025-08-13 10:18:22,693 - Knowledge - INFO - start ingest for /app/data/b2c/156786/b5961k4/mern-ecommerce-156786/client/app/components/Common/Checkbox/index.js
2025-08-13 10:18:22,824 - Knowledge - INFO - process ingested knowledge for /app/data/b2c/156786/b5961k4/mern-ecommerce-156786/client/app/components/Common/SelectOption/index.js
2025-08-13 10:18:22,334 - Knowledge - INFO - Thread kw24 - File index.js - Remaining files in queue: 197
2025-08-13 10:18:23,259 - Knowledge - INFO - start ingest for /app/data/b2c/156786/b5961k4/mern-ecommerce-156786/client/app/components/Common/LoadingIndicator/index.js
2025-08-13 10:18:23,441 - Knowledge - INFO - worker kw8 pull /app/data/b2c/156786/b5961k4/mern-ecommerce-156786/client/app/components/Store/MiniBrand/index.js from ingest queue
2025-08-13 10:18:23,934 - Knowledge - INFO - Thread kw8 - File index.js - Remaining files in queue: 192
2025-08-13 10:18:23,442 - Knowledge - INFO - worker kw10 pull /app/data/b2c/156786/b5961k4/mern-ecommerce-156786/client/app/components/Common/CartIcon/index.js from ingest queue
2025-08-13 10:18:23,584 - Knowledge - INFO - Found code-base-name: https://github.com/kavia-common/mern-ecommerce-156786.git:kavia-master
2025-08-13 10:18:23,585 - Knowledge - INFO - worker kw3 pull /app/data/b2c/156786/b5961k4/mern-ecommerce-156786/client/app/components/Store/CartList/index.js from ingest queue
2025-08-13 10:18:23,585 - Knowledge - INFO - worker kw21 pull /app/data/b2c/156786/b5961k4/mern-ecommerce-156786/client/app/components/Common/DropdownConfirm/index.js from ingest queue
2025-08-13 10:18:23,591 - Knowledge - INFO - worker kw9 pull /app/data/b2c/156786/b5961k4/mern-ecommerce-156786/client/app/components/Common/Popover/index.js from ingest queue
2025-08-13 10:18:23,701 - Knowledge - INFO - start ingest for /app/data/b2c/156786/b5961k4/mern-ecommerce-156786/client/app/components/Store/CartSummary/index.js
2025-08-13 10:18:23,442 - Knowledge - INFO - Found code-base-name: https://github.com/kavia-common/mern-ecommerce-156786.git:kavia-master
2025-08-13 10:18:24,014 - Knowledge - INFO - start ingest for /app/data/b2c/156786/b5961k4/mern-ecommerce-156786/client/app/components/Store/MiniBrand/index.js
2025-08-13 10:18:24,093 - Knowledge - INFO - Thread kw10 - File index.js - Remaining files in queue: 192
2025-08-13 10:18:24,949 - Knowledge - INFO - start ingest for /app/data/b2c/156786/b5961k4/mern-ecommerce-156786/client/app/components/Common/CartIcon/index.js
2025-08-13 10:18:24,193 - Knowledge - INFO - Found code_base: <app.utils.kg_build.knowledge.KnowledgeCodeBase object at 0x7fdc0fcfba90>
2025-08-13 10:18:24,316 - Knowledge - INFO - Thread kw3 - File index.js - Remaining files in queue: 192
2025-08-13 10:18:24,407 - Knowledge - INFO - Thread kw21 - File index.js - Remaining files in queue: 192
2025-08-13 10:18:24,473 - Knowledge - INFO - done ingest for /app/data/b2c/156786/b5961k4/mern-ecommerce-156786/client/app/components/Common/Badge/index.js
2025-08-13 10:18:24,507 - Knowledge - INFO - Thread kw9 - File index.js - Remaining files in queue: 192
2025-08-13 10:18:24,716 - Knowledge - INFO - Found code_base: <app.utils.kg_build.knowledge.KnowledgeCodeBase object at 0x7fdc0fcfba90>
2025-08-13 10:18:24,154 - Knowledge - INFO - persist search terms embedding for client/app/components/Common/Switch/index.js
2025-08-13 10:18:25,178 - Knowledge - INFO - done ingest for /app/data/b2c/156786/b5961k4/mern-ecommerce-156786/client/app/components/Common/SearchBar/index.js
2025-08-13 10:18:25,178 - Knowledge - INFO - persist ingested knowledge for /app/data/b2c/156786/b5961k4/mern-ecommerce-156786/client/app/components/Common/ResetPasswordForm/index.js
2025-08-13 10:18:25,301 - Knowledge - INFO - start ingest for /app/data/b2c/156786/b5961k4/mern-ecommerce-156786/client/app/components/Store/CartList/index.js
2025-08-13 10:18:25,423 - Knowledge - INFO - start ingest for /app/data/b2c/156786/b5961k4/mern-ecommerce-156786/client/app/components/Common/DropdownConfirm/index.js
2025-08-13 10:18:25,563 - Knowledge - INFO - process ingested knowledge for /app/data/b2c/156786/b5961k4/mern-ecommerce-156786/client/app/components/Common/Badge/index.js
2025-08-13 10:18:25,633 - Knowledge - INFO - start ingest for /app/data/b2c/156786/b5961k4/mern-ecommerce-156786/client/app/components/Common/Popover/index.js
2025-08-13 10:18:25,733 - Knowledge - INFO - persist ingested knowledge for /app/data/b2c/156786/b5961k4/mern-ecommerce-156786/client/app/components/Common/Tooltip/index.js
2025-08-13 10:18:25,856 - Knowledge - INFO - worker kw17 pull /app/data/b2c/156786/b5961k4/mern-ecommerce-156786/client/app/components/Store/ProductReviews/index.js from ingest queue
2025-08-13 10:18:25,980 - Knowledge - INFO - process ingested knowledge for /app/data/b2c/156786/b5961k4/mern-ecommerce-156786/client/app/components/Common/SearchBar/index.js
2025-08-13 10:18:26,227 - Knowledge - INFO - done ingest for /app/data/b2c/156786/b5961k4/mern-ecommerce-156786/client/app/components/Common/Footer/index.js
2025-08-13 10:18:26,532 - Knowledge - INFO - persist search terms embedding for client/app/components/Common/RangeSlider/index.js
2025-08-13 10:18:26,640 - Knowledge - INFO - Thread kw17 - File index.js - Remaining files in queue: 191
2025-08-13 10:18:26,825 - Knowledge - INFO - process ingested knowledge for /app/data/b2c/156786/b5961k4/mern-ecommerce-156786/client/app/components/Common/Footer/index.js
2025-08-13 10:18:26,904 - Knowledge - INFO - worker kw1 pull /app/data/b2c/156786/b5961k4/mern-ecommerce-156786/client/app/components/Store/ProductReviews/List.js from ingest queue
2025-08-13 10:18:27,248 - Knowledge - INFO - Thread kw1 - File List.js - Remaining files in queue: 188
2025-08-13 10:18:26,907 - Knowledge - INFO - worker kw13 pull /app/data/b2c/156786/b5961k4/mern-ecommerce-156786/client/app/components/Store/Checkout/index.js from ingest queue
2025-08-13 10:18:27,020 - Knowledge - INFO - start ingest for /app/data/b2c/156786/b5961k4/mern-ecommerce-156786/client/app/components/Store/ProductReviews/index.js
2025-08-13 10:18:26,906 - Knowledge - INFO - worker kw16 pull /app/data/b2c/156786/b5961k4/mern-ecommerce-156786/client/app/components/Store/ProductReviews/Add.js from ingest queue
2025-08-13 10:18:27,351 - Knowledge - INFO - start ingest for /app/data/b2c/156786/b5961k4/mern-ecommerce-156786/client/app/components/Store/ProductReviews/List.js
2025-08-13 10:18:27,436 - Knowledge - INFO - Thread kw13 - File index.js - Remaining files in queue: 188
2025-08-13 10:18:27,865 - Knowledge - INFO - persist search terms embedding for client/app/styles/core/_category.scss
2025-08-13 10:18:27,996 - Knowledge - INFO - Thread kw16 - File Add.js - Remaining files in queue: 188
2025-08-13 10:18:28,060 - Knowledge - INFO - done ingest for /app/data/b2c/156786/b5961k4/mern-ecommerce-156786/client/app/components/Common/Checkbox/index.js
2025-08-13 10:18:28,180 - Knowledge - INFO - start ingest for /app/data/b2c/156786/b5961k4/mern-ecommerce-156786/client/app/components/Store/Checkout/index.js
2025-08-13 10:18:28,302 - Knowledge - INFO - worker kw6 pull /app/data/b2c/156786/b5961k4/mern-ecommerce-156786/client/app/components/Store/ProductList/index.js from ingest queue
2025-08-13 10:18:28,303 - Knowledge - INFO - worker kw22 pull /app/data/b2c/156786/b5961k4/mern-ecommerce-156786/client/app/components/Store/BrandList/index.js from ingest queue
2025-08-13 10:18:28,387 - Knowledge - INFO - start ingest for /app/data/b2c/156786/b5961k4/mern-ecommerce-156786/client/app/components/Store/ProductReviews/Add.js
2025-08-13 10:18:28,409 - Knowledge - INFO - Found code-base-name: https://github.com/kavia-common/mern-ecommerce-156786.git:kavia-master
2025-08-13 10:18:28,410 - Knowledge - INFO - Found code-base-name: https://github.com/kavia-common/mern-ecommerce-156786.git:kavia-master
2025-08-13 10:18:28,410 - Knowledge - INFO - worker kw18 pull /app/data/b2c/156786/b5961k4/mern-ecommerce-156786/client/app/components/Store/ProductReviews/Summary.js from ingest queue
2025-08-13 10:18:28,410 - Knowledge - INFO - Found code-base-name: https://github.com/kavia-common/mern-ecommerce-156786.git:kavia-master
2025-08-13 10:18:28,410 - Knowledge - INFO - Found code-base-name: https://github.com/kavia-common/mern-ecommerce-156786.git:kavia-master
2025-08-13 10:18:28,499 - Knowledge - INFO - process ingested knowledge for /app/data/b2c/156786/b5961k4/mern-ecommerce-156786/client/app/components/Common/Checkbox/index.js
2025-08-13 10:18:28,703 - Knowledge - INFO - Thread kw6 - File index.js - Remaining files in queue: 185
2025-08-13 10:18:28,804 - Knowledge - INFO - persist search terms embedding for client/app/components/Common/ResetPasswordForm/index.js
2025-08-13 10:18:29,776 - Knowledge - INFO - worker kw5 pull /app/data/b2c/156786/b5961k4/mern-ecommerce-156786/client/app/components/Store/AddToWishList/index.js from ingest queue
2025-08-13 10:18:29,014 - Knowledge - INFO - Found code_base: <app.utils.kg_build.knowledge.KnowledgeCodeBase object at 0x7fdc0fcfba90>
2025-08-13 10:18:29,129 - Knowledge - INFO - Found code_base: <app.utils.kg_build.knowledge.KnowledgeCodeBase object at 0x7fdc0fcfba90>
2025-08-13 10:18:29,259 - Knowledge - INFO - Thread kw18 - File Summary.js - Remaining files in queue: 185
2025-08-13 10:18:29,352 - Knowledge - INFO - Found code_base: <app.utils.kg_build.knowledge.KnowledgeCodeBase object at 0x7fdc0fcfba90>
2025-08-13 10:18:29,478 - Knowledge - INFO - Found code_base: <app.utils.kg_build.knowledge.KnowledgeCodeBase object at 0x7fdc0fcfba90>
2025-08-13 10:18:29,668 - Knowledge - INFO - start ingest for /app/data/b2c/156786/b5961k4/mern-ecommerce-156786/client/app/components/Store/ProductList/index.js
2025-08-13 10:18:28,848 - Knowledge - INFO - Thread kw22 - File index.js - Remaining files in queue: 185
2025-08-13 10:18:29,777 - Knowledge - INFO - worker kw25 pull /app/data/b2c/156786/b5961k4/mern-ecommerce-156786/client/app/components/Manager/MerchantSearch/index.js from ingest queue
2025-08-13 10:18:29,819 - Knowledge - INFO - done ingest for /app/data/b2c/156786/b5961k4/mern-ecommerce-156786/client/app/components/Common/LoadingIndicator/index.js
2025-08-13 10:18:29,869 - Knowledge - INFO - Thread kw5 - File index.js - Remaining files in queue: 183
2025-08-13 10:18:29,997 - Knowledge - INFO - persist ingested knowledge for /app/data/b2c/156786/b5961k4/mern-ecommerce-156786/client/app/components/Common/SearchBar/index.js
2025-08-13 10:18:30,102 - Knowledge - INFO - persist ingested knowledge for /app/data/b2c/156786/b5961k4/mern-ecommerce-156786/client/app/components/Common/SelectOption/index.js
2025-08-13 10:18:30,237 - Knowledge - INFO - start ingest for /app/data/b2c/156786/b5961k4/mern-ecommerce-156786/client/app/components/Store/ProductReviews/Summary.js
2025-08-13 10:18:30,276 - Knowledge - INFO - persist search terms embedding for client/app/components/Common/CarouselSlider/index.js
2025-08-13 10:18:30,332 - Knowledge - INFO - persist ingested knowledge for /app/data/b2c/156786/b5961k4/mern-ecommerce-156786/client/app/components/Common/SignupProvider/index.js
2025-08-13 10:18:30,434 - Knowledge - INFO - persist ingested knowledge for /app/data/b2c/156786/b5961k4/mern-ecommerce-156786/client/app/components/Common/Footer/index.js
2025-08-13 10:18:30,691 - Knowledge - INFO - start ingest for /app/data/b2c/156786/b5961k4/mern-ecommerce-156786/client/app/components/Store/BrandList/index.js
2025-08-13 10:18:30,812 - Knowledge - INFO - Thread kw25 - File index.js - Remaining files in queue: 183
2025-08-13 10:18:30,948 - Knowledge - INFO - process ingested knowledge for /app/data/b2c/156786/b5961k4/mern-ecommerce-156786/client/app/components/Common/LoadingIndicator/index.js
2025-08-13 10:18:31,004 - Knowledge - INFO - start ingest for /app/data/b2c/156786/b5961k4/mern-ecommerce-156786/client/app/components/Store/AddToWishList/index.js
2025-08-13 10:18:31,403 - Knowledge - INFO - Found code-base-name: https://github.com/kavia-common/mern-ecommerce-156786.git:kavia-master
2025-08-13 10:18:31,405 - Knowledge - INFO - Found code-base-name: https://github.com/kavia-common/mern-ecommerce-156786.git:kavia-master
2025-08-13 10:18:31,408 - Knowledge - INFO - worker kw12 pull /app/data/b2c/156786/b5961k4/mern-ecommerce-156786/client/app/components/Store/SocialShare/index.js from ingest queue
2025-08-13 10:18:31,612 - Knowledge - INFO - done ingest for /app/data/b2c/156786/b5961k4/mern-ecommerce-156786/client/app/components/Common/Icon/index.js
2025-08-13 10:18:31,879 - Knowledge - INFO - start ingest for /app/data/b2c/156786/b5961k4/mern-ecommerce-156786/client/app/components/Manager/MerchantSearch/index.js
2025-08-13 10:18:31,913 - Knowledge - INFO - persist search terms embedding for client/app/components/Common/SearchBar/index.js
2025-08-13 10:18:32,647 - Knowledge - INFO - worker kw23 pull /app/data/b2c/156786/b5961k4/mern-ecommerce-156786/client/app/components/Common/Radio/index.js from ingest queue
2025-08-13 10:18:32,200 - Knowledge - INFO - Found code_base: <app.utils.kg_build.knowledge.KnowledgeCodeBase object at 0x7fdc0fcfba90>
2025-08-13 10:18:32,298 - Knowledge - INFO - Thread kw12 - File index.js - Remaining files in queue: 182
2025-08-13 10:18:32,442 - Knowledge - INFO - done ingest for /app/data/b2c/156786/b5961k4/mern-ecommerce-156786/client/app/components/Store/CartSummary/index.js
2025-08-13 10:18:32,465 - Knowledge - INFO - process ingested knowledge for /app/data/b2c/156786/b5961k4/mern-ecommerce-156786/client/app/components/Common/Icon/index.js
2025-08-13 10:18:32,535 - Knowledge - INFO - Fast-track processing for simple file: /app/data/b2c/156786/b5961k4/mern-ecommerce-156786/client/app/components/Manager/MerchantSearch/index.js
2025-08-13 10:18:32,120 - Knowledge - INFO - Found code_base: <app.utils.kg_build.knowledge.KnowledgeCodeBase object at 0x7fdc0fcfba90>
2025-08-13 10:18:32,777 - Knowledge - INFO - Thread kw23 - File index.js - Remaining files in queue: 181
2025-08-13 10:18:32,899 - Knowledge - INFO - persist ingested knowledge for /app/data/b2c/156786/b5961k4/mern-ecommerce-156786/client/app/components/Common/Checkbox/index.js
2025-08-13 10:18:32,985 - Knowledge - INFO - start ingest for /app/data/b2c/156786/b5961k4/mern-ecommerce-156786/client/app/components/Store/SocialShare/index.js
2025-08-13 10:18:33,034 - Knowledge - INFO - persist search terms embedding for client/app/components/Common/SelectOption/index.js
2025-08-13 10:18:33,117 - Knowledge - INFO - process ingested knowledge for /app/data/b2c/156786/b5961k4/mern-ecommerce-156786/client/app/components/Store/CartSummary/index.js
2025-08-13 10:18:33,282 - Knowledge - INFO - done fast ingest for /app/data/b2c/156786/b5961k4/mern-ecommerce-156786/client/app/components/Manager/MerchantSearch/index.js
2025-08-13 10:18:33,362 - Knowledge - INFO - persist ingested knowledge for /app/data/b2c/156786/b5961k4/mern-ecommerce-156786/client/app/components/Common/Badge/index.js
2025-08-13 10:18:33,477 - Knowledge - INFO - start ingest for /app/data/b2c/156786/b5961k4/mern-ecommerce-156786/client/app/components/Common/Radio/index.js
2025-08-13 10:18:34,090 - Knowledge - INFO - process ingested knowledge for /app/data/b2c/156786/b5961k4/mern-ecommerce-156786/client/app/components/Manager/MerchantSearch/index.js
2025-08-13 10:18:34,187 - Knowledge - INFO - persist search terms embedding for client/app/components/Common/Footer/index.js
2025-08-13 10:18:34,460 - Knowledge - INFO - Found code-base-name: https://github.com/kavia-common/mern-ecommerce-156786.git:kavia-master
2025-08-13 10:18:34,545 - Knowledge - INFO - Found code_base: <app.utils.kg_build.knowledge.KnowledgeCodeBase object at 0x7fdc0fcfba90>
2025-08-13 10:18:34,669 - Knowledge - INFO - persist ingested knowledge for /app/data/b2c/156786/b5961k4/mern-ecommerce-156786/client/app/components/Common/LoadingIndicator/index.js
2025-08-13 10:18:35,118 - Knowledge - INFO - done ingest for /app/data/b2c/156786/b5961k4/mern-ecommerce-156786/client/app/components/Common/CartIcon/index.js
2025-08-13 10:18:35,236 - Knowledge - INFO - process ingested knowledge for /app/data/b2c/156786/b5961k4/mern-ecommerce-156786/client/app/components/Common/CartIcon/index.js
2025-08-13 10:18:35,671 - Knowledge - INFO - persist search terms embedding for client/app/components/Common/SignupProvider/index.js
2025-08-13 10:18:35,753 - Knowledge - INFO - worker kw19 pull /app/data/b2c/156786/b5961k4/mern-ecommerce-156786/client/app/components/Manager/Dashboard/Admin.js from ingest queue
2025-08-13 10:18:35,755 - Knowledge - INFO - Found code-base-name: https://github.com/kavia-common/mern-ecommerce-156786.git:kavia-master
2025-08-13 10:18:35,755 - Knowledge - INFO - worker kw4 pull /app/data/b2c/156786/b5961k4/mern-ecommerce-156786/client/app/components/Manager/AddBrand/index.js from ingest queue
2025-08-13 10:18:35,756 - Knowledge - INFO - Found code-base-name: https://github.com/kavia-common/mern-ecommerce-156786.git:kavia-master
2025-08-13 10:18:35,756 - Knowledge - INFO - Found code-base-name: https://github.com/kavia-common/mern-ecommerce-156786.git:kavia-master
2025-08-13 10:18:35,756 - Knowledge - INFO - worker kw14 pull /app/data/b2c/156786/b5961k4/mern-ecommerce-156786/client/app/components/Manager/Dashboard/Customer.js from ingest queue
2025-08-13 10:18:35,757 - Knowledge - INFO - Found code-base-name: https://github.com/kavia-common/mern-ecommerce-156786.git:kavia-master
2025-08-13 10:18:35,816 - Knowledge - INFO - done ingest for /app/data/b2c/156786/b5961k4/mern-ecommerce-156786/client/app/components/Store/MiniBrand/index.js
2025-08-13 10:18:35,857 - Knowledge - INFO - Thread kw19 - File Admin.js - Remaining files in queue: 178
2025-08-13 10:18:35,930 - Knowledge - INFO - Found code_base: <app.utils.kg_build.knowledge.KnowledgeCodeBase object at 0x7fdc0fcfba90>
2025-08-13 10:18:35,998 - Knowledge - INFO - Thread kw4 - File index.js - Remaining files in queue: 178
2025-08-13 10:18:36,104 - Knowledge - INFO - Found code_base: <app.utils.kg_build.knowledge.KnowledgeCodeBase object at 0x7fdc0fcfba90>
2025-08-13 10:18:36,160 - Knowledge - INFO - persist search terms embedding for client/app/components/Common/Checkbox/index.js
2025-08-13 10:18:36,189 - Knowledge - INFO - Found code_base: <app.utils.kg_build.knowledge.KnowledgeCodeBase object at 0x7fdc0fcfba90>
2025-08-13 10:18:36,277 - Knowledge - INFO - Thread kw14 - File Customer.js - Remaining files in queue: 178
2025-08-13 10:18:36,406 - Knowledge - INFO - Found code_base: <app.utils.kg_build.knowledge.KnowledgeCodeBase object at 0x7fdc0fcfba90>
2025-08-13 10:18:36,523 - Knowledge - INFO - process ingested knowledge for /app/data/b2c/156786/b5961k4/mern-ecommerce-156786/client/app/components/Store/MiniBrand/index.js
2025-08-13 10:18:36,621 - Knowledge - INFO - start ingest for /app/data/b2c/156786/b5961k4/mern-ecommerce-156786/client/app/components/Manager/Dashboard/Admin.js
2025-08-13 10:18:36,807 - Knowledge - INFO - persist ingested knowledge for /app/data/b2c/156786/b5961k4/mern-ecommerce-156786/client/app/components/Common/Icon/index.js
2025-08-13 10:18:36,935 - Knowledge - INFO - start ingest for /app/data/b2c/156786/b5961k4/mern-ecommerce-156786/client/app/components/Manager/AddBrand/index.js
2025-08-13 10:18:37,069 - Knowledge - INFO - persist ingested knowledge for /app/data/b2c/156786/b5961k4/mern-ecommerce-156786/client/app/components/Store/CartSummary/index.js
2025-08-13 10:18:37,193 - Knowledge - INFO - worker kw20 pull /app/data/b2c/156786/b5961k4/mern-ecommerce-156786/client/app/components/Manager/EditCategory/index.js from ingest queue
2025-08-13 10:18:38,304 - Knowledge - INFO - Thread kw20 - File index.js - Remaining files in queue: 177
2025-08-13 10:18:37,478 - Knowledge - INFO - start ingest for /app/data/b2c/156786/b5961k4/mern-ecommerce-156786/client/app/components/Manager/Dashboard/Customer.js
2025-08-13 10:18:37,610 - Knowledge - INFO - persist ingested knowledge for /app/data/b2c/156786/b5961k4/mern-ecommerce-156786/client/app/components/Common/CartIcon/index.js
2025-08-13 10:18:37,890 - Knowledge - INFO - persist search terms embedding for client/app/components/Common/LoadingIndicator/index.js
2025-08-13 10:18:38,213 - Knowledge - INFO - done ingest for /app/data/b2c/156786/b5961k4/mern-ecommerce-156786/client/app/components/Common/DropdownConfirm/index.js
2025-08-13 10:18:37,324 - Knowledge - INFO - persist ingested knowledge for /app/data/b2c/156786/b5961k4/mern-ecommerce-156786/client/app/components/Manager/MerchantSearch/index.js
2025-08-13 10:18:38,424 - Knowledge - INFO - start ingest for /app/data/b2c/156786/b5961k4/mern-ecommerce-156786/client/app/components/Manager/EditCategory/index.js
2025-08-13 10:18:38,690 - Knowledge - INFO - worker kw15 pull /app/data/b2c/156786/b5961k4/mern-ecommerce-156786/client/app/components/Manager/OrderDetails/index.js from ingest queue
2025-08-13 10:18:38,802 - Knowledge - INFO - process ingested knowledge for /app/data/b2c/156786/b5961k4/mern-ecommerce-156786/client/app/components/Common/DropdownConfirm/index.js
2025-08-13 10:18:39,022 - Knowledge - INFO - done ingest for /app/data/b2c/156786/b5961k4/mern-ecommerce-156786/client/app/components/Common/Popover/index.js
2025-08-13 10:18:39,097 - Knowledge - INFO - Thread kw15 - File index.js - Remaining files in queue: 176
2025-08-13 10:18:39,304 - Knowledge - INFO - process ingested knowledge for /app/data/b2c/156786/b5961k4/mern-ecommerce-156786/client/app/components/Common/Popover/index.js
2025-08-13 10:18:39,384 - Knowledge - INFO - start ingest for /app/data/b2c/156786/b5961k4/mern-ecommerce-156786/client/app/components/Manager/OrderDetails/index.js
2025-08-13 10:18:39,623 - Knowledge - INFO - done ingest for /app/data/b2c/156786/b5961k4/mern-ecommerce-156786/client/app/components/Store/CartList/index.js
2025-08-13 10:18:39,754 - Knowledge - INFO - process ingested knowledge for /app/data/b2c/156786/b5961k4/mern-ecommerce-156786/client/app/components/Store/CartList/index.js
2025-08-13 10:18:40,084 - Knowledge - INFO - persist search terms embedding for client/app/components/Common/Badge/index.js
2025-08-13 10:18:40,595 - Knowledge - INFO - persist search terms embedding for client/app/components/Common/Icon/index.js
2025-08-13 10:18:40,707 - Knowledge - INFO - worker kw11 pull /app/data/b2c/156786/b5961k4/mern-ecommerce-156786/client/app/components/Manager/AddressList/index.js from ingest queue
2025-08-13 10:18:40,791 - Knowledge - INFO - Thread kw11 - File index.js - Remaining files in queue: 175
2025-08-13 10:18:40,848 - Knowledge - INFO - done ingest for /app/data/b2c/156786/b5961k4/mern-ecommerce-156786/client/app/components/Store/Checkout/index.js
2025-08-13 10:18:40,900 - Knowledge - INFO - start ingest for /app/data/b2c/156786/b5961k4/mern-ecommerce-156786/client/app/components/Manager/AddressList/index.js
2025-08-13 10:18:41,016 - Knowledge - INFO - process ingested knowledge for /app/data/b2c/156786/b5961k4/mern-ecommerce-156786/client/app/components/Store/Checkout/index.js
2025-08-13 10:18:41,113 - Knowledge - INFO - persist search terms embedding for client/app/components/Common/CartIcon/index.js
2025-08-13 10:18:41,262 - Knowledge - INFO - worker kw7 pull /app/data/b2c/156786/b5961k4/mern-ecommerce-156786/client/app/components/Store/ProductFilter/index.js from ingest queue
2025-08-13 10:18:41,263 - Knowledge - INFO - Found code-base-name: https://github.com/kavia-common/mern-ecommerce-156786.git:kavia-master
2025-08-13 10:18:41,487 - Knowledge - INFO - Found code_base: <app.utils.kg_build.knowledge.KnowledgeCodeBase object at 0x7fdc0fcfba90>
2025-08-13 10:18:41,286 - Knowledge - INFO - Found code-base-name: https://github.com/kavia-common/mern-ecommerce-156786.git:kavia-master
2025-08-13 10:18:41,293 - Knowledge - INFO - worker kw2 pull /app/data/b2c/156786/b5961k4/mern-ecommerce-156786/client/app/components/Manager/Dashboard/Merchant.js from ingest queue
2025-08-13 10:18:41,294 - Knowledge - INFO - Found code-base-name: https://github.com/kavia-common/mern-ecommerce-156786.git:kavia-master
2025-08-13 10:18:41,298 - Knowledge - INFO - Found code-base-name: https://github.com/kavia-common/mern-ecommerce-156786.git:kavia-master
2025-08-13 10:18:41,299 - Knowledge - INFO - worker kw10 pull /app/data/b2c/156786/b5961k4/mern-ecommerce-156786/client/app/components/Manager/OrderList/index.js from ingest queue
2025-08-13 10:18:41,377 - Knowledge - INFO - Thread kw7 - File index.js - Remaining files in queue: 172
2025-08-13 10:18:41,270 - Knowledge - INFO - Found code-base-name: https://github.com/kavia-common/mern-ecommerce-156786.git:kavia-master
2025-08-13 10:18:41,583 - Knowledge - INFO - persist ingested knowledge for /app/data/b2c/156786/b5961k4/mern-ecommerce-156786/client/app/components/Common/DropdownConfirm/index.js
2025-08-13 10:18:41,744 - Knowledge - INFO - Found code_base: <app.utils.kg_build.knowledge.KnowledgeCodeBase object at 0x7fdc0fcfba90>
2025-08-13 10:18:41,874 - Knowledge - INFO - Thread kw2 - File Merchant.js - Remaining files in queue: 172
2025-08-13 10:18:41,959 - Knowledge - INFO - done ingest for /app/data/b2c/156786/b5961k4/mern-ecommerce-156786/client/app/components/Store/ProductReviews/index.js
2025-08-13 10:18:42,075 - Knowledge - INFO - Found code_base: <app.utils.kg_build.knowledge.KnowledgeCodeBase object at 0x7fdc0fcfba90>
2025-08-13 10:18:42,097 - Knowledge - INFO - persist search terms embedding for client/app/components/Store/CartSummary/index.js
2025-08-13 10:18:42,240 - Knowledge - INFO - Found code_base: <app.utils.kg_build.knowledge.KnowledgeCodeBase object at 0x7fdc0fcfba90>
2025-08-13 10:18:42,364 - Knowledge - INFO - Thread kw10 - File index.js - Remaining files in queue: 172
2025-08-13 10:18:42,501 - Knowledge - INFO - start ingest for /app/data/b2c/156786/b5961k4/mern-ecommerce-156786/client/app/components/Store/ProductFilter/index.js
2025-08-13 10:18:42,590 - Knowledge - INFO - Found code_base: <app.utils.kg_build.knowledge.KnowledgeCodeBase object at 0x7fdc0fcfba90>
2025-08-13 10:18:42,770 - Knowledge - INFO - persist ingested knowledge for /app/data/b2c/156786/b5961k4/mern-ecommerce-156786/client/app/components/Store/CartList/index.js
2025-08-13 10:18:42,857 - Knowledge - INFO - start ingest for /app/data/b2c/156786/b5961k4/mern-ecommerce-156786/client/app/components/Manager/Dashboard/Merchant.js
2025-08-13 10:18:42,966 - Knowledge - INFO - process ingested knowledge for /app/data/b2c/156786/b5961k4/mern-ecommerce-156786/client/app/components/Store/ProductReviews/index.js
2025-08-13 10:18:43,075 - Knowledge - INFO - persist ingested knowledge for /app/data/b2c/156786/b5961k4/mern-ecommerce-156786/client/app/components/Store/MiniBrand/index.js
2025-08-13 10:18:43,265 - Knowledge - INFO - persist ingested knowledge for /app/data/b2c/156786/b5961k4/mern-ecommerce-156786/client/app/components/Store/Checkout/index.js
2025-08-13 10:18:43,314 - Knowledge - INFO - done ingest for /app/data/b2c/156786/b5961k4/mern-ecommerce-156786/client/app/components/Store/ProductReviews/List.js
2025-08-13 10:18:43,382 - Knowledge - INFO - done ingest for /app/data/b2c/156786/b5961k4/mern-ecommerce-156786/client/app/components/Store/ProductReviews/Add.js
2025-08-13 10:18:43,399 - Knowledge - INFO - start ingest for /app/data/b2c/156786/b5961k4/mern-ecommerce-156786/client/app/components/Manager/OrderList/index.js
2025-08-13 10:18:43,569 - Knowledge - INFO - persist ingested knowledge for /app/data/b2c/156786/b5961k4/mern-ecommerce-156786/client/app/components/Common/Popover/index.js
2025-08-13 10:18:43,760 - Knowledge - INFO - persist search terms embedding for client/app/components/Common/DropdownConfirm/index.js
2025-08-13 10:18:44,140 - Knowledge - INFO - process ingested knowledge for /app/data/b2c/156786/b5961k4/mern-ecommerce-156786/client/app/components/Store/ProductReviews/List.js
2025-08-13 10:18:44,234 - Knowledge - INFO - process ingested knowledge for /app/data/b2c/156786/b5961k4/mern-ecommerce-156786/client/app/components/Store/ProductReviews/Add.js
2025-08-13 10:18:44,562 - Knowledge - INFO - worker kw24 pull /app/data/b2c/156786/b5961k4/mern-ecommerce-156786/client/app/components/Manager/AccountMenu/index.js from ingest queue
2025-08-13 10:18:44,562 - Knowledge - INFO - worker kw25 pull /app/data/b2c/156786/b5961k4/mern-ecommerce-156786/client/app/components/Manager/SearchResultMeta/index.js from ingest queue
2025-08-13 10:18:44,564 - Knowledge - INFO - Found code-base-name: https://github.com/kavia-common/mern-ecommerce-156786.git:kavia-master
2025-08-13 10:18:44,877 - Knowledge - INFO - Thread kw24 - File index.js - Remaining files in queue: 170
2025-08-13 10:18:45,037 - Knowledge - INFO - Thread kw25 - File index.js - Remaining files in queue: 170
2025-08-13 10:18:45,157 - Knowledge - INFO - persist search terms embedding for client/app/components/Store/Checkout/index.js
2025-08-13 10:18:45,158 - Knowledge - INFO - Found code_base: <app.utils.kg_build.knowledge.KnowledgeCodeBase object at 0x7fdc0fcfba90>
2025-08-13 10:18:45,258 - Knowledge - INFO - start ingest for /app/data/b2c/156786/b5961k4/mern-ecommerce-156786/client/app/components/Manager/AccountMenu/index.js
2025-08-13 10:18:45,382 - Knowledge - INFO - start ingest for /app/data/b2c/156786/b5961k4/mern-ecommerce-156786/client/app/components/Manager/SearchResultMeta/index.js
2025-08-13 10:18:45,664 - Knowledge - INFO - persist ingested knowledge for /app/data/b2c/156786/b5961k4/mern-ecommerce-156786/client/app/components/Store/ProductReviews/index.js
2025-08-13 10:18:46,020 - Knowledge - INFO - Fast-track processing for simple file: /app/data/b2c/156786/b5961k4/mern-ecommerce-156786/client/app/components/Manager/SearchResultMeta/index.js
2025-08-13 10:18:46,153 - Knowledge - INFO - done ingest for /app/data/b2c/156786/b5961k4/mern-ecommerce-156786/client/app/components/Store/ProductList/index.js
2025-08-13 10:18:46,210 - Knowledge - INFO - done ingest for /app/data/b2c/156786/b5961k4/mern-ecommerce-156786/client/app/components/Store/ProductReviews/Summary.js
2025-08-13 10:18:46,224 - Knowledge - INFO - done fast ingest for /app/data/b2c/156786/b5961k4/mern-ecommerce-156786/client/app/components/Manager/SearchResultMeta/index.js
2025-08-13 10:18:46,498 - Knowledge - INFO - persist search terms embedding for client/app/components/Common/Popover/index.js
2025-08-13 10:18:46,505 - Knowledge - INFO - process ingested knowledge for /app/data/b2c/156786/b5961k4/mern-ecommerce-156786/client/app/components/Store/ProductList/index.js
2025-08-13 10:18:46,602 - Knowledge - INFO - process ingested knowledge for /app/data/b2c/156786/b5961k4/mern-ecommerce-156786/client/app/components/Store/ProductReviews/Summary.js
2025-08-13 10:18:46,707 - Knowledge - INFO - worker kw21 pull /app/data/b2c/156786/b5961k4/mern-ecommerce-156786/client/app/components/Manager/CategoryList/index.js from ingest queue
2025-08-13 10:18:46,745 - Knowledge - INFO - process ingested knowledge for /app/data/b2c/156786/b5961k4/mern-ecommerce-156786/client/app/components/Manager/SearchResultMeta/index.js
2025-08-13 10:18:47,109 - Knowledge - INFO - Thread kw21 - File index.js - Remaining files in queue: 169
2025-08-13 10:18:47,197 - Knowledge - INFO - done ingest for /app/data/b2c/156786/b5961k4/mern-ecommerce-156786/client/app/components/Store/AddToWishList/index.js
2025-08-13 10:18:47,228 - Knowledge - INFO - done ingest for /app/data/b2c/156786/b5961k4/mern-ecommerce-156786/client/app/components/Store/BrandList/index.js
2025-08-13 10:18:47,341 - Knowledge - INFO - start ingest for /app/data/b2c/156786/b5961k4/mern-ecommerce-156786/client/app/components/Manager/CategoryList/index.js
2025-08-13 10:18:47,449 - Knowledge - INFO - persist search terms embedding for client/app/components/Store/MiniBrand/index.js
2025-08-13 10:18:47,465 - Knowledge - INFO - process ingested knowledge for /app/data/b2c/156786/b5961k4/mern-ecommerce-156786/client/app/components/Store/AddToWishList/index.js
2025-08-13 10:18:47,579 - Knowledge - INFO - process ingested knowledge for /app/data/b2c/156786/b5961k4/mern-ecommerce-156786/client/app/components/Store/BrandList/index.js
2025-08-13 10:18:47,758 - Knowledge - INFO - Found code-base-name: https://github.com/kavia-common/mern-ecommerce-156786.git:kavia-master
2025-08-13 10:18:47,759 - Knowledge - INFO - Found code-base-name: https://github.com/kavia-common/mern-ecommerce-156786.git:kavia-master
2025-08-13 10:18:47,764 - Knowledge - INFO - worker kw13 pull /app/data/b2c/156786/b5961k4/mern-ecommerce-156786/client/app/components/Manager/OrderSearch/index.js from ingest queue
2025-08-13 10:18:48,073 - Knowledge - INFO - Found code_base: <app.utils.kg_build.knowledge.KnowledgeCodeBase object at 0x7fdc0fcfba90>
2025-08-13 10:18:48,361 - Knowledge - INFO - persist ingested knowledge for /app/data/b2c/156786/b5961k4/mern-ecommerce-156786/client/app/components/Store/ProductReviews/List.js
2025-08-13 10:18:48,269 - Knowledge - INFO - Thread kw13 - File index.js - Remaining files in queue: 168
2025-08-13 10:18:48,289 - Knowledge - INFO - persist search terms embedding for client/app/components/Store/ProductReviews/index.js
2025-08-13 10:18:48,164 - Knowledge - INFO - Found code_base: <app.utils.kg_build.knowledge.KnowledgeCodeBase object at 0x7fdc0fcfba90>
2025-08-13 10:18:48,772 - Knowledge - INFO - persist ingested knowledge for /app/data/b2c/156786/b5961k4/mern-ecommerce-156786/client/app/components/Store/ProductReviews/Add.js
2025-08-13 10:18:48,572 - Knowledge - INFO - start ingest for /app/data/b2c/156786/b5961k4/mern-ecommerce-156786/client/app/components/Manager/OrderSearch/index.js
2025-08-13 10:18:48,976 - Knowledge - INFO - Fast-track processing for simple file: /app/data/b2c/156786/b5961k4/mern-ecommerce-156786/client/app/components/Manager/OrderSearch/index.js
2025-08-13 10:18:49,059 - Knowledge - INFO - done fast ingest for /app/data/b2c/156786/b5961k4/mern-ecommerce-156786/client/app/components/Manager/OrderSearch/index.js
2025-08-13 10:18:49,094 - Knowledge - INFO - persist search terms embedding for client/app/components/Store/CartList/index.js
2025-08-13 10:18:49,198 - Knowledge - INFO - process ingested knowledge for /app/data/b2c/156786/b5961k4/mern-ecommerce-156786/client/app/components/Manager/OrderSearch/index.js
2025-08-13 10:18:49,281 - Knowledge - INFO - Found code-base-name: https://github.com/kavia-common/mern-ecommerce-156786.git:kavia-master
2025-08-13 10:18:49,282 - Knowledge - INFO - Found code-base-name: https://github.com/kavia-common/mern-ecommerce-156786.git:kavia-master
2025-08-13 10:18:49,282 - Knowledge - INFO - Found code-base-name: https://github.com/kavia-common/mern-ecommerce-156786.git:kavia-master
2025-08-13 10:18:49,282 - Knowledge - INFO - worker kw8 pull /app/data/b2c/156786/b5961k4/mern-ecommerce-156786/client/app/components/Manager/MerchantList/index.js from ingest queue
2025-08-13 10:18:49,282 - Knowledge - INFO - Found code-base-name: https://github.com/kavia-common/mern-ecommerce-156786.git:kavia-master
2025-08-13 10:18:49,282 - Knowledge - INFO - Found code-base-name: https://github.com/kavia-common/mern-ecommerce-156786.git:kavia-master
2025-08-13 10:18:49,378 - Knowledge - INFO - done ingest for /app/data/b2c/156786/b5961k4/mern-ecommerce-156786/client/app/components/Store/SocialShare/index.js
2025-08-13 10:18:49,499 - Knowledge - INFO - Found code_base: <app.utils.kg_build.knowledge.KnowledgeCodeBase object at 0x7fdc0fcfba90>
2025-08-13 10:18:50,307 - Knowledge - INFO - persist ingested knowledge for /app/data/b2c/156786/b5961k4/mern-ecommerce-156786/client/app/components/Store/ProductList/index.js
2025-08-13 10:18:49,734 - Knowledge - INFO - Found code_base: <app.utils.kg_build.knowledge.KnowledgeCodeBase object at 0x7fdc0fcfba90>
2025-08-13 10:18:49,856 - Knowledge - INFO - Thread kw8 - File index.js - Remaining files in queue: 167
2025-08-13 10:18:49,978 - Knowledge - INFO - persist search terms embedding for client/app/components/Store/ProductReviews/List.js
2025-08-13 10:18:50,004 - Knowledge - INFO - Found code_base: <app.utils.kg_build.knowledge.KnowledgeCodeBase object at 0x7fdc0fcfba90>
2025-08-13 10:18:50,114 - Knowledge - INFO - Found code_base: <app.utils.kg_build.knowledge.KnowledgeCodeBase object at 0x7fdc0fcfba90>
2025-08-13 10:18:50,234 - Knowledge - INFO - process ingested knowledge for /app/data/b2c/156786/b5961k4/mern-ecommerce-156786/client/app/components/Store/SocialShare/index.js
2025-08-13 10:18:49,628 - Knowledge - INFO - Found code_base: <app.utils.kg_build.knowledge.KnowledgeCodeBase object at 0x7fdc0fcfba90>
2025-08-13 10:18:51,208 - Knowledge - INFO - persist ingested knowledge for /app/data/b2c/156786/b5961k4/mern-ecommerce-156786/client/app/components/Store/ProductReviews/Summary.js
2025-08-13 10:18:50,622 - Knowledge - INFO - start ingest for /app/data/b2c/156786/b5961k4/mern-ecommerce-156786/client/app/components/Manager/MerchantList/index.js
2025-08-13 10:18:50,756 - Knowledge - INFO - worker kw17 pull /app/data/b2c/156786/b5961k4/mern-ecommerce-156786/client/app/components/Manager/ReviewList/index.js from ingest queue
2025-08-13 10:18:50,757 - Knowledge - INFO - worker kw3 pull /app/data/b2c/156786/b5961k4/mern-ecommerce-156786/client/app/components/Manager/AddProduct/index.js from ingest queue
2025-08-13 10:18:50,759 - Knowledge - INFO - worker kw9 pull /app/data/b2c/156786/b5961k4/mern-ecommerce-156786/client/app/components/Manager/OrderItems/index.js from ingest queue
2025-08-13 10:18:50,880 - Knowledge - INFO - persist ingested knowledge for /app/data/b2c/156786/b5961k4/mern-ecommerce-156786/client/app/components/Store/AddToWishList/index.js
2025-08-13 10:18:50,982 - Knowledge - INFO - persist ingested knowledge for /app/data/b2c/156786/b5961k4/mern-ecommerce-156786/client/app/components/Store/BrandList/index.js
2025-08-13 10:18:50,528 - Knowledge - INFO - persist ingested knowledge for /app/data/b2c/156786/b5961k4/mern-ecommerce-156786/client/app/components/Manager/SearchResultMeta/index.js
2025-08-13 10:18:51,474 - Knowledge - INFO - persist search terms embedding for client/app/components/Store/ProductReviews/Add.js
2025-08-13 10:18:51,526 - Knowledge - INFO - Thread kw17 - File index.js - Remaining files in queue: 164
2025-08-13 10:18:51,621 - Knowledge - INFO - Thread kw3 - File index.js - Remaining files in queue: 164
2025-08-13 10:18:51,713 - Knowledge - INFO - Thread kw9 - File index.js - Remaining files in queue: 164
2025-08-13 10:18:51,878 - Knowledge - INFO - done ingest for /app/data/b2c/156786/b5961k4/mern-ecommerce-156786/client/app/components/Common/Radio/index.js
2025-08-13 10:18:52,146 - Knowledge - INFO - Found code-base-name: https://github.com/kavia-common/mern-ecommerce-156786.git:kavia-master
2025-08-13 10:18:52,147 - Knowledge - INFO - worker kw1 pull /app/data/b2c/156786/b5961k4/mern-ecommerce-156786/client/app/components/Manager/Support/MessageList.js from ingest queue
2025-08-13 10:18:52,269 - Knowledge - INFO - start ingest for /app/data/b2c/156786/b5961k4/mern-ecommerce-156786/client/app/components/Manager/ReviewList/index.js
2025-08-13 10:18:52,412 - Knowledge - INFO - start ingest for /app/data/b2c/156786/b5961k4/mern-ecommerce-156786/client/app/components/Manager/AddProduct/index.js
2025-08-13 10:18:52,516 - Knowledge - INFO - start ingest for /app/data/b2c/156786/b5961k4/mern-ecommerce-156786/client/app/components/Manager/OrderItems/index.js
2025-08-13 10:18:52,660 - Knowledge - INFO - persist search terms embedding for client/app/components/Store/ProductList/index.js
2025-08-13 10:18:52,792 - Knowledge - INFO - process ingested knowledge for /app/data/b2c/156786/b5961k4/mern-ecommerce-156786/client/app/components/Common/Radio/index.js
2025-08-13 10:18:52,803 - Knowledge - INFO - Found code_base: <app.utils.kg_build.knowledge.KnowledgeCodeBase object at 0x7fdc0fcfba90>
2025-08-13 10:18:52,920 - Knowledge - INFO - Thread kw1 - File MessageList.js - Remaining files in queue: 163
2025-08-13 10:18:52,962 - Knowledge - INFO - done ingest for /app/data/b2c/156786/b5961k4/mern-ecommerce-156786/client/app/components/Manager/AddBrand/index.js
2025-08-13 10:18:53,619 - Knowledge - INFO - persist ingested knowledge for /app/data/b2c/156786/b5961k4/mern-ecommerce-156786/client/app/components/Manager/OrderSearch/index.js
2025-08-13 10:18:53,771 - Knowledge - INFO - start ingest for /app/data/b2c/156786/b5961k4/mern-ecommerce-156786/client/app/components/Manager/Support/MessageList.js
2025-08-13 10:18:53,948 - Knowledge - INFO - process ingested knowledge for /app/data/b2c/156786/b5961k4/mern-ecommerce-156786/client/app/components/Manager/AddBrand/index.js
2025-08-13 10:18:54,056 - Knowledge - INFO - persist search terms embedding for client/app/components/Store/ProductReviews/Summary.js
2025-08-13 10:18:54,917 - Knowledge - INFO - persist search terms embedding for client/app/components/Store/AddToWishList/index.js
2025-08-13 10:18:55,095 - Knowledge - INFO - done ingest for /app/data/b2c/156786/b5961k4/mern-ecommerce-156786/client/app/components/Manager/Dashboard/Admin.js
2025-08-13 10:18:55,212 - Knowledge - INFO - process ingested knowledge for /app/data/b2c/156786/b5961k4/mern-ecommerce-156786/client/app/components/Manager/Dashboard/Admin.js
2025-08-13 10:18:55,502 - Knowledge - INFO - done ingest for /app/data/b2c/156786/b5961k4/mern-ecommerce-156786/client/app/components/Manager/Dashboard/Customer.js
2025-08-13 10:18:55,552 - Knowledge - INFO - persist search terms embedding for client/app/components/Store/BrandList/index.js
2025-08-13 10:18:55,761 - Knowledge - INFO - process ingested knowledge for /app/data/b2c/156786/b5961k4/mern-ecommerce-156786/client/app/components/Manager/Dashboard/Customer.js
2025-08-13 10:18:56,047 - Knowledge - INFO - Found code-base-name: https://github.com/kavia-common/mern-ecommerce-156786.git:kavia-master
2025-08-13 10:18:56,051 - Knowledge - INFO - worker kw16 pull /app/data/b2c/156786/b5961k4/mern-ecommerce-156786/client/app/components/Manager/EditAddress/index.js from ingest queue
2025-08-13 10:18:56,058 - Knowledge - INFO - worker kw6 pull /app/data/b2c/156786/b5961k4/mern-ecommerce-156786/client/app/components/Manager/UserSearch/index.js from ingest queue
2025-08-13 10:18:56,152 - Knowledge - INFO - Found code_base: <app.utils.kg_build.knowledge.KnowledgeCodeBase object at 0x7fdc0fcfba90>
2025-08-13 10:18:56,273 - Knowledge - INFO - Thread kw16 - File index.js - Remaining files in queue: 161
2025-08-13 10:18:56,282 - Knowledge - INFO - worker kw18 pull /app/data/b2c/156786/b5961k4/mern-ecommerce-156786/client/app/components/Manager/DisabledAccount/Merchant.js from ingest queue
2025-08-13 10:18:56,298 - Knowledge - INFO - worker kw5 pull /app/data/b2c/156786/b5961k4/mern-ecommerce-156786/client/app/components/Manager/EditBrand/index.js from ingest queue
2025-08-13 10:18:56,322 - Knowledge - INFO - Found code-base-name: https://github.com/kavia-common/mern-ecommerce-156786.git:kavia-master
2025-08-13 10:18:56,325 - Knowledge - INFO - worker kw25 pull /app/data/b2c/156786/b5961k4/mern-ecommerce-156786/client/app/components/Manager/Support/index.js from ingest queue
2025-08-13 10:18:56,338 - Knowledge - INFO - Found code-base-name: https://github.com/kavia-common/mern-ecommerce-156786.git:kavia-master
2025-08-13 10:18:56,348 - Knowledge - INFO - Found code-base-name: https://github.com/kavia-common/mern-ecommerce-156786.git:kavia-master
2025-08-13 10:18:56,384 - Knowledge - INFO - worker kw22 pull /app/data/b2c/156786/b5961k4/mern-ecommerce-156786/client/app/components/Manager/OrderSummary/index.js from ingest queue
2025-08-13 10:18:56,391 - Knowledge - INFO - worker kw13 pull /app/data/b2c/156786/b5961k4/mern-ecommerce-156786/client/app/components/Manager/Support/UserList.js from ingest queue
2025-08-13 10:18:56,410 - Knowledge - INFO - Thread kw6 - File index.js - Remaining files in queue: 156
2025-08-13 10:18:56,442 - Knowledge - INFO - Found code-base-name: https://github.com/kavia-common/mern-ecommerce-156786.git:kavia-master
2025-08-13 10:18:56,455 - Knowledge - INFO - done ingest for /app/data/b2c/156786/b5961k4/mern-ecommerce-156786/client/app/components/Manager/EditCategory/index.js
2025-08-13 10:18:56,577 - Knowledge - INFO - persist ingested knowledge for /app/data/b2c/156786/b5961k4/mern-ecommerce-156786/client/app/components/Store/SocialShare/index.js
2025-08-13 10:18:56,625 - Knowledge - INFO - done ingest for /app/data/b2c/156786/b5961k4/mern-ecommerce-156786/client/app/components/Manager/OrderDetails/index.js
2025-08-13 10:18:56,726 - Knowledge - INFO - start ingest for /app/data/b2c/156786/b5961k4/mern-ecommerce-156786/client/app/components/Manager/EditAddress/index.js
2025-08-13 10:18:56,851 - Knowledge - INFO - Thread kw18 - File Merchant.js - Remaining files in queue: 156
2025-08-13 10:18:56,955 - Knowledge - INFO - Thread kw5 - File index.js - Remaining files in queue: 156
2025-08-13 10:18:57,105 - Knowledge - INFO - Found code_base: <app.utils.kg_build.knowledge.KnowledgeCodeBase object at 0x7fdc0fcfba90>
2025-08-13 10:18:57,253 - Knowledge - INFO - Thread kw25 - File index.js - Remaining files in queue: 156
2025-08-13 10:18:57,320 - Knowledge - INFO - done ingest for /app/data/b2c/156786/b5961k4/mern-ecommerce-156786/client/app/components/Manager/AddressList/index.js
2025-08-13 10:18:57,405 - Knowledge - INFO - Found code_base: <app.utils.kg_build.knowledge.KnowledgeCodeBase object at 0x7fdc0fcfba90>
2025-08-13 10:18:59,501 - Knowledge - INFO - persist ingested knowledge for /app/data/b2c/156786/b5961k4/mern-ecommerce-156786/client/app/components/Common/Radio/index.js
2025-08-13 10:18:57,676 - Knowledge - INFO - Thread kw22 - File index.js - Remaining files in queue: 156
2025-08-13 10:18:57,847 - Knowledge - INFO - Thread kw13 - File UserList.js - Remaining files in queue: 156
2025-08-13 10:18:57,967 - Knowledge - INFO - start ingest for /app/data/b2c/156786/b5961k4/mern-ecommerce-156786/client/app/components/Manager/UserSearch/index.js
2025-08-13 10:18:58,169 - Knowledge - INFO - Found code_base: <app.utils.kg_build.knowledge.KnowledgeCodeBase object at 0x7fdc0fcfba90>
2025-08-13 10:18:58,442 - Knowledge - INFO - process ingested knowledge for /app/data/b2c/156786/b5961k4/mern-ecommerce-156786/client/app/components/Manager/EditCategory/index.js
2025-08-13 10:18:58,576 - Knowledge - INFO - done ingest for /app/data/b2c/156786/b5961k4/mern-ecommerce-156786/client/app/components/Manager/AccountMenu/index.js
2025-08-13 10:18:58,676 - Knowledge - INFO - process ingested knowledge for /app/data/b2c/156786/b5961k4/mern-ecommerce-156786/client/app/components/Manager/OrderDetails/index.js
2025-08-13 10:18:58,804 - Knowledge - INFO - start ingest for /app/data/b2c/156786/b5961k4/mern-ecommerce-156786/client/app/components/Manager/DisabledAccount/Merchant.js
2025-08-13 10:18:58,901 - Knowledge - INFO - start ingest for /app/data/b2c/156786/b5961k4/mern-ecommerce-156786/client/app/components/Manager/EditBrand/index.js
2025-08-13 10:18:59,064 - Knowledge - INFO - persist ingested knowledge for /app/data/b2c/156786/b5961k4/mern-ecommerce-156786/client/app/components/Manager/Dashboard/Customer.js
2025-08-13 10:18:59,179 - Knowledge - INFO - start ingest for /app/data/b2c/156786/b5961k4/mern-ecommerce-156786/client/app/components/Manager/Support/index.js
2025-08-13 10:18:59,448 - Knowledge - INFO - process ingested knowledge for /app/data/b2c/156786/b5961k4/mern-ecommerce-156786/client/app/components/Manager/AddressList/index.js
2025-08-13 10:18:57,532 - Knowledge - INFO - Found code_base: <app.utils.kg_build.knowledge.KnowledgeCodeBase object at 0x7fdc0fcfba90>
2025-08-13 10:18:59,654 - Knowledge - INFO - persist search terms embedding for client/app/components/Store/SocialShare/index.js
2025-08-13 10:18:59,786 - Knowledge - INFO - start ingest for /app/data/b2c/156786/b5961k4/mern-ecommerce-156786/client/app/components/Manager/OrderSummary/index.js
2025-08-13 10:18:59,935 - Knowledge - INFO - start ingest for /app/data/b2c/156786/b5961k4/mern-ecommerce-156786/client/app/components/Manager/Support/UserList.js
2025-08-13 10:19:00,198 - Knowledge - INFO - Fast-track processing for simple file: /app/data/b2c/156786/b5961k4/mern-ecommerce-156786/client/app/components/Manager/UserSearch/index.js
2025-08-13 10:19:00,254 - Knowledge - INFO - done ingest for /app/data/b2c/156786/b5961k4/mern-ecommerce-156786/client/app/components/Manager/CategoryList/index.js
2025-08-13 10:19:00,310 - Knowledge - INFO - persist ingested knowledge for /app/data/b2c/156786/b5961k4/mern-ecommerce-156786/client/app/components/Manager/AddBrand/index.js
2025-08-13 10:19:00,544 - Knowledge - INFO - done ingest for /app/data/b2c/156786/b5961k4/mern-ecommerce-156786/client/app/components/Manager/OrderList/index.js
2025-08-13 10:19:00,777 - Knowledge - INFO - process ingested knowledge for /app/data/b2c/156786/b5961k4/mern-ecommerce-156786/client/app/components/Manager/AccountMenu/index.js
2025-08-13 10:19:00,860 - Knowledge - INFO - done ingest for /app/data/b2c/156786/b5961k4/mern-ecommerce-156786/client/app/components/Manager/Dashboard/Merchant.js
2025-08-13 10:19:01,181 - Knowledge - INFO - done ingest for /app/data/b2c/156786/b5961k4/mern-ecommerce-156786/client/app/components/Store/ProductFilter/index.js
2025-08-13 10:19:01,351 - Knowledge - INFO - persist ingested knowledge for /app/data/b2c/156786/b5961k4/mern-ecommerce-156786/client/app/components/Manager/Dashboard/Admin.js
2025-08-13 10:19:01,840 - Knowledge - INFO - done fast ingest for /app/data/b2c/156786/b5961k4/mern-ecommerce-156786/client/app/components/Manager/UserSearch/index.js
2025-08-13 10:19:01,879 - Knowledge - INFO - persist search terms embedding for client/app/components/Common/Radio/index.js
2025-08-13 10:19:01,964 - Knowledge - INFO - process ingested knowledge for /app/data/b2c/156786/b5961k4/mern-ecommerce-156786/client/app/components/Manager/CategoryList/index.js
2025-08-13 10:19:02,131 - Knowledge - INFO - process ingested knowledge for /app/data/b2c/156786/b5961k4/mern-ecommerce-156786/client/app/components/Manager/OrderList/index.js
2025-08-13 10:19:02,356 - Knowledge - INFO - process ingested knowledge for /app/data/b2c/156786/b5961k4/mern-ecommerce-156786/client/app/components/Manager/Dashboard/Merchant.js
2025-08-13 10:19:02,448 - Knowledge - INFO - process ingested knowledge for /app/data/b2c/156786/b5961k4/mern-ecommerce-156786/client/app/components/Store/ProductFilter/index.js
2025-08-13 10:19:02,657 - Knowledge - INFO - process ingested knowledge for /app/data/b2c/156786/b5961k4/mern-ecommerce-156786/client/app/components/Manager/UserSearch/index.js
2025-08-13 10:19:02,748 - Knowledge - INFO - Found code-base-name: https://github.com/kavia-common/mern-ecommerce-156786.git:kavia-master
2025-08-13 10:19:02,749 - Knowledge - INFO - Found code-base-name: https://github.com/kavia-common/mern-ecommerce-156786.git:kavia-master
2025-08-13 10:19:03,101 - Knowledge - INFO - persist search terms embedding for client/app/components/Manager/Dashboard/Customer.js
2025-08-13 10:19:03,387 - Knowledge - INFO - Found code_base: <app.utils.kg_build.knowledge.KnowledgeCodeBase object at 0x7fdc0fcfba90>
2025-08-13 10:19:03,515 - Knowledge - INFO - Found code_base: <app.utils.kg_build.knowledge.KnowledgeCodeBase object at 0x7fdc0fcfba90>
2025-08-13 10:19:03,618 - Knowledge - INFO - Found code-base-name: https://github.com/kavia-common/mern-ecommerce-156786.git:kavia-master
2025-08-13 10:19:03,624 - Knowledge - INFO - worker kw12 pull /app/data/b2c/156786/b5961k4/mern-ecommerce-156786/client/app/components/Manager/ProductList/index.js from ingest queue
2025-08-13 10:19:03,723 - Knowledge - INFO - persist ingested knowledge for /app/data/b2c/156786/b5961k4/mern-ecommerce-156786/client/app/components/Manager/EditCategory/index.js
2025-08-13 10:19:03,811 - Knowledge - INFO - persist ingested knowledge for /app/data/b2c/156786/b5961k4/mern-ecommerce-156786/client/app/components/Manager/OrderDetails/index.js
2025-08-13 10:19:03,914 - Knowledge - INFO - Found code_base: <app.utils.kg_build.knowledge.KnowledgeCodeBase object at 0x7fdc0fcfba90>
2025-08-13 10:19:03,930 - Knowledge - INFO - persist search terms embedding for client/app/components/Manager/AddBrand/index.js
2025-08-13 10:19:03,988 - Knowledge - INFO - Thread kw12 - File index.js - Remaining files in queue: 155
2025-08-13 10:19:04,221 - Knowledge - INFO - done ingest for /app/data/b2c/156786/b5961k4/mern-ecommerce-156786/client/app/components/Manager/MerchantList/index.js
2025-08-13 10:19:04,299 - Knowledge - INFO - persist ingested knowledge for /app/data/b2c/156786/b5961k4/mern-ecommerce-156786/client/app/components/Manager/AddressList/index.js
2025-08-13 10:19:04,513 - Knowledge - INFO - start ingest for /app/data/b2c/156786/b5961k4/mern-ecommerce-156786/client/app/components/Manager/ProductList/index.js
2025-08-13 10:19:04,740 - Knowledge - INFO - process ingested knowledge for /app/data/b2c/156786/b5961k4/mern-ecommerce-156786/client/app/components/Manager/MerchantList/index.js
2025-08-13 10:19:05,042 - Knowledge - INFO - persist search terms embedding for client/app/components/Manager/Dashboard/Admin.js
2025-08-13 10:19:05,159 - Knowledge - INFO - Found code-base-name: https://github.com/kavia-common/mern-ecommerce-156786.git:kavia-master
2025-08-13 10:19:05,160 - Knowledge - INFO - Found code-base-name: https://github.com/kavia-common/mern-ecommerce-156786.git:kavia-master
2025-08-13 10:19:05,164 - Knowledge - INFO - Found code-base-name: https://github.com/kavia-common/mern-ecommerce-156786.git:kavia-master
2025-08-13 10:19:05,416 - Knowledge - INFO - Found code_base: <app.utils.kg_build.knowledge.KnowledgeCodeBase object at 0x7fdc0fcfba90>
2025-08-13 10:19:05,166 - Knowledge - INFO - Found code-base-name: https://github.com/kavia-common/mern-ecommerce-156786.git:kavia-master
2025-08-13 10:19:05,167 - Knowledge - INFO - Found code-base-name: https://github.com/kavia-common/mern-ecommerce-156786.git:kavia-master
2025-08-13 10:19:05,167 - Knowledge - INFO - worker kw14 pull /app/data/b2c/156786/b5961k4/mern-ecommerce-156786/client/app/components/Manager/UserList/index.js from ingest queue
2025-08-13 10:19:05,248 - Knowledge - INFO - Found code_base: <app.utils.kg_build.knowledge.KnowledgeCodeBase object at 0x7fdc0fcfba90>
2025-08-13 10:19:05,334 - Knowledge - INFO - Found code_base: <app.utils.kg_build.knowledge.KnowledgeCodeBase object at 0x7fdc0fcfba90>
2025-08-13 10:19:05,165 - Knowledge - INFO - Found code-base-name: https://github.com/kavia-common/mern-ecommerce-156786.git:kavia-master
2025-08-13 10:19:05,521 - Knowledge - INFO - persist ingested knowledge for /app/data/b2c/156786/b5961k4/mern-ecommerce-156786/client/app/components/Manager/Dashboard/Merchant.js
2025-08-13 10:19:05,651 - Knowledge - INFO - Found code_base: <app.utils.kg_build.knowledge.KnowledgeCodeBase object at 0x7fdc0fcfba90>
2025-08-13 10:19:05,743 - Knowledge - INFO - Found code_base: <app.utils.kg_build.knowledge.KnowledgeCodeBase object at 0x7fdc0fcfba90>
2025-08-13 10:19:05,868 - Knowledge - INFO - Thread kw14 - File index.js - Remaining files in queue: 154
2025-08-13 10:19:05,960 - Knowledge - INFO - persist ingested knowledge for /app/data/b2c/156786/b5961k4/mern-ecommerce-156786/client/app/components/Manager/CategoryList/index.js
2025-08-13 10:19:05,983 - Knowledge - INFO - done ingest for /app/data/b2c/156786/b5961k4/mern-ecommerce-156786/client/app/components/Manager/OrderItems/index.js
2025-08-13 10:19:06,064 - Knowledge - INFO - persist ingested knowledge for /app/data/b2c/156786/b5961k4/mern-ecommerce-156786/client/app/components/Manager/OrderList/index.js
2025-08-13 10:19:06,149 - Knowledge - INFO - Found code_base: <app.utils.kg_build.knowledge.KnowledgeCodeBase object at 0x7fdc0fcfba90>
2025-08-13 10:19:06,357 - Knowledge - INFO - persist ingested knowledge for /app/data/b2c/156786/b5961k4/mern-ecommerce-156786/client/app/components/Manager/UserSearch/index.js
2025-08-13 10:19:06,445 - Knowledge - INFO - persist ingested knowledge for /app/data/b2c/156786/b5961k4/mern-ecommerce-156786/client/app/components/Manager/AccountMenu/index.js
2025-08-13 10:19:06,535 - Knowledge - INFO - done ingest for /app/data/b2c/156786/b5961k4/mern-ecommerce-156786/client/app/components/Manager/AddProduct/index.js
2025-08-13 10:19:06,537 - Knowledge - INFO - start ingest for /app/data/b2c/156786/b5961k4/mern-ecommerce-156786/client/app/components/Manager/UserList/index.js
2025-08-13 10:19:06,884 - Knowledge - INFO - process ingested knowledge for /app/data/b2c/156786/b5961k4/mern-ecommerce-156786/client/app/components/Manager/OrderItems/index.js
2025-08-13 10:19:07,064 - Knowledge - INFO - persist ingested knowledge for /app/data/b2c/156786/b5961k4/mern-ecommerce-156786/client/app/components/Store/ProductFilter/index.js
2025-08-13 10:19:07,405 - Knowledge - INFO - process ingested knowledge for /app/data/b2c/156786/b5961k4/mern-ecommerce-156786/client/app/components/Manager/AddProduct/index.js
2025-08-13 10:19:07,410 - Knowledge - INFO - persist search terms embedding for client/app/components/Manager/EditCategory/index.js
2025-08-13 10:19:07,894 - Knowledge - INFO - worker kw4 pull /app/data/b2c/156786/b5961k4/mern-ecommerce-156786/client/app/components/Manager/EditProduct/index.js from ingest queue
2025-08-13 10:19:08,026 - Knowledge - INFO - Thread kw4 - File index.js - Remaining files in queue: 153
2025-08-13 10:19:08,154 - Knowledge - INFO - start ingest for /app/data/b2c/156786/b5961k4/mern-ecommerce-156786/client/app/components/Manager/EditProduct/index.js
2025-08-13 10:19:08,348 - Knowledge - INFO - persist search terms embedding for client/app/components/Manager/AddressList/index.js
2025-08-13 10:19:08,434 - Knowledge - INFO - worker kw19 pull /app/data/b2c/156786/b5961k4/mern-ecommerce-156786/client/app/components/Manager/WishList/index.js from ingest queue
2025-08-13 10:19:08,547 - Knowledge - INFO - Thread kw19 - File index.js - Remaining files in queue: 152
2025-08-13 10:19:08,644 - Knowledge - INFO - start ingest for /app/data/b2c/156786/b5961k4/mern-ecommerce-156786/client/app/components/Manager/WishList/index.js
2025-08-13 10:19:09,243 - Knowledge - INFO - persist search terms embedding for client/app/components/Manager/OrderDetails/index.js
2025-08-13 10:19:09,884 - Knowledge - INFO - persist search terms embedding for client/app/components/Manager/Dashboard/Merchant.js
2025-08-13 10:19:10,349 - Knowledge - INFO - done ingest for /app/data/b2c/156786/b5961k4/mern-ecommerce-156786/client/app/components/Manager/ReviewList/index.js
2025-08-13 10:19:10,509 - Knowledge - INFO - process ingested knowledge for /app/data/b2c/156786/b5961k4/mern-ecommerce-156786/client/app/components/Manager/ReviewList/index.js
2025-08-13 10:19:10,712 - Knowledge - INFO - persist search terms embedding for client/app/components/Manager/CategoryList/index.js
2025-08-13 10:19:11,373 - Knowledge - INFO - persist search terms embedding for client/app/components/Manager/OrderList/index.js
2025-08-13 10:19:11,427 - Knowledge - INFO - done ingest for /app/data/b2c/156786/b5961k4/mern-ecommerce-156786/client/app/components/Manager/Support/MessageList.js
2025-08-13 10:19:11,586 - Knowledge - INFO - process ingested knowledge for /app/data/b2c/156786/b5961k4/mern-ecommerce-156786/client/app/components/Manager/Support/MessageList.js
2025-08-13 10:19:12,206 - Knowledge - INFO - persist search terms embedding for client/app/components/Manager/AccountMenu/index.js
2025-08-13 10:19:12,267 - Knowledge - INFO - done ingest for /app/data/b2c/156786/b5961k4/mern-ecommerce-156786/client/app/components/Manager/DisabledAccount/Merchant.js
2025-08-13 10:19:12,329 - Knowledge - INFO - Found code-base-name: https://github.com/kavia-common/mern-ecommerce-156786.git:kavia-master
2025-08-13 10:19:12,406 - Knowledge - INFO - done ingest for /app/data/b2c/156786/b5961k4/mern-ecommerce-156786/client/app/components/Manager/EditAddress/index.js
2025-08-13 10:19:12,499 - Knowledge - INFO - process ingested knowledge for /app/data/b2c/156786/b5961k4/mern-ecommerce-156786/client/app/components/Manager/DisabledAccount/Merchant.js
2025-08-13 10:19:12,587 - Knowledge - INFO - Found code_base: <app.utils.kg_build.knowledge.KnowledgeCodeBase object at 0x7fdc0fcfba90>
2025-08-13 10:19:12,777 - Knowledge - INFO - process ingested knowledge for /app/data/b2c/156786/b5961k4/mern-ecommerce-156786/client/app/components/Manager/EditAddress/index.js
2025-08-13 10:19:12,874 - Knowledge - INFO - persist search terms embedding for client/app/components/Store/ProductFilter/index.js
2025-08-13 10:19:12,936 - Knowledge - INFO - persist ingested knowledge for /app/data/b2c/156786/b5961k4/mern-ecommerce-156786/client/app/components/Manager/OrderItems/index.js
2025-08-13 10:19:13,120 - Knowledge - INFO - Found code-base-name: https://github.com/kavia-common/mern-ecommerce-156786.git:kavia-master
2025-08-13 10:19:13,121 - Knowledge - INFO - worker kw20 pull /app/data/b2c/156786/b5961k4/mern-ecommerce-156786/client/app/components/Manager/AddCategory/index.js from ingest queue
2025-08-13 10:19:13,121 - Knowledge - INFO - Found code-base-name: https://github.com/kavia-common/mern-ecommerce-156786.git:kavia-master
2025-08-13 10:19:13,123 - Knowledge - INFO - worker kw11 pull /app/data/b2c/156786/b5961k4/mern-ecommerce-156786/client/app/components/Manager/Support/AddMessage.js from ingest queue
2025-08-13 10:19:13,123 - Knowledge - INFO - worker kw15 pull /app/data/b2c/156786/b5961k4/mern-ecommerce-156786/client/app/components/Manager/BrandList/index.js from ingest queue
2025-08-13 10:19:13,132 - Knowledge - INFO - Found code-base-name: https://github.com/kavia-common/mern-ecommerce-156786.git:kavia-master
2025-08-13 10:19:13,137 - Knowledge - INFO - worker kw10 pull /app/data/b2c/156786/b5961k4/mern-ecommerce-156786/client/app/components/Manager/UserRole/index.js from ingest queue
2025-08-13 10:19:13,141 - Knowledge - INFO - Found code-base-name: https://github.com/kavia-common/mern-ecommerce-156786.git:kavia-master
2025-08-13 10:19:13,143 - Knowledge - INFO - worker kw24 pull /app/data/b2c/156786/b5961k4/mern-ecommerce-156786/client/app/components/Manager/AddMerchant/index.js from ingest queue
2025-08-13 10:19:13,144 - Knowledge - INFO - Found code-base-name: https://github.com/kavia-common/mern-ecommerce-156786.git:kavia-master
2025-08-13 10:19:13,147 - Knowledge - INFO - worker kw7 pull /app/data/b2c/156786/b5961k4/mern-ecommerce-156786/client/app/components/Manager/OrderMeta/index.js from ingest queue
2025-08-13 10:19:13,148 - Knowledge - INFO - worker kw23 pull /app/data/b2c/156786/b5961k4/mern-ecommerce-156786/client/app/components/Manager/AccountDetails/index.js from ingest queue
2025-08-13 10:19:13,155 - Knowledge - INFO - worker kw21 pull /app/data/b2c/156786/b5961k4/mern-ecommerce-156786/client/app/containers/Authentication/constants.js from ingest queue
2025-08-13 10:19:13,158 - Knowledge - INFO - worker kw6 pull /app/data/b2c/156786/b5961k4/mern-ecommerce-156786/client/app/components/Manager/SubPage/index.js from ingest queue
2025-08-13 10:19:13,160 - Knowledge - INFO - Found code-base-name: https://github.com/kavia-common/mern-ecommerce-156786.git:kavia-master
2025-08-13 10:19:13,165 - Knowledge - INFO - worker kw2 pull /app/data/b2c/156786/b5961k4/mern-ecommerce-156786/client/app/components/Manager/AddAddress/index.js from ingest queue
2025-08-13 10:19:13,326 - Knowledge - INFO - Found code_base: <app.utils.kg_build.knowledge.KnowledgeCodeBase object at 0x7fdc0fcfba90>
2025-08-13 10:19:13,446 - Knowledge - INFO - Thread kw20 - File index.js - Remaining files in queue: 142
2025-08-13 10:19:13,571 - Knowledge - INFO - Found code_base: <app.utils.kg_build.knowledge.KnowledgeCodeBase object at 0x7fdc0fcfba90>
2025-08-13 10:19:13,680 - Knowledge - INFO - Thread kw11 - File AddMessage.js - Remaining files in queue: 142
2025-08-13 10:19:13,765 - Knowledge - INFO - Thread kw15 - File index.js - Remaining files in queue: 142
2025-08-13 10:19:13,805 - Knowledge - INFO - persist search terms embedding for client/app/components/Manager/OrderItems/index.js
2025-08-13 10:19:13,903 - Knowledge - INFO - Found code_base: <app.utils.kg_build.knowledge.KnowledgeCodeBase object at 0x7fdc0fcfba90>
2025-08-13 10:19:14,015 - Knowledge - INFO - Thread kw10 - File index.js - Remaining files in queue: 142
2025-08-13 10:19:14,127 - Knowledge - INFO - Found code_base: <app.utils.kg_build.knowledge.KnowledgeCodeBase object at 0x7fdc0fcfba90>
2025-08-13 10:19:14,243 - Knowledge - INFO - Thread kw24 - File index.js - Remaining files in queue: 142
2025-08-13 10:19:14,383 - Knowledge - INFO - Found code_base: <app.utils.kg_build.knowledge.KnowledgeCodeBase object at 0x7fdc0fcfba90>
2025-08-13 10:19:14,503 - Knowledge - INFO - Thread kw7 - File index.js - Remaining files in queue: 142
2025-08-13 10:19:14,620 - Knowledge - INFO - Thread kw23 - File index.js - Remaining files in queue: 142
2025-08-13 10:19:14,717 - Knowledge - INFO - Thread kw21 - File constants.js - Remaining files in queue: 142
2025-08-13 10:19:14,826 - Knowledge - INFO - Thread kw6 - File index.js - Remaining files in queue: 142
2025-08-13 10:19:14,915 - Knowledge - INFO - Found code_base: <app.utils.kg_build.knowledge.KnowledgeCodeBase object at 0x7fdc0fcfba90>
2025-08-13 10:19:15,021 - Knowledge - INFO - Thread kw2 - File index.js - Remaining files in queue: 142
2025-08-13 10:19:15,060 - Knowledge - INFO - done ingest for /app/data/b2c/156786/b5961k4/mern-ecommerce-156786/client/app/components/Manager/OrderSummary/index.js
2025-08-13 10:19:15,122 - Knowledge - INFO - persist ingested knowledge for /app/data/b2c/156786/b5961k4/mern-ecommerce-156786/client/app/components/Manager/AddProduct/index.js
2025-08-13 10:19:15,207 - Knowledge - INFO - start ingest for /app/data/b2c/156786/b5961k4/mern-ecommerce-156786/client/app/components/Manager/AddCategory/index.js
2025-08-13 10:19:15,291 - Knowledge - INFO - persist ingested knowledge for /app/data/b2c/156786/b5961k4/mern-ecommerce-156786/client/app/components/Manager/MerchantList/index.js
2025-08-13 10:19:15,391 - Knowledge - INFO - start ingest for /app/data/b2c/156786/b5961k4/mern-ecommerce-156786/client/app/components/Manager/Support/AddMessage.js
2025-08-13 10:19:15,447 - Knowledge - INFO - done ingest for /app/data/b2c/156786/b5961k4/mern-ecommerce-156786/client/app/components/Manager/EditBrand/index.js
2025-08-13 10:19:15,485 - Knowledge - INFO - start ingest for /app/data/b2c/156786/b5961k4/mern-ecommerce-156786/client/app/components/Manager/BrandList/index.js
2025-08-13 10:19:15,595 - Knowledge - INFO - worker kw9 pull /app/data/b2c/156786/b5961k4/mern-ecommerce-156786/client/app/containers/Navigation/constants.js from ingest queue
2025-08-13 10:19:15,714 - Knowledge - INFO - persist ingested knowledge for /app/data/b2c/156786/b5961k4/mern-ecommerce-156786/client/app/components/Manager/ReviewList/index.js
2025-08-13 10:19:15,825 - Knowledge - INFO - start ingest for /app/data/b2c/156786/b5961k4/mern-ecommerce-156786/client/app/components/Manager/UserRole/index.js
2025-08-13 10:19:15,918 - Knowledge - INFO - persist ingested knowledge for /app/data/b2c/156786/b5961k4/mern-ecommerce-156786/client/app/components/Manager/Support/MessageList.js
2025-08-13 10:19:16,030 - Knowledge - INFO - start ingest for /app/data/b2c/156786/b5961k4/mern-ecommerce-156786/client/app/components/Manager/AddMerchant/index.js
2025-08-13 10:19:16,126 - Knowledge - INFO - done ingest for /app/data/b2c/156786/b5961k4/mern-ecommerce-156786/client/app/components/Manager/Support/UserList.js
2025-08-13 10:19:16,153 - Knowledge - INFO - persist ingested knowledge for /app/data/b2c/156786/b5961k4/mern-ecommerce-156786/client/app/components/Manager/DisabledAccount/Merchant.js
2025-08-13 10:19:16,276 - Knowledge - INFO - start ingest for /app/data/b2c/156786/b5961k4/mern-ecommerce-156786/client/app/components/Manager/OrderMeta/index.js
2025-08-13 10:19:16,388 - Knowledge - INFO - start ingest for /app/data/b2c/156786/b5961k4/mern-ecommerce-156786/client/app/components/Manager/AccountDetails/index.js
2025-08-13 10:19:16,505 - Knowledge - INFO - start ingest for /app/data/b2c/156786/b5961k4/mern-ecommerce-156786/client/app/containers/Authentication/constants.js
2025-08-13 10:19:16,615 - Knowledge - INFO - start ingest for /app/data/b2c/156786/b5961k4/mern-ecommerce-156786/client/app/components/Manager/SubPage/index.js
2025-08-13 10:19:16,711 - Knowledge - INFO - persist ingested knowledge for /app/data/b2c/156786/b5961k4/mern-ecommerce-156786/client/app/components/Manager/EditAddress/index.js
2025-08-13 10:19:16,788 - Knowledge - INFO - done ingest for /app/data/b2c/156786/b5961k4/mern-ecommerce-156786/client/app/components/Manager/ProductList/index.js
2025-08-13 10:19:16,868 - Knowledge - INFO - start ingest for /app/data/b2c/156786/b5961k4/mern-ecommerce-156786/client/app/components/Manager/AddAddress/index.js
2025-08-13 10:19:17,057 - Knowledge - INFO - done ingest for /app/data/b2c/156786/b5961k4/mern-ecommerce-156786/client/app/components/Manager/Support/index.js
2025-08-13 10:19:17,117 - Knowledge - INFO - process ingested knowledge for /app/data/b2c/156786/b5961k4/mern-ecommerce-156786/client/app/components/Manager/OrderSummary/index.js
2025-08-13 10:19:17,654 - Knowledge - INFO - done ingest for /app/data/b2c/156786/b5961k4/mern-ecommerce-156786/client/app/components/Manager/UserList/index.js
2025-08-13 10:19:17,738 - Knowledge - INFO - process ingested knowledge for /app/data/b2c/156786/b5961k4/mern-ecommerce-156786/client/app/components/Manager/EditBrand/index.js
2025-08-13 10:19:17,872 - Knowledge - INFO - Thread kw9 - File constants.js - Remaining files in queue: 141
2025-08-13 10:19:17,961 - Knowledge - INFO - done ingest for /app/data/b2c/156786/b5961k4/mern-ecommerce-156786/client/app/components/Manager/WishList/index.js
2025-08-13 10:19:18,007 - Knowledge - INFO - persist search terms embedding for client/app/components/Manager/AddProduct/index.js
2025-08-13 10:19:18,109 - Knowledge - INFO - done ingest for /app/data/b2c/156786/b5961k4/mern-ecommerce-156786/client/app/components/Manager/EditProduct/index.js
2025-08-13 10:19:18,533 - Knowledge - INFO - process ingested knowledge for /app/data/b2c/156786/b5961k4/mern-ecommerce-156786/client/app/components/Manager/Support/UserList.js
2025-08-13 10:19:18,913 - Knowledge - INFO - Fast-track processing for simple file: /app/data/b2c/156786/b5961k4/mern-ecommerce-156786/client/app/containers/Authentication/constants.js
2025-08-13 10:19:19,232 - Knowledge - INFO - process ingested knowledge for /app/data/b2c/156786/b5961k4/mern-ecommerce-156786/client/app/components/Manager/ProductList/index.js
2025-08-13 10:19:19,427 - Knowledge - INFO - process ingested knowledge for /app/data/b2c/156786/b5961k4/mern-ecommerce-156786/client/app/components/Manager/Support/index.js
2025-08-13 10:19:19,622 - Knowledge - INFO - process ingested knowledge for /app/data/b2c/156786/b5961k4/mern-ecommerce-156786/client/app/components/Manager/UserList/index.js
2025-08-13 10:19:19,774 - Knowledge - INFO - start ingest for /app/data/b2c/156786/b5961k4/mern-ecommerce-156786/client/app/containers/Navigation/constants.js
2025-08-13 10:19:19,889 - Knowledge - INFO - process ingested knowledge for /app/data/b2c/156786/b5961k4/mern-ecommerce-156786/client/app/components/Manager/WishList/index.js
2025-08-13 10:19:20,066 - Knowledge - INFO - process ingested knowledge for /app/data/b2c/156786/b5961k4/mern-ecommerce-156786/client/app/components/Manager/EditProduct/index.js
2025-08-13 10:19:20,259 - Knowledge - INFO - done fast ingest for /app/data/b2c/156786/b5961k4/mern-ecommerce-156786/client/app/containers/Authentication/constants.js
2025-08-13 10:19:20,634 - Knowledge - INFO - Fast-track processing for simple file: /app/data/b2c/156786/b5961k4/mern-ecommerce-156786/client/app/containers/Navigation/constants.js
2025-08-13 10:19:21,011 - Knowledge - INFO - process ingested knowledge for /app/data/b2c/156786/b5961k4/mern-ecommerce-156786/client/app/containers/Authentication/constants.js
2025-08-13 10:19:21,079 - Knowledge - INFO - done fast ingest for /app/data/b2c/156786/b5961k4/mern-ecommerce-156786/client/app/containers/Navigation/constants.js
2025-08-13 10:19:21,297 - Knowledge - INFO - process ingested knowledge for /app/data/b2c/156786/b5961k4/mern-ecommerce-156786/client/app/containers/Navigation/constants.js
2025-08-13 10:19:22,556 - Knowledge - INFO - persist search terms embedding for client/app/components/Manager/MerchantList/index.js
2025-08-13 10:19:22,983 - Knowledge - INFO - persist search terms embedding for client/app/components/Manager/ReviewList/index.js
2025-08-13 10:19:23,644 - Knowledge - INFO - persist search terms embedding for client/app/components/Manager/Support/MessageList.js
2025-08-13 10:19:24,216 - Knowledge - INFO - persist search terms embedding for client/app/components/Manager/DisabledAccount/Merchant.js
2025-08-13 10:19:24,719 - Knowledge - INFO - persist search terms embedding for client/app/components/Manager/EditAddress/index.js
2025-08-13 10:19:24,845 - Knowledge - INFO - Found code-base-name: https://github.com/kavia-common/mern-ecommerce-156786.git:kavia-master
2025-08-13 10:19:24,852 - Knowledge - INFO - Found code-base-name: https://github.com/kavia-common/mern-ecommerce-156786.git:kavia-master
2025-08-13 10:19:24,854 - Knowledge - INFO - worker kw3 pull /app/data/b2c/156786/b5961k4/mern-ecommerce-156786/client/app/containers/Sell/index.js from ingest queue
2025-08-13 10:19:24,855 - Knowledge - INFO - Found code-base-name: https://github.com/kavia-common/mern-ecommerce-156786.git:kavia-master
2025-08-13 10:19:24,855 - Knowledge - INFO - Found code-base-name: https://github.com/kavia-common/mern-ecommerce-156786.git:kavia-master
2025-08-13 10:19:24,856 - Knowledge - INFO - Found code-base-name: https://github.com/kavia-common/mern-ecommerce-156786.git:kavia-master
2025-08-13 10:19:24,856 - Knowledge - INFO - Found code-base-name: https://github.com/kavia-common/mern-ecommerce-156786.git:kavia-master
2025-08-13 10:19:24,857 - Knowledge - INFO - Found code-base-name: https://github.com/kavia-common/mern-ecommerce-156786.git:kavia-master
2025-08-13 10:19:24,857 - Knowledge - INFO - Found code-base-name: https://github.com/kavia-common/mern-ecommerce-156786.git:kavia-master
2025-08-13 10:19:24,858 - Knowledge - INFO - Found code-base-name: https://github.com/kavia-common/mern-ecommerce-156786.git:kavia-master
2025-08-13 10:19:24,858 - Knowledge - INFO - worker kw8 pull /app/data/b2c/156786/b5961k4/mern-ecommerce-156786/client/app/containers/Authentication/reducer.js from ingest queue
2025-08-13 10:19:24,858 - Knowledge - INFO - worker kw17 pull /app/data/b2c/156786/b5961k4/mern-ecommerce-156786/client/app/containers/Dashboard/actions.js from ingest queue
2025-08-13 10:19:24,858 - Knowledge - INFO - worker kw16 pull /app/data/b2c/156786/b5961k4/mern-ecommerce-156786/client/app/containers/Navigation/index.js from ingest queue
2025-08-13 10:19:24,858 - Knowledge - INFO - worker kw1 pull /app/data/b2c/156786/b5961k4/mern-ecommerce-156786/client/app/containers/Navigation/actions.js from ingest queue
2025-08-13 10:19:24,858 - Knowledge - INFO - worker kw18 pull /app/data/b2c/156786/b5961k4/mern-ecommerce-156786/client/app/containers/Authentication/index.js from ingest queue
2025-08-13 10:19:24,859 - Knowledge - INFO - Found code-base-name: https://github.com/kavia-common/mern-ecommerce-156786.git:kavia-master
2025-08-13 10:19:24,978 - Knowledge - INFO - Found code_base: <app.utils.kg_build.knowledge.KnowledgeCodeBase object at 0x7fdc0fcfba90>
2025-08-13 10:19:25,100 - Knowledge - INFO - Found code_base: <app.utils.kg_build.knowledge.KnowledgeCodeBase object at 0x7fdc0fcfba90>
2025-08-13 10:19:25,209 - Knowledge - INFO - Thread kw3 - File index.js - Remaining files in queue: 135
2025-08-13 10:19:25,279 - Knowledge - INFO - Found code_base: <app.utils.kg_build.knowledge.KnowledgeCodeBase object at 0x7fdc0fcfba90>
2025-08-13 10:19:25,379 - Knowledge - INFO - Found code_base: <app.utils.kg_build.knowledge.KnowledgeCodeBase object at 0x7fdc0fcfba90>
2025-08-13 10:19:25,468 - Knowledge - INFO - Found code_base: <app.utils.kg_build.knowledge.KnowledgeCodeBase object at 0x7fdc0fcfba90>
2025-08-13 10:19:25,586 - Knowledge - INFO - Found code_base: <app.utils.kg_build.knowledge.KnowledgeCodeBase object at 0x7fdc0fcfba90>
2025-08-13 10:19:25,736 - Knowledge - INFO - Found code_base: <app.utils.kg_build.knowledge.KnowledgeCodeBase object at 0x7fdc0fcfba90>
2025-08-13 10:19:25,948 - Knowledge - INFO - Found code_base: <app.utils.kg_build.knowledge.KnowledgeCodeBase object at 0x7fdc0fcfba90>
2025-08-13 10:19:26,161 - Knowledge - INFO - done ingest for /app/data/b2c/156786/b5961k4/mern-ecommerce-156786/client/app/components/Manager/Support/AddMessage.js
2025-08-13 10:19:26,214 - Knowledge - INFO - Found code_base: <app.utils.kg_build.knowledge.KnowledgeCodeBase object at 0x7fdc0fcfba90>
2025-08-13 10:19:26,346 - Knowledge - INFO - Thread kw8 - File reducer.js - Remaining files in queue: 135
2025-08-13 10:19:26,494 - Knowledge - INFO - Thread kw17 - File actions.js - Remaining files in queue: 135
2025-08-13 10:19:26,600 - Knowledge - INFO - Thread kw16 - File index.js - Remaining files in queue: 135
2025-08-13 10:19:26,714 - Knowledge - INFO - Thread kw1 - File actions.js - Remaining files in queue: 135
2025-08-13 10:19:26,802 - Knowledge - INFO - Thread kw18 - File index.js - Remaining files in queue: 135
2025-08-13 10:19:26,889 - Knowledge - INFO - Found code_base: <app.utils.kg_build.knowledge.KnowledgeCodeBase object at 0x7fdc0fcfba90>
2025-08-13 10:19:27,011 - Knowledge - INFO - persist ingested knowledge for /app/data/b2c/156786/b5961k4/mern-ecommerce-156786/client/app/components/Manager/OrderSummary/index.js
2025-08-13 10:19:27,122 - Knowledge - INFO - persist ingested knowledge for /app/data/b2c/156786/b5961k4/mern-ecommerce-156786/client/app/components/Manager/EditBrand/index.js
2025-08-13 10:19:27,245 - Knowledge - INFO - done ingest for /app/data/b2c/156786/b5961k4/mern-ecommerce-156786/client/app/components/Manager/AddCategory/index.js
2025-08-13 10:19:27,264 - Knowledge - INFO - start ingest for /app/data/b2c/156786/b5961k4/mern-ecommerce-156786/client/app/containers/Sell/index.js
2025-08-13 10:19:27,364 - Knowledge - INFO - persist ingested knowledge for /app/data/b2c/156786/b5961k4/mern-ecommerce-156786/client/app/components/Manager/ProductList/index.js
2025-08-13 10:19:27,497 - Knowledge - INFO - persist ingested knowledge for /app/data/b2c/156786/b5961k4/mern-ecommerce-156786/client/app/components/Manager/Support/index.js
2025-08-13 10:19:27,630 - Knowledge - INFO - persist ingested knowledge for /app/data/b2c/156786/b5961k4/mern-ecommerce-156786/client/app/components/Manager/UserList/index.js
2025-08-13 10:19:27,730 - Knowledge - INFO - persist ingested knowledge for /app/data/b2c/156786/b5961k4/mern-ecommerce-156786/client/app/components/Manager/WishList/index.js
2025-08-13 10:19:27,853 - Knowledge - INFO - persist ingested knowledge for /app/data/b2c/156786/b5961k4/mern-ecommerce-156786/client/app/components/Manager/EditProduct/index.js
2025-08-13 10:19:27,968 - Knowledge - INFO - persist ingested knowledge for /app/data/b2c/156786/b5961k4/mern-ecommerce-156786/client/app/containers/Authentication/constants.js
2025-08-13 10:19:28,159 - Knowledge - INFO - process ingested knowledge for /app/data/b2c/156786/b5961k4/mern-ecommerce-156786/client/app/components/Manager/Support/AddMessage.js
2025-08-13 10:19:28,194 - Knowledge - INFO - persist ingested knowledge for /app/data/b2c/156786/b5961k4/mern-ecommerce-156786/client/app/containers/Navigation/constants.js
2025-08-13 10:19:28,292 - Knowledge - INFO - start ingest for /app/data/b2c/156786/b5961k4/mern-ecommerce-156786/client/app/containers/Authentication/reducer.js
2025-08-13 10:19:28,421 - Knowledge - INFO - start ingest for /app/data/b2c/156786/b5961k4/mern-ecommerce-156786/client/app/containers/Dashboard/actions.js
2025-08-13 10:19:28,512 - Knowledge - INFO - start ingest for /app/data/b2c/156786/b5961k4/mern-ecommerce-156786/client/app/containers/Navigation/index.js
2025-08-13 10:19:28,612 - Knowledge - INFO - start ingest for /app/data/b2c/156786/b5961k4/mern-ecommerce-156786/client/app/containers/Navigation/actions.js
2025-08-13 10:19:28,743 - Knowledge - INFO - start ingest for /app/data/b2c/156786/b5961k4/mern-ecommerce-156786/client/app/containers/Authentication/index.js
2025-08-13 10:19:28,855 - Knowledge - INFO - done ingest for /app/data/b2c/156786/b5961k4/mern-ecommerce-156786/client/app/components/Manager/UserRole/index.js
2025-08-13 10:19:28,894 - Knowledge - INFO - persist ingested knowledge for /app/data/b2c/156786/b5961k4/mern-ecommerce-156786/client/app/components/Manager/Support/UserList.js
2025-08-13 10:19:29,115 - Knowledge - INFO - done ingest for /app/data/b2c/156786/b5961k4/mern-ecommerce-156786/client/app/components/Manager/BrandList/index.js
2025-08-13 10:19:29,350 - Knowledge - INFO - process ingested knowledge for /app/data/b2c/156786/b5961k4/mern-ecommerce-156786/client/app/components/Manager/AddCategory/index.js
2025-08-13 10:19:29,530 - Knowledge - INFO - persist search terms embedding for client/app/components/Manager/OrderSummary/index.js
2025-08-13 10:19:30,456 - Knowledge - INFO - done ingest for /app/data/b2c/156786/b5961k4/mern-ecommerce-156786/client/app/components/Manager/SubPage/index.js
2025-08-13 10:19:30,470 - Knowledge - INFO - Fast-track processing for simple file: /app/data/b2c/156786/b5961k4/mern-ecommerce-156786/client/app/containers/Dashboard/actions.js
2025-08-13 10:19:30,887 - Knowledge - INFO - done ingest for /app/data/b2c/156786/b5961k4/mern-ecommerce-156786/client/app/components/Manager/AccountDetails/index.js
2025-08-13 10:19:31,055 - Knowledge - INFO - done ingest for /app/data/b2c/156786/b5961k4/mern-ecommerce-156786/client/app/components/Manager/OrderMeta/index.js
2025-08-13 10:19:31,109 - Knowledge - INFO - process ingested knowledge for /app/data/b2c/156786/b5961k4/mern-ecommerce-156786/client/app/components/Manager/UserRole/index.js
2025-08-13 10:19:31,327 - Knowledge - INFO - done ingest for /app/data/b2c/156786/b5961k4/mern-ecommerce-156786/client/app/components/Manager/AddAddress/index.js
2025-08-13 10:19:31,335 - Knowledge - INFO - process ingested knowledge for /app/data/b2c/156786/b5961k4/mern-ecommerce-156786/client/app/components/Manager/BrandList/index.js
2025-08-13 10:19:31,360 - Knowledge - INFO - done ingest for /app/data/b2c/156786/b5961k4/mern-ecommerce-156786/client/app/components/Manager/AddMerchant/index.js
2025-08-13 10:19:31,572 - Knowledge - INFO - process ingested knowledge for /app/data/b2c/156786/b5961k4/mern-ecommerce-156786/client/app/components/Manager/SubPage/index.js
2025-08-13 10:19:31,671 - Knowledge - INFO - done fast ingest for /app/data/b2c/156786/b5961k4/mern-ecommerce-156786/client/app/containers/Dashboard/actions.js
2025-08-13 10:19:31,807 - Knowledge - INFO - process ingested knowledge for /app/data/b2c/156786/b5961k4/mern-ecommerce-156786/client/app/components/Manager/AccountDetails/index.js
2025-08-13 10:19:31,888 - Knowledge - INFO - process ingested knowledge for /app/data/b2c/156786/b5961k4/mern-ecommerce-156786/client/app/components/Manager/OrderMeta/index.js
2025-08-13 10:19:32,007 - Knowledge - INFO - persist search terms embedding for client/app/components/Manager/EditBrand/index.js
2025-08-13 10:19:32,080 - Knowledge - INFO - process ingested knowledge for /app/data/b2c/156786/b5961k4/mern-ecommerce-156786/client/app/components/Manager/AddAddress/index.js
2025-08-13 10:19:32,257 - Knowledge - INFO - process ingested knowledge for /app/data/b2c/156786/b5961k4/mern-ecommerce-156786/client/app/components/Manager/AddMerchant/index.js
2025-08-13 10:19:32,488 - Knowledge - INFO - process ingested knowledge for /app/data/b2c/156786/b5961k4/mern-ecommerce-156786/client/app/containers/Dashboard/actions.js
2025-08-13 10:19:33,106 - Knowledge - INFO - persist search terms embedding for client/app/components/Manager/ProductList/index.js
2025-08-13 10:19:33,645 - Knowledge - INFO - persist search terms embedding for client/app/components/Manager/Support/index.js
2025-08-13 10:19:34,423 - Knowledge - INFO - persist search terms embedding for client/app/components/Manager/UserList/index.js
2025-08-13 10:19:34,907 - Knowledge - INFO - persist search terms embedding for client/app/components/Manager/WishList/index.js
2025-08-13 10:19:35,458 - Knowledge - INFO - persist search terms embedding for client/app/components/Manager/EditProduct/index.js
2025-08-13 10:19:35,571 - Knowledge - INFO - done ingest for /app/data/b2c/156786/b5961k4/mern-ecommerce-156786/client/app/containers/Authentication/reducer.js
2025-08-13 10:19:35,592 - Knowledge - INFO - done ingest for /app/data/b2c/156786/b5961k4/mern-ecommerce-156786/client/app/containers/Sell/index.js
2025-08-13 10:19:35,743 - Knowledge - INFO - process ingested knowledge for /app/data/b2c/156786/b5961k4/mern-ecommerce-156786/client/app/containers/Authentication/reducer.js
2025-08-13 10:19:35,743 - Knowledge - INFO - Found code-base-name: https://github.com/kavia-common/mern-ecommerce-156786.git:kavia-master
2025-08-13 10:19:35,829 - Knowledge - INFO - process ingested knowledge for /app/data/b2c/156786/b5961k4/mern-ecommerce-156786/client/app/containers/Sell/index.js
2025-08-13 10:19:36,029 - Knowledge - INFO - Found code_base: <app.utils.kg_build.knowledge.KnowledgeCodeBase object at 0x7fdc0fcfba90>
2025-08-13 10:19:36,163 - Knowledge - INFO - persist search terms embedding for client/app/components/Manager/Support/UserList.js
2025-08-13 10:19:36,214 - Knowledge - INFO - persist ingested knowledge for /app/data/b2c/156786/b5961k4/mern-ecommerce-156786/client/app/components/Manager/Support/AddMessage.js
2025-08-13 10:19:36,341 - Knowledge - INFO - Found code-base-name: https://github.com/kavia-common/mern-ecommerce-156786.git:kavia-master
2025-08-13 10:19:36,342 - Knowledge - INFO - worker kw22 pull /app/data/b2c/156786/b5961k4/mern-ecommerce-156786/client/app/containers/Dashboard/index.js from ingest queue
2025-08-13 10:19:36,344 - Knowledge - INFO - Found code-base-name: https://github.com/kavia-common/mern-ecommerce-156786.git:kavia-master
2025-08-13 10:19:36,344 - Knowledge - INFO - Found code-base-name: https://github.com/kavia-common/mern-ecommerce-156786.git:kavia-master
2025-08-13 10:19:36,344 - Knowledge - INFO - Found code-base-name: https://github.com/kavia-common/mern-ecommerce-156786.git:kavia-master
2025-08-13 10:19:36,344 - Knowledge - INFO - Found code-base-name: https://github.com/kavia-common/mern-ecommerce-156786.git:kavia-master
2025-08-13 10:19:36,345 - Knowledge - INFO - worker kw5 pull /app/data/b2c/156786/b5961k4/mern-ecommerce-156786/client/app/containers/Dashboard/constants.js from ingest queue
2025-08-13 10:19:36,345 - Knowledge - INFO - Found code-base-name: https://github.com/kavia-common/mern-ecommerce-156786.git:kavia-master
2025-08-13 10:19:36,345 - Knowledge - INFO - Found code-base-name: https://github.com/kavia-common/mern-ecommerce-156786.git:kavia-master
2025-08-13 10:19:36,345 - Knowledge - INFO - worker kw12 pull /app/data/b2c/156786/b5961k4/mern-ecommerce-156786/client/app/containers/Dashboard/links.json from ingest queue
2025-08-13 10:19:36,345 - Knowledge - INFO - worker kw25 pull /app/data/b2c/156786/b5961k4/mern-ecommerce-156786/client/app/containers/Navigation/reducer.js from ingest queue
2025-08-13 10:19:36,345 - Knowledge - INFO - worker kw19 pull /app/data/b2c/156786/b5961k4/mern-ecommerce-156786/client/app/containers/Authentication/actions.js from ingest queue
2025-08-13 10:19:36,345 - Knowledge - INFO - worker kw21 pull /app/data/b2c/156786/b5961k4/mern-ecommerce-156786/client/app/containers/Dashboard/reducer.js from ingest queue
2025-08-13 10:19:36,346 - Knowledge - INFO - Found code-base-name: https://github.com/kavia-common/mern-ecommerce-156786.git:kavia-master
2025-08-13 10:19:36,346 - Knowledge - INFO - worker kw13 pull /app/data/b2c/156786/b5961k4/mern-ecommerce-156786/client/app/containers/Application/actions.js from ingest queue
2025-08-13 10:19:36,346 - Knowledge - INFO - Found code-base-name: https://github.com/kavia-common/mern-ecommerce-156786.git:kavia-master
2025-08-13 10:19:36,350 - Knowledge - INFO - worker kw14 pull /app/data/b2c/156786/b5961k4/mern-ecommerce-156786/client/app/containers/MerchantSignup/index.js from ingest queue
2025-08-13 10:19:36,350 - Knowledge - INFO - worker kw4 pull /app/data/b2c/156786/b5961k4/mern-ecommerce-156786/client/app/containers/Application/index.js from ingest queue
2025-08-13 10:19:36,352 - Knowledge - INFO - Found code-base-name: https://github.com/kavia-common/mern-ecommerce-156786.git:kavia-master
2025-08-13 10:19:36,354 - Knowledge - INFO - worker kw9 pull /app/data/b2c/156786/b5961k4/mern-ecommerce-156786/client/app/containers/CategoryShop/index.js from ingest queue
2025-08-13 10:19:36,354 - Knowledge - INFO - Found code-base-name: https://github.com/kavia-common/mern-ecommerce-156786.git:kavia-master
2025-08-13 10:19:36,519 - Knowledge - INFO - Found code_base: <app.utils.kg_build.knowledge.KnowledgeCodeBase object at 0x7fdc0fcfba90>
2025-08-13 10:19:36,633 - Knowledge - INFO - Thread kw22 - File index.js - Remaining files in queue: 125
2025-08-13 10:19:36,728 - Knowledge - INFO - Found code_base: <app.utils.kg_build.knowledge.KnowledgeCodeBase object at 0x7fdc0fcfba90>
2025-08-13 10:19:36,834 - Knowledge - INFO - persist search terms embedding for client/app/components/Manager/Support/AddMessage.js
2025-08-13 10:19:36,856 - Knowledge - INFO - Found code_base: <app.utils.kg_build.knowledge.KnowledgeCodeBase object at 0x7fdc0fcfba90>
2025-08-13 10:19:36,982 - Knowledge - INFO - Found code_base: <app.utils.kg_build.knowledge.KnowledgeCodeBase object at 0x7fdc0fcfba90>
2025-08-13 10:19:37,064 - Knowledge - INFO - Found code_base: <app.utils.kg_build.knowledge.KnowledgeCodeBase object at 0x7fdc0fcfba90>
2025-08-13 10:19:37,203 - Knowledge - INFO - Thread kw5 - File constants.js - Remaining files in queue: 125
2025-08-13 10:19:37,333 - Knowledge - INFO - Found code_base: <app.utils.kg_build.knowledge.KnowledgeCodeBase object at 0x7fdc0fcfba90>
2025-08-13 10:19:37,441 - Knowledge - INFO - Found code_base: <app.utils.kg_build.knowledge.KnowledgeCodeBase object at 0x7fdc0fcfba90>
2025-08-13 10:19:37,549 - Knowledge - INFO - Thread kw12 - File links.json - Remaining files in queue: 125
2025-08-13 10:19:37,655 - Knowledge - INFO - Thread kw25 - File reducer.js - Remaining files in queue: 125
2025-08-13 10:19:37,776 - Knowledge - INFO - Thread kw19 - File actions.js - Remaining files in queue: 125
2025-08-13 10:19:37,900 - Knowledge - INFO - Thread kw21 - File reducer.js - Remaining files in queue: 125
2025-08-13 10:19:37,978 - Knowledge - INFO - Found code_base: <app.utils.kg_build.knowledge.KnowledgeCodeBase object at 0x7fdc0fcfba90>
2025-08-13 10:19:38,049 - Knowledge - INFO - Thread kw13 - File actions.js - Remaining files in queue: 125
2025-08-13 10:19:38,136 - Knowledge - INFO - Found code_base: <app.utils.kg_build.knowledge.KnowledgeCodeBase object at 0x7fdc0fcfba90>
2025-08-13 10:19:38,253 - Knowledge - INFO - Thread kw14 - File index.js - Remaining files in queue: 125
2025-08-13 10:19:38,352 - Knowledge - INFO - Thread kw4 - File index.js - Remaining files in queue: 125
2025-08-13 10:19:38,449 - Knowledge - INFO - Found code_base: <app.utils.kg_build.knowledge.KnowledgeCodeBase object at 0x7fdc0fcfba90>
2025-08-13 10:19:38,530 - Knowledge - INFO - Thread kw9 - File index.js - Remaining files in queue: 125
2025-08-13 10:19:38,636 - Knowledge - INFO - Found code_base: <app.utils.kg_build.knowledge.KnowledgeCodeBase object at 0x7fdc0fcfba90>
2025-08-13 10:19:38,713 - Knowledge - INFO - persist ingested knowledge for /app/data/b2c/156786/b5961k4/mern-ecommerce-156786/client/app/components/Manager/AddCategory/index.js
2025-08-13 10:19:38,824 - Knowledge - INFO - start ingest for /app/data/b2c/156786/b5961k4/mern-ecommerce-156786/client/app/containers/Dashboard/index.js
2025-08-13 10:19:38,952 - Knowledge - INFO - persist ingested knowledge for /app/data/b2c/156786/b5961k4/mern-ecommerce-156786/client/app/components/Manager/UserRole/index.js
2025-08-13 10:19:39,043 - Knowledge - INFO - done ingest for /app/data/b2c/156786/b5961k4/mern-ecommerce-156786/client/app/containers/Authentication/index.js
2025-08-13 10:19:39,092 - Knowledge - INFO - worker kw11 pull /app/data/b2c/156786/b5961k4/mern-ecommerce-156786/client/app/containers/Application/constants.js from ingest queue
2025-08-13 10:19:39,178 - Knowledge - INFO - persist ingested knowledge for /app/data/b2c/156786/b5961k4/mern-ecommerce-156786/client/app/components/Manager/SubPage/index.js
2025-08-13 10:19:39,302 - Knowledge - INFO - persist ingested knowledge for /app/data/b2c/156786/b5961k4/mern-ecommerce-156786/client/app/components/Manager/AccountDetails/index.js
2025-08-13 10:19:39,416 - Knowledge - INFO - persist ingested knowledge for /app/data/b2c/156786/b5961k4/mern-ecommerce-156786/client/app/components/Manager/OrderMeta/index.js
2025-08-13 10:19:39,521 - Knowledge - INFO - start ingest for /app/data/b2c/156786/b5961k4/mern-ecommerce-156786/client/app/containers/Dashboard/constants.js
2025-08-13 10:19:39,588 - Knowledge - INFO - persist ingested knowledge for /app/data/b2c/156786/b5961k4/mern-ecommerce-156786/client/app/components/Manager/AddAddress/index.js
2025-08-13 10:19:39,676 - Knowledge - INFO - persist ingested knowledge for /app/data/b2c/156786/b5961k4/mern-ecommerce-156786/client/app/containers/Dashboard/actions.js
2025-08-13 10:19:39,790 - Knowledge - INFO - start ingest for /app/data/b2c/156786/b5961k4/mern-ecommerce-156786/client/app/containers/Dashboard/links.json
2025-08-13 10:19:39,906 - Knowledge - INFO - start ingest for /app/data/b2c/156786/b5961k4/mern-ecommerce-156786/client/app/containers/Navigation/reducer.js
2025-08-13 10:19:40,031 - Knowledge - INFO - start ingest for /app/data/b2c/156786/b5961k4/mern-ecommerce-156786/client/app/containers/Authentication/actions.js
2025-08-13 10:19:40,112 - Knowledge - INFO - start ingest for /app/data/b2c/156786/b5961k4/mern-ecommerce-156786/client/app/containers/Dashboard/reducer.js
2025-08-13 10:19:40,207 - Knowledge - INFO - persist ingested knowledge for /app/data/b2c/156786/b5961k4/mern-ecommerce-156786/client/app/containers/Authentication/reducer.js
2025-08-13 10:19:40,290 - Knowledge - INFO - start ingest for /app/data/b2c/156786/b5961k4/mern-ecommerce-156786/client/app/containers/Application/actions.js
2025-08-13 10:19:40,374 - Knowledge - INFO - persist ingested knowledge for /app/data/b2c/156786/b5961k4/mern-ecommerce-156786/client/app/components/Manager/BrandList/index.js
2025-08-13 10:19:40,499 - Knowledge - INFO - start ingest for /app/data/b2c/156786/b5961k4/mern-ecommerce-156786/client/app/containers/MerchantSignup/index.js
2025-08-13 10:19:40,591 - Knowledge - INFO - start ingest for /app/data/b2c/156786/b5961k4/mern-ecommerce-156786/client/app/containers/Application/index.js
2025-08-13 10:19:40,706 - Knowledge - INFO - persist ingested knowledge for /app/data/b2c/156786/b5961k4/mern-ecommerce-156786/client/app/containers/Sell/index.js
2025-08-13 10:19:40,766 - Knowledge - INFO - done ingest for /app/data/b2c/156786/b5961k4/mern-ecommerce-156786/client/app/containers/Navigation/actions.js
2025-08-13 10:19:40,816 - Knowledge - INFO - start ingest for /app/data/b2c/156786/b5961k4/mern-ecommerce-156786/client/app/containers/CategoryShop/index.js
2025-08-13 10:19:40,894 - Knowledge - INFO - persist ingested knowledge for /app/data/b2c/156786/b5961k4/mern-ecommerce-156786/client/app/components/Manager/AddMerchant/index.js
2025-08-13 10:19:41,289 - Knowledge - INFO - process ingested knowledge for /app/data/b2c/156786/b5961k4/mern-ecommerce-156786/client/app/containers/Authentication/index.js
2025-08-13 10:19:41,341 - Knowledge - INFO - persist search terms embedding for client/app/components/Manager/AddCategory/index.js
2025-08-13 10:19:41,392 - Knowledge - INFO - Thread kw11 - File constants.js - Remaining files in queue: 124
2025-08-13 10:19:41,758 - Knowledge - INFO - Fast-track processing for simple file: /app/data/b2c/156786/b5961k4/mern-ecommerce-156786/client/app/containers/Dashboard/constants.js
2025-08-13 10:19:42,060 - Knowledge - INFO - Fast-track processing for simple file: /app/data/b2c/156786/b5961k4/mern-ecommerce-156786/client/app/containers/Dashboard/links.json
2025-08-13 10:19:42,275 - Knowledge - INFO - Fast-track processing for simple file: /app/data/b2c/156786/b5961k4/mern-ecommerce-156786/client/app/containers/Authentication/actions.js
2025-08-13 10:19:42,373 - Knowledge - INFO - Fast-track processing for simple file: /app/data/b2c/156786/b5961k4/mern-ecommerce-156786/client/app/containers/Dashboard/reducer.js
2025-08-13 10:19:42,547 - Knowledge - INFO - Fast-track processing for simple file: /app/data/b2c/156786/b5961k4/mern-ecommerce-156786/client/app/containers/Application/actions.js
2025-08-13 10:19:43,071 - Knowledge - INFO - process ingested knowledge for /app/data/b2c/156786/b5961k4/mern-ecommerce-156786/client/app/containers/Navigation/actions.js
2025-08-13 10:19:43,540 - Knowledge - INFO - start ingest for /app/data/b2c/156786/b5961k4/mern-ecommerce-156786/client/app/containers/Application/constants.js
2025-08-13 10:19:43,657 - Knowledge - INFO - done fast ingest for /app/data/b2c/156786/b5961k4/mern-ecommerce-156786/client/app/containers/Dashboard/constants.js
2025-08-13 10:19:43,768 - Knowledge - INFO - done fast ingest for /app/data/b2c/156786/b5961k4/mern-ecommerce-156786/client/app/containers/Dashboard/links.json
2025-08-13 10:19:43,884 - Knowledge - INFO - done fast ingest for /app/data/b2c/156786/b5961k4/mern-ecommerce-156786/client/app/containers/Authentication/actions.js
2025-08-13 10:19:43,907 - Knowledge - INFO - persist search terms embedding for client/app/components/Manager/UserRole/index.js
2025-08-13 10:19:43,966 - Knowledge - INFO - done fast ingest for /app/data/b2c/156786/b5961k4/mern-ecommerce-156786/client/app/containers/Dashboard/reducer.js
2025-08-13 10:19:44,077 - Knowledge - INFO - done fast ingest for /app/data/b2c/156786/b5961k4/mern-ecommerce-156786/client/app/containers/Application/actions.js
2025-08-13 10:19:44,401 - Knowledge - INFO - done ingest for /app/data/b2c/156786/b5961k4/mern-ecommerce-156786/client/app/containers/Navigation/index.js
2025-08-13 10:19:44,402 - Knowledge - INFO - Fast-track processing for simple file: /app/data/b2c/156786/b5961k4/mern-ecommerce-156786/client/app/containers/Application/constants.js
2025-08-13 10:19:45,146 - Knowledge - INFO - done fast ingest for /app/data/b2c/156786/b5961k4/mern-ecommerce-156786/client/app/containers/Application/constants.js
2025-08-13 10:19:44,528 - Knowledge - INFO - process ingested knowledge for /app/data/b2c/156786/b5961k4/mern-ecommerce-156786/client/app/containers/Dashboard/links.json
2025-08-13 10:19:44,657 - Knowledge - INFO - process ingested knowledge for /app/data/b2c/156786/b5961k4/mern-ecommerce-156786/client/app/containers/Authentication/actions.js
2025-08-13 10:19:44,862 - Knowledge - INFO - process ingested knowledge for /app/data/b2c/156786/b5961k4/mern-ecommerce-156786/client/app/containers/Dashboard/reducer.js
2025-08-13 10:19:44,969 - Knowledge - INFO - process ingested knowledge for /app/data/b2c/156786/b5961k4/mern-ecommerce-156786/client/app/containers/Application/actions.js
2025-08-13 10:19:45,086 - Knowledge - INFO - process ingested knowledge for /app/data/b2c/156786/b5961k4/mern-ecommerce-156786/client/app/containers/Navigation/index.js
2025-08-13 10:19:44,480 - Knowledge - INFO - process ingested knowledge for /app/data/b2c/156786/b5961k4/mern-ecommerce-156786/client/app/containers/Dashboard/constants.js
2025-08-13 10:19:45,259 - Knowledge - INFO - process ingested knowledge for /app/data/b2c/156786/b5961k4/mern-ecommerce-156786/client/app/containers/Application/constants.js
2025-08-13 10:19:45,384 - Knowledge - INFO - persist search terms embedding for client/app/components/Manager/SubPage/index.js
2025-08-13 10:19:46,298 - Knowledge - INFO - done ingest for /app/data/b2c/156786/b5961k4/mern-ecommerce-156786/client/app/containers/Navigation/reducer.js
2025-08-13 10:19:46,448 - Knowledge - INFO - process ingested knowledge for /app/data/b2c/156786/b5961k4/mern-ecommerce-156786/client/app/containers/Navigation/reducer.js
2025-08-13 10:19:46,903 - Knowledge - INFO - persist search terms embedding for client/app/components/Manager/AccountDetails/index.js
2025-08-13 10:19:47,430 - Knowledge - INFO - persist search terms embedding for client/app/components/Manager/OrderMeta/index.js
2025-08-13 10:19:47,716 - Knowledge - INFO - done ingest for /app/data/b2c/156786/b5961k4/mern-ecommerce-156786/client/app/containers/Dashboard/index.js
2025-08-13 10:19:47,856 - Knowledge - INFO - process ingested knowledge for /app/data/b2c/156786/b5961k4/mern-ecommerce-156786/client/app/containers/Dashboard/index.js
2025-08-13 10:19:48,019 - Knowledge - INFO - persist search terms embedding for client/app/components/Manager/AddAddress/index.js
2025-08-13 10:19:48,657 - Knowledge - INFO - persist search terms embedding for client/app/containers/Authentication/reducer.js
2025-08-13 10:19:49,440 - Knowledge - INFO - persist search terms embedding for client/app/components/Manager/BrandList/index.js
2025-08-13 10:19:50,009 - Knowledge - INFO - persist search terms embedding for client/app/containers/Sell/index.js
2025-08-13 10:19:50,113 - Knowledge - INFO - worker kw3 pull /app/data/b2c/156786/b5961k4/mern-ecommerce-156786/client/app/containers/BrandsShop/index.js from ingest queue
2025-08-13 10:19:50,113 - Knowledge - INFO - Found code-base-name: https://github.com/kavia-common/mern-ecommerce-156786.git:kavia-master
2025-08-13 10:19:50,114 - Knowledge - INFO - Found code-base-name: https://github.com/kavia-common/mern-ecommerce-156786.git:kavia-master
2025-08-13 10:19:50,410 - Knowledge - INFO - Found code_base: <app.utils.kg_build.knowledge.KnowledgeCodeBase object at 0x7fdc0fcfba90>
2025-08-13 10:19:50,115 - Knowledge - INFO - Found code-base-name: https://github.com/kavia-common/mern-ecommerce-156786.git:kavia-master
2025-08-13 10:19:50,115 - Knowledge - INFO - Found code-base-name: https://github.com/kavia-common/mern-ecommerce-156786.git:kavia-master
2025-08-13 10:19:50,115 - Knowledge - INFO - Found code-base-name: https://github.com/kavia-common/mern-ecommerce-156786.git:kavia-master
2025-08-13 10:19:50,116 - Knowledge - INFO - Found code-base-name: https://github.com/kavia-common/mern-ecommerce-156786.git:kavia-master
2025-08-13 10:19:50,116 - Knowledge - INFO - Found code-base-name: https://github.com/kavia-common/mern-ecommerce-156786.git:kavia-master
2025-08-13 10:19:50,116 - Knowledge - INFO - Found code-base-name: https://github.com/kavia-common/mern-ecommerce-156786.git:kavia-master
2025-08-13 10:19:50,116 - Knowledge - INFO - worker kw6 pull /app/data/b2c/156786/b5961k4/mern-ecommerce-156786/client/app/containers/Contact/constants.js from ingest queue
2025-08-13 10:19:50,116 - Knowledge - INFO - Found code-base-name: https://github.com/kavia-common/mern-ecommerce-156786.git:kavia-master
2025-08-13 10:19:50,116 - Knowledge - INFO - worker kw7 pull /app/data/b2c/156786/b5961k4/mern-ecommerce-156786/client/app/containers/Contact/actions.js from ingest queue
2025-08-13 10:19:50,117 - Knowledge - INFO - Found code-base-name: https://github.com/kavia-common/mern-ecommerce-156786.git:kavia-master
2025-08-13 10:19:50,117 - Knowledge - INFO - worker kw17 pull /app/data/b2c/156786/b5961k4/mern-ecommerce-156786/client/app/containers/ForgotPassword/index.js from ingest queue
2025-08-13 10:19:50,117 - Knowledge - INFO - worker kw8 pull /app/data/b2c/156786/b5961k4/mern-ecommerce-156786/client/app/containers/Application/reducer.js from ingest queue
2025-08-13 10:19:50,117 - Knowledge - INFO - worker kw20 pull /app/data/b2c/156786/b5961k4/mern-ecommerce-156786/client/app/containers/ForgotPassword/constants.js from ingest queue
2025-08-13 10:19:52,059 - Knowledge - INFO - Thread kw20 - File constants.js - Remaining files in queue: 116
2025-08-13 10:19:50,117 - Knowledge - INFO - worker kw2 pull /app/data/b2c/156786/b5961k4/mern-ecommerce-156786/client/app/containers/Order/actions.js from ingest queue
2025-08-13 10:19:50,214 - Knowledge - INFO - Thread kw3 - File index.js - Remaining files in queue: 116
2025-08-13 10:19:50,321 - Knowledge - INFO - Found code_base: <app.utils.kg_build.knowledge.KnowledgeCodeBase object at 0x7fdc0fcfba90>
2025-08-13 10:19:50,115 - Knowledge - INFO - worker kw10 pull /app/data/b2c/156786/b5961k4/mern-ecommerce-156786/client/app/containers/ForgotPassword/actions.js from ingest queue
2025-08-13 10:19:50,525 - Knowledge - INFO - persist ingested knowledge for /app/data/b2c/156786/b5961k4/mern-ecommerce-156786/client/app/containers/Navigation/actions.js
2025-08-13 10:19:50,540 - Knowledge - INFO - persist search terms embedding for client/app/components/Manager/AddMerchant/index.js
2025-08-13 10:19:50,643 - Knowledge - INFO - Found code_base: <app.utils.kg_build.knowledge.KnowledgeCodeBase object at 0x7fdc0fcfba90>
2025-08-13 10:19:50,776 - Knowledge - INFO - Found code_base: <app.utils.kg_build.knowledge.KnowledgeCodeBase object at 0x7fdc0fcfba90>
2025-08-13 10:19:50,887 - Knowledge - INFO - Found code_base: <app.utils.kg_build.knowledge.KnowledgeCodeBase object at 0x7fdc0fcfba90>
2025-08-13 10:19:50,978 - Knowledge - INFO - Found code_base: <app.utils.kg_build.knowledge.KnowledgeCodeBase object at 0x7fdc0fcfba90>
2025-08-13 10:19:51,104 - Knowledge - INFO - Found code_base: <app.utils.kg_build.knowledge.KnowledgeCodeBase object at 0x7fdc0fcfba90>
2025-08-13 10:19:51,238 - Knowledge - INFO - done ingest for /app/data/b2c/156786/b5961k4/mern-ecommerce-156786/client/app/containers/MerchantSignup/index.js
2025-08-13 10:19:51,264 - Knowledge - INFO - Found code_base: <app.utils.kg_build.knowledge.KnowledgeCodeBase object at 0x7fdc0fcfba90>
2025-08-13 10:19:51,398 - Knowledge - INFO - Thread kw6 - File constants.js - Remaining files in queue: 116
2025-08-13 10:19:51,525 - Knowledge - INFO - Found code_base: <app.utils.kg_build.knowledge.KnowledgeCodeBase object at 0x7fdc0fcfba90>
2025-08-13 10:19:51,647 - Knowledge - INFO - Thread kw7 - File actions.js - Remaining files in queue: 116
2025-08-13 10:19:51,767 - Knowledge - INFO - Found code_base: <app.utils.kg_build.knowledge.KnowledgeCodeBase object at 0x7fdc0fcfba90>
2025-08-13 10:19:51,850 - Knowledge - INFO - Thread kw17 - File index.js - Remaining files in queue: 116
2025-08-13 10:19:51,963 - Knowledge - INFO - Thread kw8 - File reducer.js - Remaining files in queue: 116
2025-08-13 10:19:51,986 - Knowledge - INFO - done ingest for /app/data/b2c/156786/b5961k4/mern-ecommerce-156786/client/app/containers/CategoryShop/index.js
2025-08-13 10:19:50,117 - Knowledge - INFO - Found code-base-name: https://github.com/kavia-common/mern-ecommerce-156786.git:kavia-master
2025-08-13 10:19:52,173 - Knowledge - INFO - start ingest for /app/data/b2c/156786/b5961k4/mern-ecommerce-156786/client/app/containers/ForgotPassword/constants.js
2025-08-13 10:19:52,271 - Knowledge - INFO - Thread kw2 - File actions.js - Remaining files in queue: 116
2025-08-13 10:19:52,357 - Knowledge - INFO - start ingest for /app/data/b2c/156786/b5961k4/mern-ecommerce-156786/client/app/containers/BrandsShop/index.js
2025-08-13 10:19:52,448 - Knowledge - INFO - persist ingested knowledge for /app/data/b2c/156786/b5961k4/mern-ecommerce-156786/client/app/containers/Authentication/index.js
2025-08-13 10:19:52,558 - Knowledge - INFO - Thread kw10 - File actions.js - Remaining files in queue: 116
2025-08-13 10:19:52,734 - Knowledge - INFO - worker kw23 pull /app/data/b2c/156786/b5961k4/mern-ecommerce-156786/client/app/containers/Order/Customer.js from ingest queue
2025-08-13 10:19:52,736 - Knowledge - INFO - worker kw15 pull /app/data/b2c/156786/b5961k4/mern-ecommerce-156786/client/app/containers/Contact/index.js from ingest queue
2025-08-13 10:19:52,737 - Knowledge - INFO - worker kw24 pull /app/data/b2c/156786/b5961k4/mern-ecommerce-156786/client/app/containers/ForgotPassword/reducer.js from ingest queue
2025-08-13 10:19:52,819 - Knowledge - INFO - persist ingested knowledge for /app/data/b2c/156786/b5961k4/mern-ecommerce-156786/client/app/containers/Dashboard/links.json
2025-08-13 10:19:52,950 - Knowledge - INFO - persist ingested knowledge for /app/data/b2c/156786/b5961k4/mern-ecommerce-156786/client/app/containers/Dashboard/reducer.js
2025-08-13 10:19:53,076 - Knowledge - INFO - persist ingested knowledge for /app/data/b2c/156786/b5961k4/mern-ecommerce-156786/client/app/containers/Application/actions.js
2025-08-13 10:19:53,138 - Knowledge - INFO - persist search terms embedding for client/app/containers/Navigation/actions.js
2025-08-13 10:19:53,187 - Knowledge - INFO - persist ingested knowledge for /app/data/b2c/156786/b5961k4/mern-ecommerce-156786/client/app/containers/Navigation/index.js
2025-08-13 10:19:53,299 - Knowledge - INFO - persist ingested knowledge for /app/data/b2c/156786/b5961k4/mern-ecommerce-156786/client/app/containers/Dashboard/constants.js
2025-08-13 10:19:53,401 - Knowledge - INFO - process ingested knowledge for /app/data/b2c/156786/b5961k4/mern-ecommerce-156786/client/app/containers/MerchantSignup/index.js
2025-08-13 10:19:53,500 - Knowledge - INFO - persist ingested knowledge for /app/data/b2c/156786/b5961k4/mern-ecommerce-156786/client/app/containers/Application/constants.js
2025-08-13 10:19:53,616 - Knowledge - INFO - start ingest for /app/data/b2c/156786/b5961k4/mern-ecommerce-156786/client/app/containers/Contact/constants.js
2025-08-13 10:19:53,732 - Knowledge - INFO - persist ingested knowledge for /app/data/b2c/156786/b5961k4/mern-ecommerce-156786/client/app/containers/Navigation/reducer.js
2025-08-13 10:19:53,851 - Knowledge - INFO - start ingest for /app/data/b2c/156786/b5961k4/mern-ecommerce-156786/client/app/containers/Contact/actions.js
2025-08-13 10:19:53,946 - Knowledge - INFO - persist ingested knowledge for /app/data/b2c/156786/b5961k4/mern-ecommerce-156786/client/app/containers/Dashboard/index.js
2025-08-13 10:19:54,036 - Knowledge - INFO - start ingest for /app/data/b2c/156786/b5961k4/mern-ecommerce-156786/client/app/containers/ForgotPassword/index.js
2025-08-13 10:19:54,117 - Knowledge - INFO - start ingest for /app/data/b2c/156786/b5961k4/mern-ecommerce-156786/client/app/containers/Application/reducer.js
2025-08-13 10:19:54,232 - Knowledge - INFO - process ingested knowledge for /app/data/b2c/156786/b5961k4/mern-ecommerce-156786/client/app/containers/CategoryShop/index.js
2025-08-13 10:19:54,296 - Knowledge - INFO - Found code_base: <app.utils.kg_build.knowledge.KnowledgeCodeBase object at 0x7fdc0fcfba90>
2025-08-13 10:19:54,391 - Knowledge - INFO - Fast-track processing for simple file: /app/data/b2c/156786/b5961k4/mern-ecommerce-156786/client/app/containers/ForgotPassword/constants.js
2025-08-13 10:19:54,504 - Knowledge - INFO - start ingest for /app/data/b2c/156786/b5961k4/mern-ecommerce-156786/client/app/containers/Order/actions.js
2025-08-13 10:19:54,819 - Knowledge - INFO - start ingest for /app/data/b2c/156786/b5961k4/mern-ecommerce-156786/client/app/containers/ForgotPassword/actions.js
2025-08-13 10:19:54,908 - Knowledge - INFO - Thread kw23 - File Customer.js - Remaining files in queue: 113
2025-08-13 10:19:55,010 - Knowledge - INFO - Thread kw15 - File index.js - Remaining files in queue: 113
2025-08-13 10:19:55,098 - Knowledge - INFO - Thread kw24 - File reducer.js - Remaining files in queue: 113
2025-08-13 10:19:55,854 - Knowledge - INFO - persist search terms embedding for client/app/containers/Authentication/index.js
2025-08-13 10:19:55,976 - Knowledge - INFO - Fast-track processing for simple file: /app/data/b2c/156786/b5961k4/mern-ecommerce-156786/client/app/containers/Contact/constants.js
2025-08-13 10:19:56,249 - Knowledge - INFO - done ingest for /app/data/b2c/156786/b5961k4/mern-ecommerce-156786/client/app/containers/Application/index.js
2025-08-13 10:19:56,555 - Knowledge - INFO - Fast-track processing for simple file: /app/data/b2c/156786/b5961k4/mern-ecommerce-156786/client/app/containers/Application/reducer.js
2025-08-13 10:19:56,729 - Knowledge - INFO - persist ingested knowledge for /app/data/b2c/156786/b5961k4/mern-ecommerce-156786/client/app/containers/Authentication/actions.js
2025-08-13 10:19:56,820 - Knowledge - INFO - done fast ingest for /app/data/b2c/156786/b5961k4/mern-ecommerce-156786/client/app/containers/ForgotPassword/constants.js
2025-08-13 10:19:57,167 - Knowledge - INFO - start ingest for /app/data/b2c/156786/b5961k4/mern-ecommerce-156786/client/app/containers/Order/Customer.js
2025-08-13 10:19:57,270 - Knowledge - INFO - start ingest for /app/data/b2c/156786/b5961k4/mern-ecommerce-156786/client/app/containers/Contact/index.js
2025-08-13 10:19:57,391 - Knowledge - INFO - start ingest for /app/data/b2c/156786/b5961k4/mern-ecommerce-156786/client/app/containers/ForgotPassword/reducer.js
2025-08-13 10:19:57,572 - Knowledge - INFO - done fast ingest for /app/data/b2c/156786/b5961k4/mern-ecommerce-156786/client/app/containers/Contact/constants.js
2025-08-13 10:19:57,687 - Knowledge - INFO - process ingested knowledge for /app/data/b2c/156786/b5961k4/mern-ecommerce-156786/client/app/containers/Application/index.js
2025-08-13 10:19:57,783 - Knowledge - INFO - worker kw1 pull /app/data/b2c/156786/b5961k4/mern-ecommerce-156786/client/app/containers/Merchant/reducer.js from ingest queue
2025-08-13 10:19:58,515 - Knowledge - INFO - Thread kw1 - File reducer.js - Remaining files in queue: 112
2025-08-13 10:19:57,976 - Knowledge - INFO - process ingested knowledge for /app/data/b2c/156786/b5961k4/mern-ecommerce-156786/client/app/containers/ForgotPassword/constants.js
2025-08-13 10:19:58,096 - Knowledge - INFO - persist search terms embedding for client/app/containers/Navigation/index.js
2025-08-13 10:19:58,320 - Knowledge - INFO - process ingested knowledge for /app/data/b2c/156786/b5961k4/mern-ecommerce-156786/client/app/containers/Contact/constants.js
2025-08-13 10:19:57,788 - Knowledge - INFO - done fast ingest for /app/data/b2c/156786/b5961k4/mern-ecommerce-156786/client/app/containers/Application/reducer.js
2025-08-13 10:19:58,631 - Knowledge - INFO - start ingest for /app/data/b2c/156786/b5961k4/mern-ecommerce-156786/client/app/containers/Merchant/reducer.js
2025-08-13 10:19:58,803 - Knowledge - INFO - Found code-base-name: https://github.com/kavia-common/mern-ecommerce-156786.git:kavia-master
2025-08-13 10:19:59,104 - Knowledge - INFO - process ingested knowledge for /app/data/b2c/156786/b5961k4/mern-ecommerce-156786/client/app/containers/Application/reducer.js
2025-08-13 10:19:59,274 - Knowledge - INFO - Found code_base: <app.utils.kg_build.knowledge.KnowledgeCodeBase object at 0x7fdc0fcfba90>
2025-08-13 10:19:59,353 - Knowledge - INFO - persist search terms embedding for client/app/containers/Navigation/reducer.js
2025-08-13 10:19:59,504 - Knowledge - INFO - persist ingested knowledge for /app/data/b2c/156786/b5961k4/mern-ecommerce-156786/client/app/containers/MerchantSignup/index.js
2025-08-13 10:20:00,365 - Knowledge - INFO - persist search terms embedding for client/app/containers/Dashboard/index.js
2025-08-13 10:20:00,483 - Knowledge - INFO - Found code-base-name: https://github.com/kavia-common/mern-ecommerce-156786.git:kavia-master
2025-08-13 10:20:00,484 - Knowledge - INFO - worker kw18 pull /app/data/b2c/156786/b5961k4/mern-ecommerce-156786/client/app/containers/Order/constants.js from ingest queue
2025-08-13 10:20:00,485 - Knowledge - INFO - worker kw12 pull /app/data/b2c/156786/b5961k4/mern-ecommerce-156786/client/app/containers/Merchant/Add.js from ingest queue
2025-08-13 10:20:00,567 - Knowledge - INFO - Found code_base: <app.utils.kg_build.knowledge.KnowledgeCodeBase object at 0x7fdc0fcfba90>
2025-08-13 10:20:00,700 - Knowledge - INFO - Thread kw18 - File constants.js - Remaining files in queue: 110
2025-08-13 10:20:00,710 - Knowledge - INFO - worker kw19 pull /app/data/b2c/156786/b5961k4/mern-ecommerce-156786/client/app/containers/Order/List.js from ingest queue
2025-08-13 10:20:01,131 - Knowledge - INFO - Thread kw19 - File List.js - Remaining files in queue: 102
2025-08-13 10:20:00,711 - Knowledge - INFO - Found code-base-name: https://github.com/kavia-common/mern-ecommerce-156786.git:kavia-master
2025-08-13 10:20:00,711 - Knowledge - INFO - Found code-base-name: https://github.com/kavia-common/mern-ecommerce-156786.git:kavia-master
2025-08-13 10:20:00,711 - Knowledge - INFO - worker kw25 pull /app/data/b2c/156786/b5961k4/mern-ecommerce-156786/client/app/containers/Merchant/index.js from ingest queue
2025-08-13 10:20:00,711 - Knowledge - INFO - worker kw22 pull /app/data/b2c/156786/b5961k4/mern-ecommerce-156786/client/app/containers/Merchant/List.js from ingest queue
2025-08-13 10:20:00,711 - Knowledge - INFO - worker kw13 pull /app/data/b2c/156786/b5961k4/mern-ecommerce-156786/client/app/containers/Order/reducer.js from ingest queue
2025-08-13 10:20:00,712 - Knowledge - INFO - Found code-base-name: https://github.com/kavia-common/mern-ecommerce-156786.git:kavia-master
2025-08-13 10:20:00,712 - Knowledge - INFO - worker kw11 pull /app/data/b2c/156786/b5961k4/mern-ecommerce-156786/client/app/containers/Contact/reducer.js from ingest queue
2025-08-13 10:20:00,712 - Knowledge - INFO - worker kw16 pull /app/data/b2c/156786/b5961k4/mern-ecommerce-156786/client/app/containers/Users/reducer.js from ingest queue
2025-08-13 10:20:02,217 - Knowledge - INFO - Thread kw16 - File reducer.js - Remaining files in queue: 102
2025-08-13 10:20:00,712 - Knowledge - INFO - worker kw21 pull /app/data/b2c/156786/b5961k4/mern-ecommerce-156786/client/app/containers/Users/index.js from ingest queue
2025-08-13 10:20:02,440 - Knowledge - INFO - Thread kw21 - File index.js - Remaining files in queue: 102
2025-08-13 10:20:00,891 - Knowledge - INFO - persist ingested knowledge for /app/data/b2c/156786/b5961k4/mern-ecommerce-156786/client/app/containers/CategoryShop/index.js
2025-08-13 10:20:01,006 - Knowledge - INFO - start ingest for /app/data/b2c/156786/b5961k4/mern-ecommerce-156786/client/app/containers/Order/constants.js
2025-08-13 10:20:01,079 - Knowledge - INFO - persist search terms embedding for client/app/containers/MerchantSignup/index.js
2025-08-13 10:20:00,711 - Knowledge - INFO - Found code-base-name: https://github.com/kavia-common/mern-ecommerce-156786.git:kavia-master
2025-08-13 10:20:01,256 - Knowledge - INFO - start ingest for /app/data/b2c/156786/b5961k4/mern-ecommerce-156786/client/app/containers/Order/List.js
2025-08-13 10:20:01,353 - Knowledge - INFO - Found code_base: <app.utils.kg_build.knowledge.KnowledgeCodeBase object at 0x7fdc0fcfba90>
2025-08-13 10:20:01,449 - Knowledge - INFO - Found code_base: <app.utils.kg_build.knowledge.KnowledgeCodeBase object at 0x7fdc0fcfba90>
2025-08-13 10:20:03,336 - Knowledge - INFO - persist ingested knowledge for /app/data/b2c/156786/b5961k4/mern-ecommerce-156786/client/app/containers/Application/reducer.js
2025-08-13 10:20:01,735 - Knowledge - INFO - Thread kw22 - File List.js - Remaining files in queue: 102
2025-08-13 10:20:01,859 - Knowledge - INFO - done ingest for /app/data/b2c/156786/b5961k4/mern-ecommerce-156786/client/app/containers/BrandsShop/index.js
2025-08-13 10:20:01,919 - Knowledge - INFO - Thread kw13 - File reducer.js - Remaining files in queue: 102
2025-08-13 10:20:02,018 - Knowledge - INFO - Found code_base: <app.utils.kg_build.knowledge.KnowledgeCodeBase object at 0x7fdc0fcfba90>
2025-08-13 10:20:02,122 - Knowledge - INFO - Thread kw11 - File reducer.js - Remaining files in queue: 102
2025-08-13 10:20:00,712 - Knowledge - INFO - worker kw5 pull /app/data/b2c/156786/b5961k4/mern-ecommerce-156786/client/app/containers/Order/index.js from ingest queue
2025-08-13 10:20:02,320 - Knowledge - INFO - start ingest for /app/data/b2c/156786/b5961k4/mern-ecommerce-156786/client/app/containers/Users/reducer.js
2025-08-13 10:20:00,800 - Knowledge - INFO - Thread kw12 - File Add.js - Remaining files in queue: 102
2025-08-13 10:20:02,526 - Knowledge - INFO - start ingest for /app/data/b2c/156786/b5961k4/mern-ecommerce-156786/client/app/containers/Users/index.js
2025-08-13 10:20:02,747 - Knowledge - INFO - Fast-track processing for simple file: /app/data/b2c/156786/b5961k4/mern-ecommerce-156786/client/app/containers/Order/constants.js
2025-08-13 10:20:02,957 - Knowledge - INFO - Found code_base: <app.utils.kg_build.knowledge.KnowledgeCodeBase object at 0x7fdc0fcfba90>
2025-08-13 10:20:03,180 - Knowledge - INFO - persist ingested knowledge for /app/data/b2c/156786/b5961k4/mern-ecommerce-156786/client/app/containers/Contact/constants.js
2025-08-13 10:20:01,560 - Knowledge - INFO - Thread kw25 - File index.js - Remaining files in queue: 102
2025-08-13 10:20:03,359 - Knowledge - INFO - persist search terms embedding for client/app/containers/CategoryShop/index.js
2025-08-13 10:20:03,438 - Knowledge - INFO - done ingest for /app/data/b2c/156786/b5961k4/mern-ecommerce-156786/client/app/containers/Contact/actions.js
2025-08-13 10:20:03,578 - Knowledge - INFO - start ingest for /app/data/b2c/156786/b5961k4/mern-ecommerce-156786/client/app/containers/Merchant/List.js
2025-08-13 10:20:03,696 - Knowledge - INFO - process ingested knowledge for /app/data/b2c/156786/b5961k4/mern-ecommerce-156786/client/app/containers/BrandsShop/index.js
2025-08-13 10:20:03,756 - Knowledge - INFO - start ingest for /app/data/b2c/156786/b5961k4/mern-ecommerce-156786/client/app/containers/Order/reducer.js
2025-08-13 10:20:03,876 - Knowledge - INFO - persist ingested knowledge for /app/data/b2c/156786/b5961k4/mern-ecommerce-156786/client/app/containers/Application/index.js
2025-08-13 10:20:03,993 - Knowledge - INFO - start ingest for /app/data/b2c/156786/b5961k4/mern-ecommerce-156786/client/app/containers/Contact/reducer.js
2025-08-13 10:20:04,126 - Knowledge - INFO - Thread kw5 - File index.js - Remaining files in queue: 102
2025-08-13 10:20:04,394 - Knowledge - INFO - start ingest for /app/data/b2c/156786/b5961k4/mern-ecommerce-156786/client/app/containers/Merchant/Add.js
2025-08-13 10:20:04,580 - Knowledge - INFO - done fast ingest for /app/data/b2c/156786/b5961k4/mern-ecommerce-156786/client/app/containers/Order/constants.js
2025-08-13 10:20:04,670 - Knowledge - INFO - persist ingested knowledge for /app/data/b2c/156786/b5961k4/mern-ecommerce-156786/client/app/containers/ForgotPassword/constants.js
2025-08-13 10:20:04,861 - Knowledge - INFO - start ingest for /app/data/b2c/156786/b5961k4/mern-ecommerce-156786/client/app/containers/Merchant/index.js
2025-08-13 10:20:04,979 - Knowledge - INFO - worker kw14 pull /app/data/b2c/156786/b5961k4/mern-ecommerce-156786/client/app/containers/Users/actions.js from ingest queue
2025-08-13 10:20:05,078 - Knowledge - INFO - process ingested knowledge for /app/data/b2c/156786/b5961k4/mern-ecommerce-156786/client/app/containers/Contact/actions.js
2025-08-13 10:20:05,217 - Knowledge - INFO - worker kw9 pull /app/data/b2c/156786/b5961k4/mern-ecommerce-156786/client/app/containers/Merchant/actions.js from ingest queue
2025-08-13 10:20:05,217 - Knowledge - INFO - worker kw8 pull /app/data/b2c/156786/b5961k4/mern-ecommerce-156786/client/app/containers/Review/actions.js from ingest queue
2025-08-13 10:20:05,217 - Knowledge - INFO - worker kw6 pull /app/data/b2c/156786/b5961k4/mern-ecommerce-156786/client/app/containers/Review/index.js from ingest queue
2025-08-13 10:20:05,270 - Knowledge - INFO - Found code-base-name: https://github.com/kavia-common/mern-ecommerce-156786.git:kavia-master
2025-08-13 10:20:05,353 - Knowledge - INFO - done ingest for /app/data/b2c/156786/b5961k4/mern-ecommerce-156786/client/app/containers/ForgotPassword/index.js
2025-08-13 10:20:05,767 - Knowledge - INFO - start ingest for /app/data/b2c/156786/b5961k4/mern-ecommerce-156786/client/app/containers/Order/index.js
2025-08-13 10:20:06,167 - Knowledge - INFO - process ingested knowledge for /app/data/b2c/156786/b5961k4/mern-ecommerce-156786/client/app/containers/Order/constants.js
2025-08-13 10:20:06,217 - Knowledge - INFO - persist search terms embedding for client/app/containers/Application/index.js
2025-08-13 10:20:06,419 - Knowledge - INFO - Thread kw14 - File actions.js - Remaining files in queue: 98
2025-08-13 10:20:06,660 - Knowledge - INFO - Thread kw9 - File actions.js - Remaining files in queue: 98
2025-08-13 10:20:06,791 - Knowledge - INFO - Thread kw8 - File actions.js - Remaining files in queue: 98
2025-08-13 10:20:06,932 - Knowledge - INFO - Thread kw6 - File index.js - Remaining files in queue: 98
2025-08-13 10:20:07,054 - Knowledge - INFO - Found code_base: <app.utils.kg_build.knowledge.KnowledgeCodeBase object at 0x7fdc0fcfba90>
2025-08-13 10:20:07,249 - Knowledge - INFO - process ingested knowledge for /app/data/b2c/156786/b5961k4/mern-ecommerce-156786/client/app/containers/ForgotPassword/index.js
2025-08-13 10:20:07,571 - Knowledge - INFO - start ingest for /app/data/b2c/156786/b5961k4/mern-ecommerce-156786/client/app/containers/Users/actions.js
2025-08-13 10:20:07,706 - Knowledge - INFO - start ingest for /app/data/b2c/156786/b5961k4/mern-ecommerce-156786/client/app/containers/Merchant/actions.js
2025-08-13 10:20:07,724 - Knowledge - INFO - Found code-base-name: https://github.com/kavia-common/mern-ecommerce-156786.git:kavia-master
2025-08-13 10:20:07,728 - Knowledge - INFO - Found code-base-name: https://github.com/kavia-common/mern-ecommerce-156786.git:kavia-master
2025-08-13 10:20:08,609 - Knowledge - INFO - Found code_base: <app.utils.kg_build.knowledge.KnowledgeCodeBase object at 0x7fdc0fcfba90>
2025-08-13 10:20:07,733 - Knowledge - INFO - worker kw20 pull /app/data/b2c/156786/b5961k4/mern-ecommerce-156786/client/app/containers/Merchant/constants.js from ingest queue
2025-08-13 10:20:07,806 - Knowledge - INFO - done ingest for /app/data/b2c/156786/b5961k4/mern-ecommerce-156786/client/app/containers/ForgotPassword/actions.js
2025-08-13 10:20:07,830 - Knowledge - INFO - start ingest for /app/data/b2c/156786/b5961k4/mern-ecommerce-156786/client/app/containers/Review/actions.js
2025-08-13 10:20:07,952 - Knowledge - INFO - start ingest for /app/data/b2c/156786/b5961k4/mern-ecommerce-156786/client/app/containers/Review/index.js
2025-08-13 10:20:08,065 - Knowledge - INFO - persist ingested knowledge for /app/data/b2c/156786/b5961k4/mern-ecommerce-156786/client/app/containers/BrandsShop/index.js
2025-08-13 10:20:08,195 - Knowledge - INFO - Found code-base-name: https://github.com/kavia-common/mern-ecommerce-156786.git:kavia-master
2025-08-13 10:20:08,503 - Knowledge - INFO - Found code_base: <app.utils.kg_build.knowledge.KnowledgeCodeBase object at 0x7fdc0fcfba90>
2025-08-13 10:20:07,729 - Knowledge - INFO - worker kw4 pull /app/data/b2c/156786/b5961k4/mern-ecommerce-156786/client/app/containers/Users/constants.js from ingest queue
2025-08-13 10:20:08,717 - Knowledge - INFO - persist ingested knowledge for /app/data/b2c/156786/b5961k4/mern-ecommerce-156786/client/app/containers/Order/constants.js
2025-08-13 10:20:08,838 - Knowledge - INFO - Thread kw20 - File constants.js - Remaining files in queue: 96
2025-08-13 10:20:08,990 - Knowledge - INFO - process ingested knowledge for /app/data/b2c/156786/b5961k4/mern-ecommerce-156786/client/app/containers/ForgotPassword/actions.js
2025-08-13 10:20:09,364 - Knowledge - INFO - Found code_base: <app.utils.kg_build.knowledge.KnowledgeCodeBase object at 0x7fdc0fcfba90>
2025-08-13 10:20:09,517 - Knowledge - INFO - persist ingested knowledge for /app/data/b2c/156786/b5961k4/mern-ecommerce-156786/client/app/containers/Contact/actions.js
2025-08-13 10:20:09,619 - Knowledge - INFO - Thread kw4 - File constants.js - Remaining files in queue: 96
2025-08-13 10:20:09,843 - Knowledge - INFO - done ingest for /app/data/b2c/156786/b5961k4/mern-ecommerce-156786/client/app/containers/Merchant/reducer.js
2025-08-13 10:20:09,856 - Knowledge - INFO - start ingest for /app/data/b2c/156786/b5961k4/mern-ecommerce-156786/client/app/containers/Merchant/constants.js
2025-08-13 10:20:09,858 - Knowledge - INFO - persist search terms embedding for client/app/containers/BrandsShop/index.js
2025-08-13 10:20:10,122 - Knowledge - INFO - done ingest for /app/data/b2c/156786/b5961k4/mern-ecommerce-156786/client/app/containers/ForgotPassword/reducer.js
2025-08-13 10:20:10,123 - Knowledge - INFO - persist ingested knowledge for /app/data/b2c/156786/b5961k4/mern-ecommerce-156786/client/app/containers/ForgotPassword/index.js
2025-08-13 10:20:10,265 - Knowledge - INFO - done ingest for /app/data/b2c/156786/b5961k4/mern-ecommerce-156786/client/app/containers/Contact/index.js
2025-08-13 10:20:10,362 - Knowledge - INFO - start ingest for /app/data/b2c/156786/b5961k4/mern-ecommerce-156786/client/app/containers/Users/constants.js
2025-08-13 10:20:10,464 - Knowledge - INFO - process ingested knowledge for /app/data/b2c/156786/b5961k4/mern-ecommerce-156786/client/app/containers/Merchant/reducer.js
2025-08-13 10:20:10,761 - Knowledge - INFO - Found code-base-name: https://github.com/kavia-common/mern-ecommerce-156786.git:kavia-master
2025-08-13 10:20:10,788 - Knowledge - INFO - process ingested knowledge for /app/data/b2c/156786/b5961k4/mern-ecommerce-156786/client/app/containers/ForgotPassword/reducer.js
2025-08-13 10:20:11,028 - Knowledge - INFO - process ingested knowledge for /app/data/b2c/156786/b5961k4/mern-ecommerce-156786/client/app/containers/Contact/index.js
2025-08-13 10:20:11,132 - Knowledge - INFO - Fast-track processing for simple file: /app/data/b2c/156786/b5961k4/mern-ecommerce-156786/client/app/containers/Users/constants.js
2025-08-13 10:20:11,132 - Knowledge - INFO - persist search terms embedding for client/app/containers/Contact/actions.js
2025-08-13 10:20:11,287 - Knowledge - INFO - Found code_base: <app.utils.kg_build.knowledge.KnowledgeCodeBase object at 0x7fdc0fcfba90>
2025-08-13 10:20:11,604 - Knowledge - INFO - done fast ingest for /app/data/b2c/156786/b5961k4/mern-ecommerce-156786/client/app/containers/Users/constants.js
2025-08-13 10:20:11,709 - Knowledge - INFO - worker kw3 pull /app/data/b2c/156786/b5961k4/mern-ecommerce-156786/client/app/containers/Cart/constants.js from ingest queue
2025-08-13 10:20:11,710 - Knowledge - INFO - worker kw18 pull /app/data/b2c/156786/b5961k4/mern-ecommerce-156786/client/app/containers/Shop/actions.js from ingest queue
2025-08-13 10:20:11,723 - Knowledge - INFO - Found code-base-name: https://github.com/kavia-common/mern-ecommerce-156786.git:kavia-master
2025-08-13 10:20:11,725 - Knowledge - INFO - Found code-base-name: https://github.com/kavia-common/mern-ecommerce-156786.git:kavia-master
2025-08-13 10:20:11,812 - Knowledge - INFO - persist ingested knowledge for /app/data/b2c/156786/b5961k4/mern-ecommerce-156786/client/app/containers/ForgotPassword/actions.js
2025-08-13 10:20:11,930 - Knowledge - INFO - process ingested knowledge for /app/data/b2c/156786/b5961k4/mern-ecommerce-156786/client/app/containers/Users/constants.js
2025-08-13 10:20:11,989 - Knowledge - INFO - Thread kw3 - File constants.js - Remaining files in queue: 94
2025-08-13 10:20:12,070 - Knowledge - INFO - persist search terms embedding for client/app/containers/ForgotPassword/index.js
2025-08-13 10:20:12,114 - Knowledge - INFO - Thread kw18 - File actions.js - Remaining files in queue: 94
2025-08-13 10:20:12,222 - Knowledge - INFO - Found code_base: <app.utils.kg_build.knowledge.KnowledgeCodeBase object at 0x7fdc0fcfba90>
2025-08-13 10:20:12,310 - Knowledge - INFO - Found code_base: <app.utils.kg_build.knowledge.KnowledgeCodeBase object at 0x7fdc0fcfba90>
2025-08-13 10:20:12,696 - Knowledge - INFO - start ingest for /app/data/b2c/156786/b5961k4/mern-ecommerce-156786/client/app/containers/Cart/constants.js
2025-08-13 10:20:12,786 - Knowledge - INFO - Found code-base-name: https://github.com/kavia-common/mern-ecommerce-156786.git:kavia-master
2025-08-13 10:20:12,786 - Knowledge - INFO - worker kw7 pull /app/data/b2c/156786/b5961k4/mern-ecommerce-156786/client/app/containers/Shop/reducer.js from ingest queue
2025-08-13 10:20:12,890 - Knowledge - INFO - start ingest for /app/data/b2c/156786/b5961k4/mern-ecommerce-156786/client/app/containers/Shop/actions.js
2025-08-13 10:20:13,000 - Knowledge - INFO - persist ingested knowledge for /app/data/b2c/156786/b5961k4/mern-ecommerce-156786/client/app/containers/Merchant/reducer.js
2025-08-13 10:20:13,101 - Knowledge - INFO - persist ingested knowledge for /app/data/b2c/156786/b5961k4/mern-ecommerce-156786/client/app/containers/Contact/index.js
2025-08-13 10:20:13,209 - Knowledge - INFO - persist search terms embedding for client/app/containers/ForgotPassword/actions.js
2025-08-13 10:20:13,210 - Knowledge - INFO - Fast-track processing for simple file: /app/data/b2c/156786/b5961k4/mern-ecommerce-156786/client/app/containers/Cart/constants.js
2025-08-13 10:20:13,338 - Knowledge - INFO - Found code_base: <app.utils.kg_build.knowledge.KnowledgeCodeBase object at 0x7fdc0fcfba90>
2025-08-13 10:20:13,434 - Knowledge - INFO - Thread kw7 - File reducer.js - Remaining files in queue: 93
2025-08-13 10:20:13,474 - Knowledge - INFO - done ingest for /app/data/b2c/156786/b5961k4/mern-ecommerce-156786/client/app/containers/Order/Customer.js
2025-08-13 10:20:13,532 - Knowledge - INFO - Fast-track processing for simple file: /app/data/b2c/156786/b5961k4/mern-ecommerce-156786/client/app/containers/Shop/actions.js
2025-08-13 10:20:13,817 - Knowledge - INFO - worker kw17 pull /app/data/b2c/156786/b5961k4/mern-ecommerce-156786/client/app/containers/Review/constants.js from ingest queue
2025-08-13 10:20:13,817 - Knowledge - INFO - Found code-base-name: https://github.com/kavia-common/mern-ecommerce-156786.git:kavia-master
2025-08-13 10:20:13,914 - Knowledge - INFO - done fast ingest for /app/data/b2c/156786/b5961k4/mern-ecommerce-156786/client/app/containers/Cart/constants.js
2025-08-13 10:20:14,012 - Knowledge - INFO - persist ingested knowledge for /app/data/b2c/156786/b5961k4/mern-ecommerce-156786/client/app/containers/ForgotPassword/reducer.js
2025-08-13 10:20:14,104 - Knowledge - INFO - start ingest for /app/data/b2c/156786/b5961k4/mern-ecommerce-156786/client/app/containers/Shop/reducer.js
2025-08-13 10:20:14,175 - Knowledge - INFO - persist search terms embedding for client/app/containers/Contact/index.js
2025-08-13 10:20:14,210 - Knowledge - INFO - process ingested knowledge for /app/data/b2c/156786/b5961k4/mern-ecommerce-156786/client/app/containers/Order/Customer.js
2025-08-13 10:20:14,273 - Knowledge - INFO - done fast ingest for /app/data/b2c/156786/b5961k4/mern-ecommerce-156786/client/app/containers/Shop/actions.js
2025-08-13 10:20:14,395 - Knowledge - INFO - Thread kw17 - File constants.js - Remaining files in queue: 92
2025-08-13 10:20:14,475 - Knowledge - INFO - Found code_base: <app.utils.kg_build.knowledge.KnowledgeCodeBase object at 0x7fdc0fcfba90>
2025-08-13 10:20:14,816 - Knowledge - INFO - process ingested knowledge for /app/data/b2c/156786/b5961k4/mern-ecommerce-156786/client/app/containers/Cart/constants.js
2025-08-13 10:20:15,045 - Knowledge - INFO - Fast-track processing for simple file: /app/data/b2c/156786/b5961k4/mern-ecommerce-156786/client/app/containers/Shop/reducer.js
2025-08-13 10:20:15,501 - Knowledge - INFO - process ingested knowledge for /app/data/b2c/156786/b5961k4/mern-ecommerce-156786/client/app/containers/Shop/actions.js
2025-08-13 10:20:15,530 - Knowledge - INFO - start ingest for /app/data/b2c/156786/b5961k4/mern-ecommerce-156786/client/app/containers/Review/constants.js
2025-08-13 10:20:15,650 - Knowledge - INFO - persist ingested knowledge for /app/data/b2c/156786/b5961k4/mern-ecommerce-156786/client/app/containers/Users/constants.js
2025-08-13 10:20:15,882 - Knowledge - INFO - done fast ingest for /app/data/b2c/156786/b5961k4/mern-ecommerce-156786/client/app/containers/Shop/reducer.js
2025-08-13 10:20:15,892 - Knowledge - INFO - persist search terms embedding for client/app/containers/Merchant/reducer.js
2025-08-13 10:20:15,899 - Knowledge - INFO - done ingest for /app/data/b2c/156786/b5961k4/mern-ecommerce-156786/client/app/containers/Users/reducer.js
2025-08-13 10:20:16,330 - Knowledge - INFO - process ingested knowledge for /app/data/b2c/156786/b5961k4/mern-ecommerce-156786/client/app/containers/Shop/reducer.js
2025-08-13 10:20:16,437 - Knowledge - INFO - worker kw10 pull /app/data/b2c/156786/b5961k4/mern-ecommerce-156786/client/app/containers/Review/reducer.js from ingest queue
2025-08-13 10:20:16,437 - Knowledge - INFO - worker kw15 pull /app/data/b2c/156786/b5961k4/mern-ecommerce-156786/client/app/containers/Cart/actions.js from ingest queue
2025-08-13 10:20:16,438 - Knowledge - INFO - Found code-base-name: https://github.com/kavia-common/mern-ecommerce-156786.git:kavia-master
2025-08-13 10:20:16,439 - Knowledge - INFO - Found code-base-name: https://github.com/kavia-common/mern-ecommerce-156786.git:kavia-master
2025-08-13 10:20:16,598 - Knowledge - INFO - process ingested knowledge for /app/data/b2c/156786/b5961k4/mern-ecommerce-156786/client/app/containers/Users/reducer.js
2025-08-13 10:20:16,833 - Knowledge - INFO - Thread kw10 - File reducer.js - Remaining files in queue: 90
2025-08-13 10:20:17,019 - Knowledge - INFO - Thread kw15 - File actions.js - Remaining files in queue: 90
2025-08-13 10:20:17,179 - Knowledge - INFO - Found code_base: <app.utils.kg_build.knowledge.KnowledgeCodeBase object at 0x7fdc0fcfba90>
2025-08-13 10:20:17,182 - Knowledge - INFO - done ingest for /app/data/b2c/156786/b5961k4/mern-ecommerce-156786/client/app/containers/Order/actions.js
2025-08-13 10:20:17,369 - Knowledge - INFO - Found code_base: <app.utils.kg_build.knowledge.KnowledgeCodeBase object at 0x7fdc0fcfba90>
2025-08-13 10:20:17,588 - Knowledge - INFO - start ingest for /app/data/b2c/156786/b5961k4/mern-ecommerce-156786/client/app/containers/Review/reducer.js
2025-08-13 10:20:17,633 - Knowledge - INFO - persist search terms embedding for client/app/containers/ForgotPassword/reducer.js
2025-08-13 10:20:17,672 - Knowledge - INFO - start ingest for /app/data/b2c/156786/b5961k4/mern-ecommerce-156786/client/app/containers/Cart/actions.js
2025-08-13 10:20:17,766 - Knowledge - INFO - persist ingested knowledge for /app/data/b2c/156786/b5961k4/mern-ecommerce-156786/client/app/containers/Order/Customer.js
2025-08-13 10:20:17,897 - Knowledge - INFO - process ingested knowledge for /app/data/b2c/156786/b5961k4/mern-ecommerce-156786/client/app/containers/Order/actions.js
2025-08-13 10:20:18,005 - Knowledge - INFO - persist ingested knowledge for /app/data/b2c/156786/b5961k4/mern-ecommerce-156786/client/app/containers/Shop/actions.js
2025-08-13 10:20:18,286 - Knowledge - INFO - worker kw1 pull /app/data/b2c/156786/b5961k4/mern-ecommerce-156786/client/app/containers/Shop/constants.js from ingest queue
2025-08-13 10:20:18,296 - Knowledge - INFO - Found code-base-name: https://github.com/kavia-common/mern-ecommerce-156786.git:kavia-master
2025-08-13 10:20:18,301 - Knowledge - INFO - worker kw4 pull /app/data/b2c/156786/b5961k4/mern-ecommerce-156786/client/app/containers/Shop/index.js from ingest queue
2025-08-13 10:20:18,315 - Knowledge - INFO - worker kw24 pull /app/data/b2c/156786/b5961k4/mern-ecommerce-156786/client/app/containers/Signup/constants.js from ingest queue
2025-08-13 10:20:18,319 - Knowledge - INFO - Found code-base-name: https://github.com/kavia-common/mern-ecommerce-156786.git:kavia-master
2025-08-13 10:20:18,331 - Knowledge - INFO - Found code-base-name: https://github.com/kavia-common/mern-ecommerce-156786.git:kavia-master
2025-08-13 10:20:18,863 - Knowledge - INFO - Thread kw1 - File constants.js - Remaining files in queue: 87
2025-08-13 10:20:18,990 - Knowledge - INFO - Found code_base: <app.utils.kg_build.knowledge.KnowledgeCodeBase object at 0x7fdc0fcfba90>
2025-08-13 10:20:19,040 - Knowledge - INFO - persist search terms embedding for client/app/containers/Order/Customer.js
2025-08-13 10:20:19,088 - Knowledge - INFO - done ingest for /app/data/b2c/156786/b5961k4/mern-ecommerce-156786/client/app/containers/Order/List.js
2025-08-13 10:20:19,089 - Knowledge - INFO - Thread kw4 - File index.js - Remaining files in queue: 87
2025-08-13 10:20:19,178 - Knowledge - INFO - Thread kw24 - File constants.js - Remaining files in queue: 87
2025-08-13 10:20:19,279 - Knowledge - INFO - Found code_base: <app.utils.kg_build.knowledge.KnowledgeCodeBase object at 0x7fdc0fcfba90>
2025-08-13 10:20:19,381 - Knowledge - INFO - Found code_base: <app.utils.kg_build.knowledge.KnowledgeCodeBase object at 0x7fdc0fcfba90>
2025-08-13 10:20:19,507 - Knowledge - INFO - start ingest for /app/data/b2c/156786/b5961k4/mern-ecommerce-156786/client/app/containers/Shop/constants.js
2025-08-13 10:20:19,513 - Knowledge - INFO - done ingest for /app/data/b2c/156786/b5961k4/mern-ecommerce-156786/client/app/containers/Order/reducer.js
2025-08-13 10:20:19,628 - Knowledge - INFO - persist ingested knowledge for /app/data/b2c/156786/b5961k4/mern-ecommerce-156786/client/app/containers/Cart/constants.js
2025-08-13 10:20:19,748 - Knowledge - INFO - Found code-base-name: https://github.com/kavia-common/mern-ecommerce-156786.git:kavia-master
2025-08-13 10:20:19,861 - Knowledge - INFO - worker kw23 pull /app/data/b2c/156786/b5961k4/mern-ecommerce-156786/client/app/containers/Cart/reducer.js from ingest queue
2025-08-13 10:20:19,861 - Knowledge - INFO - worker kw18 pull /app/data/b2c/156786/b5961k4/mern-ecommerce-156786/client/app/containers/Signup/index.js from ingest queue
2025-08-13 10:20:19,880 - Knowledge - INFO - process ingested knowledge for /app/data/b2c/156786/b5961k4/mern-ecommerce-156786/client/app/containers/Order/List.js
2025-08-13 10:20:19,983 - Knowledge - INFO - start ingest for /app/data/b2c/156786/b5961k4/mern-ecommerce-156786/client/app/containers/Shop/index.js
2025-08-13 10:20:20,141 - Knowledge - INFO - start ingest for /app/data/b2c/156786/b5961k4/mern-ecommerce-156786/client/app/containers/Signup/constants.js
2025-08-13 10:20:20,243 - Knowledge - INFO - persist ingested knowledge for /app/data/b2c/156786/b5961k4/mern-ecommerce-156786/client/app/containers/Users/reducer.js
2025-08-13 10:20:20,323 - Knowledge - INFO - persist ingested knowledge for /app/data/b2c/156786/b5961k4/mern-ecommerce-156786/client/app/containers/Shop/reducer.js
2025-08-13 10:20:20,448 - Knowledge - INFO - Fast-track processing for simple file: /app/data/b2c/156786/b5961k4/mern-ecommerce-156786/client/app/containers/Shop/constants.js
2025-08-13 10:20:20,768 - Knowledge - INFO - process ingested knowledge for /app/data/b2c/156786/b5961k4/mern-ecommerce-156786/client/app/containers/Order/reducer.js
2025-08-13 10:20:20,794 - Knowledge - INFO - Found code_base: <app.utils.kg_build.knowledge.KnowledgeCodeBase object at 0x7fdc0fcfba90>
2025-08-13 10:20:20,926 - Knowledge - INFO - Thread kw23 - File reducer.js - Remaining files in queue: 85
2025-08-13 10:20:21,079 - Knowledge - INFO - Thread kw18 - File index.js - Remaining files in queue: 85
2025-08-13 10:20:21,156 - Knowledge - INFO - worker kw3 pull /app/data/b2c/156786/b5961k4/mern-ecommerce-156786/client/app/containers/Cart/index.js from ingest queue
2025-08-13 10:20:21,240 - Knowledge - INFO - Found code-base-name: https://github.com/kavia-common/mern-ecommerce-156786.git:kavia-master
2025-08-13 10:20:21,452 - Knowledge - INFO - done ingest for /app/data/b2c/156786/b5961k4/mern-ecommerce-156786/client/app/containers/Contact/reducer.js
2025-08-13 10:20:21,510 - Knowledge - INFO - done ingest for /app/data/b2c/156786/b5961k4/mern-ecommerce-156786/client/app/containers/Users/index.js
2025-08-13 10:20:21,676 - Knowledge - INFO - Fast-track processing for simple file: /app/data/b2c/156786/b5961k4/mern-ecommerce-156786/client/app/containers/Signup/constants.js
2025-08-13 10:20:22,044 - Knowledge - INFO - done fast ingest for /app/data/b2c/156786/b5961k4/mern-ecommerce-156786/client/app/containers/Shop/constants.js
2025-08-13 10:20:22,325 - Knowledge - INFO - persist ingested knowledge for /app/data/b2c/156786/b5961k4/mern-ecommerce-156786/client/app/containers/Order/actions.js
2025-08-13 10:20:22,572 - Knowledge - INFO - start ingest for /app/data/b2c/156786/b5961k4/mern-ecommerce-156786/client/app/containers/Cart/reducer.js
2025-08-13 10:20:22,779 - Knowledge - INFO - start ingest for /app/data/b2c/156786/b5961k4/mern-ecommerce-156786/client/app/containers/Signup/index.js
2025-08-13 10:20:22,863 - Knowledge - INFO - persist search terms embedding for client/app/containers/Users/reducer.js
2025-08-13 10:20:23,023 - Knowledge - INFO - Thread kw3 - File index.js - Remaining files in queue: 84
2025-08-13 10:20:23,188 - Knowledge - INFO - Found code_base: <app.utils.kg_build.knowledge.KnowledgeCodeBase object at 0x7fdc0fcfba90>
2025-08-13 10:20:23,354 - Knowledge - INFO - process ingested knowledge for /app/data/b2c/156786/b5961k4/mern-ecommerce-156786/client/app/containers/Contact/reducer.js
2025-08-13 10:20:23,438 - Knowledge - INFO - process ingested knowledge for /app/data/b2c/156786/b5961k4/mern-ecommerce-156786/client/app/containers/Users/index.js
2025-08-13 10:20:23,493 - Knowledge - INFO - done fast ingest for /app/data/b2c/156786/b5961k4/mern-ecommerce-156786/client/app/containers/Signup/constants.js
2025-08-13 10:20:23,658 - Knowledge - INFO - process ingested knowledge for /app/data/b2c/156786/b5961k4/mern-ecommerce-156786/client/app/containers/Shop/constants.js
2025-08-13 10:20:24,113 - Knowledge - INFO - start ingest for /app/data/b2c/156786/b5961k4/mern-ecommerce-156786/client/app/containers/Cart/index.js
2025-08-13 10:20:24,217 - Knowledge - INFO - persist ingested knowledge for /app/data/b2c/156786/b5961k4/mern-ecommerce-156786/client/app/containers/Order/List.js
2025-08-13 10:20:24,229 - Knowledge - INFO - Found code-base-name: https://github.com/kavia-common/mern-ecommerce-156786.git:kavia-master
2025-08-13 10:20:24,503 - Knowledge - INFO - done ingest for /app/data/b2c/156786/b5961k4/mern-ecommerce-156786/client/app/containers/Merchant/index.js
2025-08-13 10:20:24,736 - Knowledge - INFO - process ingested knowledge for /app/data/b2c/156786/b5961k4/mern-ecommerce-156786/client/app/containers/Signup/constants.js
2025-08-13 10:20:24,746 - Knowledge - INFO - done ingest for /app/data/b2c/156786/b5961k4/mern-ecommerce-156786/client/app/containers/Merchant/Add.js
2025-08-13 10:20:24,828 - Knowledge - INFO - persist search terms embedding for client/app/containers/Order/actions.js
2025-08-13 10:20:25,058 - Knowledge - INFO - Found code_base: <app.utils.kg_build.knowledge.KnowledgeCodeBase object at 0x7fdc0fcfba90>
2025-08-13 10:20:25,252 - Knowledge - INFO - process ingested knowledge for /app/data/b2c/156786/b5961k4/mern-ecommerce-156786/client/app/containers/Merchant/index.js
2025-08-13 10:20:25,490 - Knowledge - INFO - process ingested knowledge for /app/data/b2c/156786/b5961k4/mern-ecommerce-156786/client/app/containers/Merchant/Add.js
2025-08-13 10:20:25,567 - Knowledge - INFO - worker kw16 pull /app/data/b2c/156786/b5961k4/mern-ecommerce-156786/client/app/containers/Signup/reducer.js from ingest queue
2025-08-13 10:20:25,573 - Knowledge - INFO - worker kw7 pull /app/data/b2c/156786/b5961k4/mern-ecommerce-156786/client/app/containers/Homepage/banners.json from ingest queue
2025-08-13 10:20:25,575 - Knowledge - INFO - Found code-base-name: https://github.com/kavia-common/mern-ecommerce-156786.git:kavia-master
2025-08-13 10:20:25,679 - Knowledge - INFO - persist ingested knowledge for /app/data/b2c/156786/b5961k4/mern-ecommerce-156786/client/app/containers/Order/reducer.js
2025-08-13 10:20:26,060 - Knowledge - INFO - Thread kw16 - File reducer.js - Remaining files in queue: 82
2025-08-13 10:20:26,106 - Knowledge - INFO - done ingest for /app/data/b2c/156786/b5961k4/mern-ecommerce-156786/client/app/containers/Order/index.js
2025-08-13 10:20:26,121 - Knowledge - INFO - persist search terms embedding for client/app/containers/Order/List.js
2025-08-13 10:20:26,196 - Knowledge - INFO - Thread kw7 - File banners.json - Remaining files in queue: 82
2025-08-13 10:20:26,303 - Knowledge - INFO - Found code_base: <app.utils.kg_build.knowledge.KnowledgeCodeBase object at 0x7fdc0fcfba90>
2025-08-13 10:20:26,553 - Knowledge - INFO - start ingest for /app/data/b2c/156786/b5961k4/mern-ecommerce-156786/client/app/containers/Signup/reducer.js
2025-08-13 10:20:26,716 - Knowledge - INFO - process ingested knowledge for /app/data/b2c/156786/b5961k4/mern-ecommerce-156786/client/app/containers/Order/index.js
2025-08-13 10:20:26,759 - Knowledge - INFO - Found code-base-name: https://github.com/kavia-common/mern-ecommerce-156786.git:kavia-master
2025-08-13 10:20:26,762 - Knowledge - INFO - Found code-base-name: https://github.com/kavia-common/mern-ecommerce-156786.git:kavia-master
2025-08-13 10:20:26,766 - Knowledge - INFO - Found code-base-name: https://github.com/kavia-common/mern-ecommerce-156786.git:kavia-master
2025-08-13 10:20:26,769 - Knowledge - INFO - worker kw2 pull /app/data/b2c/156786/b5961k4/mern-ecommerce-156786/client/app/containers/Homepage/constants.js from ingest queue
2025-08-13 10:20:26,770 - Knowledge - INFO - Found code-base-name: https://github.com/kavia-common/mern-ecommerce-156786.git:kavia-master
2025-08-13 10:20:26,849 - Knowledge - INFO - start ingest for /app/data/b2c/156786/b5961k4/mern-ecommerce-156786/client/app/containers/Homepage/banners.json
2025-08-13 10:20:26,965 - Knowledge - INFO - done ingest for /app/data/b2c/156786/b5961k4/mern-ecommerce-156786/client/app/containers/Merchant/List.js
2025-08-13 10:20:26,971 - Knowledge - INFO - persist ingested knowledge for /app/data/b2c/156786/b5961k4/mern-ecommerce-156786/client/app/containers/Users/index.js
2025-08-13 10:20:27,376 - Knowledge - INFO - Found code_base: <app.utils.kg_build.knowledge.KnowledgeCodeBase object at 0x7fdc0fcfba90>
2025-08-13 10:20:27,396 - Knowledge - INFO - persist search terms embedding for client/app/containers/Order/reducer.js
2025-08-13 10:20:27,501 - Knowledge - INFO - Found code_base: <app.utils.kg_build.knowledge.KnowledgeCodeBase object at 0x7fdc0fcfba90>
2025-08-13 10:20:27,521 - Knowledge - INFO - done ingest for /app/data/b2c/156786/b5961k4/mern-ecommerce-156786/client/app/containers/Users/actions.js
2025-08-13 10:20:27,608 - Knowledge - INFO - Found code_base: <app.utils.kg_build.knowledge.KnowledgeCodeBase object at 0x7fdc0fcfba90>
2025-08-13 10:20:27,735 - Knowledge - INFO - Thread kw2 - File constants.js - Remaining files in queue: 81
2025-08-13 10:20:27,858 - Knowledge - INFO - Found code_base: <app.utils.kg_build.knowledge.KnowledgeCodeBase object at 0x7fdc0fcfba90>
2025-08-13 10:20:27,990 - Knowledge - INFO - Fast-track processing for simple file: /app/data/b2c/156786/b5961k4/mern-ecommerce-156786/client/app/containers/Homepage/banners.json
2025-08-13 10:20:28,169 - Knowledge - INFO - process ingested knowledge for /app/data/b2c/156786/b5961k4/mern-ecommerce-156786/client/app/containers/Merchant/List.js
2025-08-13 10:20:28,317 - Knowledge - INFO - persist ingested knowledge for /app/data/b2c/156786/b5961k4/mern-ecommerce-156786/client/app/containers/Signup/constants.js
2025-08-13 10:20:28,374 - Knowledge - INFO - done ingest for /app/data/b2c/156786/b5961k4/mern-ecommerce-156786/client/app/containers/Merchant/constants.js
2025-08-13 10:20:28,419 - Knowledge - INFO - worker kw19 pull /app/data/b2c/156786/b5961k4/mern-ecommerce-156786/client/app/containers/Homepage/reducer.js from ingest queue
2025-08-13 10:20:28,430 - Knowledge - INFO - Found code-base-name: https://github.com/kavia-common/mern-ecommerce-156786.git:kavia-master
2025-08-13 10:20:28,548 - Knowledge - INFO - persist ingested knowledge for /app/data/b2c/156786/b5961k4/mern-ecommerce-156786/client/app/containers/Contact/reducer.js
2025-08-13 10:20:28,710 - Knowledge - INFO - process ingested knowledge for /app/data/b2c/156786/b5961k4/mern-ecommerce-156786/client/app/containers/Users/actions.js
2025-08-13 10:20:28,772 - Knowledge - INFO - persist ingested knowledge for /app/data/b2c/156786/b5961k4/mern-ecommerce-156786/client/app/containers/Shop/constants.js
2025-08-13 10:20:28,890 - Knowledge - INFO - start ingest for /app/data/b2c/156786/b5961k4/mern-ecommerce-156786/client/app/containers/Homepage/constants.js
2025-08-13 10:20:28,943 - Knowledge - INFO - persist search terms embedding for client/app/containers/Users/index.js
2025-08-13 10:20:29,020 - Knowledge - INFO - persist ingested knowledge for /app/data/b2c/156786/b5961k4/mern-ecommerce-156786/client/app/containers/Merchant/Add.js
2025-08-13 10:20:29,119 - Knowledge - INFO - done fast ingest for /app/data/b2c/156786/b5961k4/mern-ecommerce-156786/client/app/containers/Homepage/banners.json
2025-08-13 10:20:29,540 - Knowledge - INFO - process ingested knowledge for /app/data/b2c/156786/b5961k4/mern-ecommerce-156786/client/app/containers/Merchant/constants.js
2025-08-13 10:20:29,573 - Knowledge - INFO - Thread kw19 - File reducer.js - Remaining files in queue: 80
2025-08-13 10:20:29,689 - Knowledge - INFO - Found code_base: <app.utils.kg_build.knowledge.KnowledgeCodeBase object at 0x7fdc0fcfba90>
2025-08-13 10:20:30,119 - Knowledge - INFO - Fast-track processing for simple file: /app/data/b2c/156786/b5961k4/mern-ecommerce-156786/client/app/containers/Homepage/constants.js
2025-08-13 10:20:30,201 - Knowledge - INFO - Found code-base-name: https://github.com/kavia-common/mern-ecommerce-156786.git:kavia-master
2025-08-13 10:20:30,206 - Knowledge - INFO - worker kw13 pull /app/data/b2c/156786/b5961k4/mern-ecommerce-156786/client/app/containers/Address/actions.js from ingest queue
2025-08-13 10:20:30,217 - Knowledge - INFO - Found code-base-name: https://github.com/kavia-common/mern-ecommerce-156786.git:kavia-master
2025-08-13 10:20:30,445 - Knowledge - INFO - process ingested knowledge for /app/data/b2c/156786/b5961k4/mern-ecommerce-156786/client/app/containers/Homepage/banners.json
2025-08-13 10:20:30,659 - Knowledge - INFO - start ingest for /app/data/b2c/156786/b5961k4/mern-ecommerce-156786/client/app/containers/Homepage/reducer.js
2025-08-13 10:20:30,712 - Knowledge - INFO - persist search terms embedding for client/app/containers/Contact/reducer.js
2025-08-13 10:20:30,786 - Knowledge - INFO - persist ingested knowledge for /app/data/b2c/156786/b5961k4/mern-ecommerce-156786/client/app/containers/Order/index.js
2025-08-13 10:20:30,909 - Knowledge - INFO - done fast ingest for /app/data/b2c/156786/b5961k4/mern-ecommerce-156786/client/app/containers/Homepage/constants.js
2025-08-13 10:20:31,028 - Knowledge - INFO - Found code_base: <app.utils.kg_build.knowledge.KnowledgeCodeBase object at 0x7fdc0fcfba90>
2025-08-13 10:20:31,126 - Knowledge - INFO - Thread kw13 - File actions.js - Remaining files in queue: 79
2025-08-13 10:20:31,236 - Knowledge - INFO - Found code_base: <app.utils.kg_build.knowledge.KnowledgeCodeBase object at 0x7fdc0fcfba90>
2025-08-13 10:20:31,437 - Knowledge - INFO - Fast-track processing for simple file: /app/data/b2c/156786/b5961k4/mern-ecommerce-156786/client/app/containers/Homepage/reducer.js
2025-08-13 10:20:31,546 - Knowledge - INFO - Found code-base-name: https://github.com/kavia-common/mern-ecommerce-156786.git:kavia-master
2025-08-13 10:20:31,839 - Knowledge - INFO - process ingested knowledge for /app/data/b2c/156786/b5961k4/mern-ecommerce-156786/client/app/containers/Homepage/constants.js
2025-08-13 10:20:31,876 - Knowledge - INFO - persist ingested knowledge for /app/data/b2c/156786/b5961k4/mern-ecommerce-156786/client/app/containers/Merchant/index.js
2025-08-13 10:20:31,896 - Knowledge - INFO - worker kw21 pull /app/data/b2c/156786/b5961k4/mern-ecommerce-156786/client/app/containers/Signup/actions.js from ingest queue
2025-08-13 10:20:32,026 - Knowledge - INFO - start ingest for /app/data/b2c/156786/b5961k4/mern-ecommerce-156786/client/app/containers/Address/actions.js
2025-08-13 10:20:32,121 - Knowledge - INFO - persist ingested knowledge for /app/data/b2c/156786/b5961k4/mern-ecommerce-156786/client/app/containers/Merchant/List.js
2025-08-13 10:20:32,256 - Knowledge - INFO - done fast ingest for /app/data/b2c/156786/b5961k4/mern-ecommerce-156786/client/app/containers/Homepage/reducer.js
2025-08-13 10:20:32,370 - Knowledge - INFO - Found code_base: <app.utils.kg_build.knowledge.KnowledgeCodeBase object at 0x7fdc0fcfba90>
2025-08-13 10:20:32,546 - Knowledge - INFO - persist search terms embedding for client/app/containers/Merchant/Add.js
2025-08-13 10:20:32,676 - Knowledge - INFO - done ingest for /app/data/b2c/156786/b5961k4/mern-ecommerce-156786/client/app/containers/Review/index.js
2025-08-13 10:20:32,735 - Knowledge - INFO - Thread kw21 - File actions.js - Remaining files in queue: 78
2025-08-13 10:20:32,765 - Knowledge - INFO - done ingest for /app/data/b2c/156786/b5961k4/mern-ecommerce-156786/client/app/containers/Review/constants.js
2025-08-13 10:20:33,080 - Knowledge - INFO - process ingested knowledge for /app/data/b2c/156786/b5961k4/mern-ecommerce-156786/client/app/containers/Homepage/reducer.js
2025-08-13 10:20:33,455 - Knowledge - INFO - persist ingested knowledge for /app/data/b2c/156786/b5961k4/mern-ecommerce-156786/client/app/containers/Users/actions.js
2025-08-13 10:20:33,592 - Knowledge - INFO - Found code-base-name: https://github.com/kavia-common/mern-ecommerce-156786.git:kavia-master
2025-08-13 10:20:33,593 - Knowledge - INFO - worker kw11 pull /app/data/b2c/156786/b5961k4/mern-ecommerce-156786/client/app/containers/Homepage/index.js from ingest queue
2025-08-13 10:20:33,597 - Knowledge - INFO - worker kw1 pull /app/data/b2c/156786/b5961k4/mern-ecommerce-156786/client/app/containers/Address/constants.js from ingest queue
2025-08-13 10:20:33,600 - Knowledge - INFO - Found code-base-name: https://github.com/kavia-common/mern-ecommerce-156786.git:kavia-master
2025-08-13 10:20:33,604 - Knowledge - INFO - Found code-base-name: https://github.com/kavia-common/mern-ecommerce-156786.git:kavia-master
2025-08-13 10:20:33,800 - Knowledge - INFO - process ingested knowledge for /app/data/b2c/156786/b5961k4/mern-ecommerce-156786/client/app/containers/Review/index.js
2025-08-13 10:20:33,813 - Knowledge - INFO - start ingest for /app/data/b2c/156786/b5961k4/mern-ecommerce-156786/client/app/containers/Signup/actions.js
2025-08-13 10:20:34,021 - Knowledge - INFO - process ingested knowledge for /app/data/b2c/156786/b5961k4/mern-ecommerce-156786/client/app/containers/Review/constants.js
2025-08-13 10:20:34,109 - Knowledge - INFO - persist search terms embedding for client/app/containers/Merchant/index.js
2025-08-13 10:20:34,283 - Knowledge - INFO - Found code_base: <app.utils.kg_build.knowledge.KnowledgeCodeBase object at 0x7fdc0fcfba90>
2025-08-13 10:20:34,402 - Knowledge - INFO - Thread kw11 - File index.js - Remaining files in queue: 76
2025-08-13 10:20:34,498 - Knowledge - INFO - Thread kw1 - File constants.js - Remaining files in queue: 76
2025-08-13 10:20:34,602 - Knowledge - INFO - Found code_base: <app.utils.kg_build.knowledge.KnowledgeCodeBase object at 0x7fdc0fcfba90>
2025-08-13 10:20:34,736 - Knowledge - INFO - Found code_base: <app.utils.kg_build.knowledge.KnowledgeCodeBase object at 0x7fdc0fcfba90>
2025-08-13 10:20:35,346 - Knowledge - INFO - persist ingested knowledge for /app/data/b2c/156786/b5961k4/mern-ecommerce-156786/client/app/containers/Homepage/banners.json
2025-08-13 10:20:35,465 - Knowledge - INFO - start ingest for /app/data/b2c/156786/b5961k4/mern-ecommerce-156786/client/app/containers/Homepage/index.js
2025-08-13 10:20:35,585 - Knowledge - INFO - start ingest for /app/data/b2c/156786/b5961k4/mern-ecommerce-156786/client/app/containers/Address/constants.js
2025-08-13 10:20:35,677 - Knowledge - INFO - persist ingested knowledge for /app/data/b2c/156786/b5961k4/mern-ecommerce-156786/client/app/containers/Merchant/constants.js
2025-08-13 10:20:35,797 - Knowledge - INFO - persist ingested knowledge for /app/data/b2c/156786/b5961k4/mern-ecommerce-156786/client/app/containers/Homepage/constants.js
2025-08-13 10:20:35,958 - Knowledge - INFO - persist search terms embedding for client/app/containers/Merchant/List.js
2025-08-13 10:20:36,513 - Knowledge - INFO - worker kw12 pull /app/data/b2c/156786/b5961k4/mern-ecommerce-156786/client/app/containers/Address/Add.js from ingest queue
2025-08-13 10:20:36,603 - Knowledge - INFO - done ingest for /app/data/b2c/156786/b5961k4/mern-ecommerce-156786/client/app/containers/Review/reducer.js
2025-08-13 10:20:36,640 - Knowledge - INFO - Thread kw12 - File Add.js - Remaining files in queue: 75
2025-08-13 10:20:36,794 - Knowledge - INFO - process ingested knowledge for /app/data/b2c/156786/b5961k4/mern-ecommerce-156786/client/app/containers/Review/reducer.js
2025-08-13 10:20:36,877 - Knowledge - INFO - start ingest for /app/data/b2c/156786/b5961k4/mern-ecommerce-156786/client/app/containers/Address/Add.js
2025-08-13 10:20:37,067 - Knowledge - INFO - persist search terms embedding for client/app/containers/Order/index.js
2025-08-13 10:20:37,204 - Knowledge - INFO - Found code-base-name: https://github.com/kavia-common/mern-ecommerce-156786.git:kavia-master
2025-08-13 10:20:37,304 - Knowledge - INFO - Found code_base: <app.utils.kg_build.knowledge.KnowledgeCodeBase object at 0x7fdc0fcfba90>
2025-08-13 10:20:37,398 - Knowledge - INFO - persist ingested knowledge for /app/data/b2c/156786/b5961k4/mern-ecommerce-156786/client/app/containers/Homepage/reducer.js
2025-08-13 10:20:37,709 - Knowledge - INFO - persist search terms embedding for client/app/containers/Users/actions.js
2025-08-13 10:20:37,790 - Knowledge - INFO - Found code-base-name: https://github.com/kavia-common/mern-ecommerce-156786.git:kavia-master
2025-08-13 10:20:37,792 - Knowledge - INFO - Found code-base-name: https://github.com/kavia-common/mern-ecommerce-156786.git:kavia-master
2025-08-13 10:20:37,796 - Knowledge - INFO - worker kw25 pull /app/data/b2c/156786/b5961k4/mern-ecommerce-156786/client/app/containers/Homepage/actions.js from ingest queue
2025-08-13 10:20:37,884 - Knowledge - INFO - Found code_base: <app.utils.kg_build.knowledge.KnowledgeCodeBase object at 0x7fdc0fcfba90>
2025-08-13 10:20:38,014 - Knowledge - INFO - Found code_base: <app.utils.kg_build.knowledge.KnowledgeCodeBase object at 0x7fdc0fcfba90>
2025-08-13 10:20:38,099 - Knowledge - INFO - Thread kw25 - File actions.js - Remaining files in queue: 74
2025-08-13 10:20:38,210 - Knowledge - INFO - worker kw24 pull /app/data/b2c/156786/b5961k4/mern-ecommerce-156786/client/app/containers/ResetPassword/actions.js from ingest queue
2025-08-13 10:20:38,211 - Knowledge - INFO - Found code-base-name: https://github.com/kavia-common/mern-ecommerce-156786.git:kavia-master
2025-08-13 10:20:38,213 - Knowledge - INFO - persist ingested knowledge for /app/data/b2c/156786/b5961k4/mern-ecommerce-156786/client/app/containers/Review/index.js
2025-08-13 10:20:38,216 - Knowledge - INFO - worker kw5 pull /app/data/b2c/156786/b5961k4/mern-ecommerce-156786/client/app/containers/Address/Edit.js from ingest queue
2025-08-13 10:20:38,314 - Knowledge - INFO - persist ingested knowledge for /app/data/b2c/156786/b5961k4/mern-ecommerce-156786/client/app/containers/Review/constants.js
2025-08-13 10:20:38,415 - Knowledge - INFO - start ingest for /app/data/b2c/156786/b5961k4/mern-ecommerce-156786/client/app/containers/Homepage/actions.js
2025-08-13 10:20:38,419 - Knowledge - INFO - done ingest for /app/data/b2c/156786/b5961k4/mern-ecommerce-156786/client/app/containers/Cart/reducer.js
2025-08-13 10:20:38,518 - Knowledge - INFO - Thread kw24 - File actions.js - Remaining files in queue: 72
2025-08-13 10:20:38,658 - Knowledge - INFO - Found code_base: <app.utils.kg_build.knowledge.KnowledgeCodeBase object at 0x7fdc0fcfba90>
2025-08-13 10:20:38,869 - Knowledge - INFO - Thread kw5 - File Edit.js - Remaining files in queue: 72
2025-08-13 10:20:39,096 - Knowledge - INFO - persist search terms embedding for client/app/containers/Merchant/constants.js
2025-08-13 10:20:39,124 - Knowledge - INFO - done ingest for /app/data/b2c/156786/b5961k4/mern-ecommerce-156786/client/app/containers/Review/actions.js
2025-08-13 10:20:39,152 - Knowledge - INFO - Fast-track processing for simple file: /app/data/b2c/156786/b5961k4/mern-ecommerce-156786/client/app/containers/Homepage/actions.js
2025-08-13 10:20:39,261 - Knowledge - INFO - process ingested knowledge for /app/data/b2c/156786/b5961k4/mern-ecommerce-156786/client/app/containers/Cart/reducer.js
2025-08-13 10:20:39,354 - Knowledge - INFO - start ingest for /app/data/b2c/156786/b5961k4/mern-ecommerce-156786/client/app/containers/ResetPassword/actions.js
2025-08-13 10:20:39,468 - Knowledge - INFO - persist ingested knowledge for /app/data/b2c/156786/b5961k4/mern-ecommerce-156786/client/app/containers/Review/reducer.js
2025-08-13 10:20:39,572 - Knowledge - INFO - start ingest for /app/data/b2c/156786/b5961k4/mern-ecommerce-156786/client/app/containers/Address/Edit.js
2025-08-13 10:20:39,675 - Knowledge - INFO - worker kw7 pull /app/data/b2c/156786/b5961k4/mern-ecommerce-156786/client/app/containers/ResetPassword/constants.js from ingest queue
2025-08-13 10:20:39,690 - Knowledge - INFO - worker kw2 pull /app/data/b2c/156786/b5961k4/mern-ecommerce-156786/client/app/containers/Address/reducer.js from ingest queue
2025-08-13 10:20:40,565 - Knowledge - INFO - Thread kw2 - File reducer.js - Remaining files in queue: 69
2025-08-13 10:20:39,862 - Knowledge - INFO - process ingested knowledge for /app/data/b2c/156786/b5961k4/mern-ecommerce-156786/client/app/containers/Review/actions.js
2025-08-13 10:20:39,913 - Knowledge - INFO - done fast ingest for /app/data/b2c/156786/b5961k4/mern-ecommerce-156786/client/app/containers/Homepage/actions.js
2025-08-13 10:20:40,160 - Knowledge - INFO - persist search terms embedding for client/app/containers/Review/index.js
2025-08-13 10:20:40,238 - Knowledge - INFO - done ingest for /app/data/b2c/156786/b5961k4/mern-ecommerce-156786/client/app/containers/Signup/reducer.js
2025-08-13 10:20:40,454 - Knowledge - INFO - Thread kw7 - File constants.js - Remaining files in queue: 69
2025-08-13 10:20:39,694 - Knowledge - INFO - worker kw14 pull /app/data/b2c/156786/b5961k4/mern-ecommerce-156786/client/app/containers/ResetPassword/reducer.js from ingest queue
2025-08-13 10:20:40,699 - Knowledge - INFO - start ingest for /app/data/b2c/156786/b5961k4/mern-ecommerce-156786/client/app/containers/Address/reducer.js
2025-08-13 10:20:40,968 - Knowledge - INFO - process ingested knowledge for /app/data/b2c/156786/b5961k4/mern-ecommerce-156786/client/app/containers/Homepage/actions.js
2025-08-13 10:20:41,053 - Knowledge - INFO - worker kw20 pull /app/data/b2c/156786/b5961k4/mern-ecommerce-156786/client/app/containers/ProductsShop/index.js from ingest queue
2025-08-13 10:20:41,056 - Knowledge - INFO - worker kw22 pull /app/data/b2c/156786/b5961k4/mern-ecommerce-156786/client/app/containers/Address/index.js from ingest queue
2025-08-13 10:20:41,208 - Knowledge - INFO - process ingested knowledge for /app/data/b2c/156786/b5961k4/mern-ecommerce-156786/client/app/containers/Signup/reducer.js
2025-08-13 10:20:41,287 - Knowledge - INFO - start ingest for /app/data/b2c/156786/b5961k4/mern-ecommerce-156786/client/app/containers/ResetPassword/constants.js
2025-08-13 10:20:41,403 - Knowledge - INFO - Thread kw14 - File reducer.js - Remaining files in queue: 67
2025-08-13 10:20:41,783 - Knowledge - INFO - Thread kw20 - File index.js - Remaining files in queue: 67
2025-08-13 10:20:41,910 - Knowledge - INFO - Thread kw22 - File index.js - Remaining files in queue: 67
2025-08-13 10:20:41,954 - Knowledge - INFO - persist search terms embedding for client/app/containers/Review/constants.js
2025-08-13 10:20:42,146 - Knowledge - INFO - Fast-track processing for simple file: /app/data/b2c/156786/b5961k4/mern-ecommerce-156786/client/app/containers/ResetPassword/constants.js
2025-08-13 10:20:42,243 - Knowledge - INFO - start ingest for /app/data/b2c/156786/b5961k4/mern-ecommerce-156786/client/app/containers/ResetPassword/reducer.js
2025-08-13 10:20:42,367 - Knowledge - INFO - start ingest for /app/data/b2c/156786/b5961k4/mern-ecommerce-156786/client/app/containers/ProductsShop/index.js
2025-08-13 10:20:42,490 - Knowledge - INFO - start ingest for /app/data/b2c/156786/b5961k4/mern-ecommerce-156786/client/app/containers/Address/index.js
2025-08-13 10:20:42,754 - Knowledge - INFO - done fast ingest for /app/data/b2c/156786/b5961k4/mern-ecommerce-156786/client/app/containers/ResetPassword/constants.js
2025-08-13 10:20:43,055 - Knowledge - INFO - done ingest for /app/data/b2c/156786/b5961k4/mern-ecommerce-156786/client/app/containers/Merchant/actions.js
2025-08-13 10:20:43,223 - Knowledge - INFO - persist search terms embedding for client/app/containers/Review/reducer.js
2025-08-13 10:20:43,335 - Knowledge - INFO - process ingested knowledge for /app/data/b2c/156786/b5961k4/mern-ecommerce-156786/client/app/containers/ResetPassword/constants.js
2025-08-13 10:20:43,460 - Knowledge - INFO - process ingested knowledge for /app/data/b2c/156786/b5961k4/mern-ecommerce-156786/client/app/containers/Merchant/actions.js
2025-08-13 10:20:43,565 - Knowledge - INFO - Found code-base-name: https://github.com/kavia-common/mern-ecommerce-156786.git:kavia-master
2025-08-13 10:20:43,574 - Knowledge - INFO - worker kw6 pull /app/data/b2c/156786/b5961k4/mern-ecommerce-156786/client/app/containers/Address/List.js from ingest queue
2025-08-13 10:20:43,585 - Knowledge - INFO - worker kw19 pull /app/data/b2c/156786/b5961k4/mern-ecommerce-156786/client/app/containers/Category/Add.js from ingest queue
2025-08-13 10:20:43,594 - Knowledge - INFO - Found code-base-name: https://github.com/kavia-common/mern-ecommerce-156786.git:kavia-master
2025-08-13 10:20:43,596 - Knowledge - INFO - worker kw17 pull /app/data/b2c/156786/b5961k4/mern-ecommerce-156786/client/app/containers/Category/constants.js from ingest queue
2025-08-13 10:20:43,598 - Knowledge - INFO - worker kw10 pull /app/data/b2c/156786/b5961k4/mern-ecommerce-156786/client/app/containers/Category/reducer.js from ingest queue
2025-08-13 10:20:43,612 - Knowledge - INFO - Found code-base-name: https://github.com/kavia-common/mern-ecommerce-156786.git:kavia-master
2025-08-13 10:20:43,614 - Knowledge - INFO - Found code-base-name: https://github.com/kavia-common/mern-ecommerce-156786.git:kavia-master
2025-08-13 10:20:43,662 - Knowledge - INFO - Found code-base-name: https://github.com/kavia-common/mern-ecommerce-156786.git:kavia-master
2025-08-13 10:20:43,776 - Knowledge - INFO - Found code-base-name: https://github.com/kavia-common/mern-ecommerce-156786.git:kavia-master
2025-08-13 10:20:43,871 - Knowledge - INFO - Found code_base: <app.utils.kg_build.knowledge.KnowledgeCodeBase object at 0x7fdc0fcfba90>
2025-08-13 10:20:43,987 - Knowledge - INFO - Thread kw6 - File List.js - Remaining files in queue: 63
2025-08-13 10:20:44,040 - Knowledge - INFO - done ingest for /app/data/b2c/156786/b5961k4/mern-ecommerce-156786/client/app/containers/Shop/index.js
2025-08-13 10:20:44,134 - Knowledge - INFO - Thread kw19 - File Add.js - Remaining files in queue: 63
2025-08-13 10:20:44,252 - Knowledge - INFO - Found code_base: <app.utils.kg_build.knowledge.KnowledgeCodeBase object at 0x7fdc0fcfba90>
2025-08-13 10:20:44,375 - Knowledge - INFO - Thread kw17 - File constants.js - Remaining files in queue: 63
2025-08-13 10:20:44,431 - Knowledge - INFO - done ingest for /app/data/b2c/156786/b5961k4/mern-ecommerce-156786/client/app/containers/Cart/index.js
2025-08-13 10:20:44,503 - Knowledge - INFO - Thread kw10 - File reducer.js - Remaining files in queue: 63
2025-08-13 10:20:44,634 - Knowledge - INFO - Found code_base: <app.utils.kg_build.knowledge.KnowledgeCodeBase object at 0x7fdc0fcfba90>
2025-08-13 10:20:44,722 - Knowledge - INFO - Found code_base: <app.utils.kg_build.knowledge.KnowledgeCodeBase object at 0x7fdc0fcfba90>
2025-08-13 10:20:44,841 - Knowledge - INFO - Found code_base: <app.utils.kg_build.knowledge.KnowledgeCodeBase object at 0x7fdc0fcfba90>
2025-08-13 10:20:44,954 - Knowledge - INFO - Found code_base: <app.utils.kg_build.knowledge.KnowledgeCodeBase object at 0x7fdc0fcfba90>
2025-08-13 10:20:45,060 - Knowledge - INFO - persist ingested knowledge for /app/data/b2c/156786/b5961k4/mern-ecommerce-156786/client/app/containers/Review/actions.js
2025-08-13 10:20:45,185 - Knowledge - INFO - start ingest for /app/data/b2c/156786/b5961k4/mern-ecommerce-156786/client/app/containers/Address/List.js
2025-08-13 10:20:45,367 - Knowledge - INFO - process ingested knowledge for /app/data/b2c/156786/b5961k4/mern-ecommerce-156786/client/app/containers/Shop/index.js
2025-08-13 10:20:45,409 - Knowledge - INFO - start ingest for /app/data/b2c/156786/b5961k4/mern-ecommerce-156786/client/app/containers/Category/Add.js
2025-08-13 10:20:45,538 - Knowledge - INFO - persist ingested knowledge for /app/data/b2c/156786/b5961k4/mern-ecommerce-156786/client/app/containers/Homepage/actions.js
2025-08-13 10:20:45,587 - Knowledge - INFO - done ingest for /app/data/b2c/156786/b5961k4/mern-ecommerce-156786/client/app/containers/Signup/index.js
2025-08-13 10:20:45,655 - Knowledge - INFO - start ingest for /app/data/b2c/156786/b5961k4/mern-ecommerce-156786/client/app/containers/Category/constants.js
2025-08-13 10:20:45,823 - Knowledge - INFO - process ingested knowledge for /app/data/b2c/156786/b5961k4/mern-ecommerce-156786/client/app/containers/Cart/index.js
2025-08-13 10:20:45,894 - Knowledge - INFO - start ingest for /app/data/b2c/156786/b5961k4/mern-ecommerce-156786/client/app/containers/Category/reducer.js
2025-08-13 10:20:46,021 - Knowledge - INFO - persist ingested knowledge for /app/data/b2c/156786/b5961k4/mern-ecommerce-156786/client/app/containers/Cart/reducer.js
2025-08-13 10:20:46,166 - Knowledge - INFO - persist ingested knowledge for /app/data/b2c/156786/b5961k4/mern-ecommerce-156786/client/app/containers/Signup/reducer.js
2025-08-13 10:20:46,173 - Knowledge - INFO - done ingest for /app/data/b2c/156786/b5961k4/mern-ecommerce-156786/client/app/containers/Address/constants.js
2025-08-13 10:20:46,298 - Knowledge - INFO - persist ingested knowledge for /app/data/b2c/156786/b5961k4/mern-ecommerce-156786/client/app/containers/ResetPassword/constants.js
2025-08-13 10:20:46,438 - Knowledge - INFO - persist ingested knowledge for /app/data/b2c/156786/b5961k4/mern-ecommerce-156786/client/app/containers/Merchant/actions.js
2025-08-13 10:20:47,121 - Knowledge - INFO - persist search terms embedding for client/app/containers/Review/actions.js
2025-08-13 10:20:47,279 - Knowledge - INFO - process ingested knowledge for /app/data/b2c/156786/b5961k4/mern-ecommerce-156786/client/app/containers/Signup/index.js
2025-08-13 10:20:47,944 - Knowledge - INFO - process ingested knowledge for /app/data/b2c/156786/b5961k4/mern-ecommerce-156786/client/app/containers/Address/constants.js
2025-08-13 10:20:48,208 - Knowledge - INFO - Found code-base-name: https://github.com/kavia-common/mern-ecommerce-156786.git:kavia-master
2025-08-13 10:20:48,218 - Knowledge - INFO - done ingest for /app/data/b2c/156786/b5961k4/mern-ecommerce-156786/client/app/containers/Homepage/index.js
2025-08-13 10:20:48,393 - Knowledge - INFO - Found code-base-name: https://github.com/kavia-common/mern-ecommerce-156786.git:kavia-master
2025-08-13 10:20:48,570 - Knowledge - INFO - Found code_base: <app.utils.kg_build.knowledge.KnowledgeCodeBase object at 0x7fdc0fcfba90>
2025-08-13 10:20:48,723 - Knowledge - INFO - process ingested knowledge for /app/data/b2c/156786/b5961k4/mern-ecommerce-156786/client/app/containers/Homepage/index.js
2025-08-13 10:20:48,761 - Knowledge - INFO - Found code_base: <app.utils.kg_build.knowledge.KnowledgeCodeBase object at 0x7fdc0fcfba90>
2025-08-13 10:20:49,094 - Knowledge - INFO - persist ingested knowledge for /app/data/b2c/156786/b5961k4/mern-ecommerce-156786/client/app/containers/Cart/index.js
2025-08-13 10:20:48,909 - Knowledge - INFO - persist search terms embedding for client/app/containers/Cart/reducer.js
2025-08-13 10:20:48,864 - Knowledge - INFO - persist ingested knowledge for /app/data/b2c/156786/b5961k4/mern-ecommerce-156786/client/app/containers/Shop/index.js
2025-08-13 10:20:49,401 - Knowledge - INFO - done ingest for /app/data/b2c/156786/b5961k4/mern-ecommerce-156786/client/app/containers/Address/Add.js
2025-08-13 10:20:49,653 - Knowledge - INFO - process ingested knowledge for /app/data/b2c/156786/b5961k4/mern-ecommerce-156786/client/app/containers/Address/Add.js
2025-08-13 10:20:49,681 - Knowledge - INFO - done ingest for /app/data/b2c/156786/b5961k4/mern-ecommerce-156786/client/app/containers/Cart/actions.js
2025-08-13 10:20:49,911 - Knowledge - INFO - process ingested knowledge for /app/data/b2c/156786/b5961k4/mern-ecommerce-156786/client/app/containers/Cart/actions.js
2025-08-13 10:20:49,987 - Knowledge - INFO - persist search terms embedding for client/app/containers/Signup/reducer.js
2025-08-13 10:20:50,261 - Knowledge - INFO - done ingest for /app/data/b2c/156786/b5961k4/mern-ecommerce-156786/client/app/containers/Signup/actions.js
2025-08-13 10:20:50,389 - Knowledge - INFO - process ingested knowledge for /app/data/b2c/156786/b5961k4/mern-ecommerce-156786/client/app/containers/Signup/actions.js
2025-08-13 10:20:50,935 - Knowledge - INFO - persist search terms embedding for client/app/containers/Merchant/actions.js
2025-08-13 10:20:51,042 - Knowledge - INFO - worker kw8 pull /app/data/b2c/156786/b5961k4/mern-ecommerce-156786/client/app/containers/ResetPassword/index.js from ingest queue
2025-08-13 10:20:51,048 - Knowledge - INFO - Found code-base-name: https://github.com/kavia-common/mern-ecommerce-156786.git:kavia-master
2025-08-13 10:20:51,278 - Knowledge - INFO - Found code_base: <app.utils.kg_build.knowledge.KnowledgeCodeBase object at 0x7fdc0fcfba90>
2025-08-13 10:20:51,051 - Knowledge - INFO - Found code-base-name: https://github.com/kavia-common/mern-ecommerce-156786.git:kavia-master
2025-08-13 10:20:51,176 - Knowledge - INFO - Thread kw8 - File index.js - Remaining files in queue: 62
2025-08-13 10:20:51,049 - Knowledge - INFO - Found code-base-name: https://github.com/kavia-common/mern-ecommerce-156786.git:kavia-master
2025-08-13 10:20:51,364 - Knowledge - INFO - persist ingested knowledge for /app/data/b2c/156786/b5961k4/mern-ecommerce-156786/client/app/containers/Signup/index.js
2025-08-13 10:20:51,511 - Knowledge - INFO - Found code_base: <app.utils.kg_build.knowledge.KnowledgeCodeBase object at 0x7fdc0fcfba90>
2025-08-13 10:20:51,588 - Knowledge - INFO - persist search terms embedding for client/app/containers/Cart/index.js
2025-08-13 10:20:51,621 - Knowledge - INFO - start ingest for /app/data/b2c/156786/b5961k4/mern-ecommerce-156786/client/app/containers/ResetPassword/index.js
2025-08-13 10:20:51,718 - Knowledge - INFO - Found code_base: <app.utils.kg_build.knowledge.KnowledgeCodeBase object at 0x7fdc0fcfba90>
2025-08-13 10:20:51,967 - Knowledge - INFO - persist ingested knowledge for /app/data/b2c/156786/b5961k4/mern-ecommerce-156786/client/app/containers/Homepage/index.js
2025-08-13 10:20:52,099 - Knowledge - INFO - worker kw23 pull /app/data/b2c/156786/b5961k4/mern-ecommerce-156786/client/app/containers/Category/List.js from ingest queue
2025-08-13 10:20:52,314 - Knowledge - INFO - persist ingested knowledge for /app/data/b2c/156786/b5961k4/mern-ecommerce-156786/client/app/containers/Address/constants.js
2025-08-13 10:20:52,565 - Knowledge - INFO - Thread kw23 - File List.js - Remaining files in queue: 61
2025-08-13 10:20:52,642 - Knowledge - INFO - persist search terms embedding for client/app/containers/Shop/index.js
2025-08-13 10:20:52,792 - Knowledge - INFO - start ingest for /app/data/b2c/156786/b5961k4/mern-ecommerce-156786/client/app/containers/Category/List.js
2025-08-13 10:20:52,871 - Knowledge - INFO - done ingest for /app/data/b2c/156786/b5961k4/mern-ecommerce-156786/client/app/containers/Address/reducer.js
2025-08-13 10:20:52,885 - Knowledge - INFO - Found code-base-name: https://github.com/kavia-common/mern-ecommerce-156786.git:kavia-master
2025-08-13 10:20:52,886 - Knowledge - INFO - worker kw16 pull /app/data/b2c/156786/b5961k4/mern-ecommerce-156786/client/app/containers/Category/actions.js from ingest queue
2025-08-13 10:20:52,891 - Knowledge - INFO - worker kw7 pull /app/data/b2c/156786/b5961k4/mern-ecommerce-156786/client/app/containers/Category/Edit.js from ingest queue
2025-08-13 10:20:52,894 - Knowledge - INFO - worker kw25 pull /app/data/b2c/156786/b5961k4/mern-ecommerce-156786/client/app/containers/Category/index.js from ingest queue
2025-08-13 10:20:52,906 - Knowledge - INFO - Found code-base-name: https://github.com/kavia-common/mern-ecommerce-156786.git:kavia-master
2025-08-13 10:20:52,912 - Knowledge - INFO - worker kw3 pull /app/data/b2c/156786/b5961k4/mern-ecommerce-156786/client/app/containers/ProductPage/index.js from ingest queue
2025-08-13 10:20:53,170 - Knowledge - INFO - process ingested knowledge for /app/data/b2c/156786/b5961k4/mern-ecommerce-156786/client/app/containers/Address/reducer.js
2025-08-13 10:20:53,247 - Knowledge - INFO - Found code_base: <app.utils.kg_build.knowledge.KnowledgeCodeBase object at 0x7fdc0fcfba90>
2025-08-13 10:20:53,324 - Knowledge - INFO - Thread kw16 - File actions.js - Remaining files in queue: 57
2025-08-13 10:20:53,443 - Knowledge - INFO - persist search terms embedding for client/app/containers/Address/constants.js
2025-08-13 10:20:53,470 - Knowledge - INFO - Thread kw7 - File Edit.js - Remaining files in queue: 57
2025-08-13 10:20:53,587 - Knowledge - INFO - Thread kw25 - File index.js - Remaining files in queue: 57
2025-08-13 10:20:53,674 - Knowledge - INFO - Found code_base: <app.utils.kg_build.knowledge.KnowledgeCodeBase object at 0x7fdc0fcfba90>
2025-08-13 10:20:53,804 - Knowledge - INFO - Thread kw3 - File index.js - Remaining files in queue: 57
2025-08-13 10:20:54,014 - Knowledge - INFO - persist ingested knowledge for /app/data/b2c/156786/b5961k4/mern-ecommerce-156786/client/app/containers/Cart/actions.js
2025-08-13 10:20:54,164 - Knowledge - INFO - start ingest for /app/data/b2c/156786/b5961k4/mern-ecommerce-156786/client/app/containers/Category/actions.js
2025-08-13 10:20:54,305 - Knowledge - INFO - worker kw4 pull /app/data/b2c/156786/b5961k4/mern-ecommerce-156786/client/app/containers/Product/Add.js from ingest queue
2025-08-13 10:20:54,313 - Knowledge - INFO - worker kw9 pull /app/data/b2c/156786/b5961k4/mern-ecommerce-156786/client/app/containers/Product/index.js from ingest queue
2025-08-13 10:20:54,447 - Knowledge - INFO - start ingest for /app/data/b2c/156786/b5961k4/mern-ecommerce-156786/client/app/containers/Category/Edit.js
2025-08-13 10:20:54,556 - Knowledge - INFO - start ingest for /app/data/b2c/156786/b5961k4/mern-ecommerce-156786/client/app/containers/Category/index.js
2025-08-13 10:20:54,674 - Knowledge - INFO - persist ingested knowledge for /app/data/b2c/156786/b5961k4/mern-ecommerce-156786/client/app/containers/Address/Add.js
2025-08-13 10:20:54,757 - Knowledge - INFO - done ingest for /app/data/b2c/156786/b5961k4/mern-ecommerce-156786/client/app/containers/ResetPassword/reducer.js
2025-08-13 10:20:54,782 - Knowledge - INFO - start ingest for /app/data/b2c/156786/b5961k4/mern-ecommerce-156786/client/app/containers/ProductPage/index.js
2025-08-13 10:20:54,836 - Knowledge - INFO - persist search terms embedding for client/app/containers/Homepage/index.js
2025-08-13 10:20:55,092 - Knowledge - INFO - done ingest for /app/data/b2c/156786/b5961k4/mern-ecommerce-156786/client/app/containers/Address/Edit.js
2025-08-13 10:20:55,104 - Knowledge - INFO - Thread kw4 - File Add.js - Remaining files in queue: 55
2025-08-13 10:20:55,214 - Knowledge - INFO - Thread kw9 - File index.js - Remaining files in queue: 55
2025-08-13 10:20:55,676 - Knowledge - INFO - process ingested knowledge for /app/data/b2c/156786/b5961k4/mern-ecommerce-156786/client/app/containers/ResetPassword/reducer.js
2025-08-13 10:20:55,813 - Knowledge - INFO - Found code-base-name: https://github.com/kavia-common/mern-ecommerce-156786.git:kavia-master
2025-08-13 10:20:55,813 - Knowledge - INFO - Found code-base-name: https://github.com/kavia-common/mern-ecommerce-156786.git:kavia-master
2025-08-13 10:20:55,819 - Knowledge - INFO - worker kw1 pull /app/data/b2c/156786/b5961k4/mern-ecommerce-156786/client/app/containers/Product/List.js from ingest queue
2025-08-13 10:20:56,012 - Knowledge - INFO - process ingested knowledge for /app/data/b2c/156786/b5961k4/mern-ecommerce-156786/client/app/containers/Address/Edit.js
2025-08-13 10:20:56,051 - Knowledge - INFO - start ingest for /app/data/b2c/156786/b5961k4/mern-ecommerce-156786/client/app/containers/Product/Add.js
2025-08-13 10:20:56,159 - Knowledge - INFO - start ingest for /app/data/b2c/156786/b5961k4/mern-ecommerce-156786/client/app/containers/Product/index.js
2025-08-13 10:20:56,297 - Knowledge - INFO - persist search terms embedding for client/app/containers/Signup/index.js
2025-08-13 10:20:56,439 - Knowledge - INFO - Found code_base: <app.utils.kg_build.knowledge.KnowledgeCodeBase object at 0x7fdc0fcfba90>
2025-08-13 10:20:56,443 - Knowledge - INFO - done ingest for /app/data/b2c/156786/b5961k4/mern-ecommerce-156786/client/app/containers/Address/index.js
2025-08-13 10:20:56,553 - Knowledge - INFO - Found code_base: <app.utils.kg_build.knowledge.KnowledgeCodeBase object at 0x7fdc0fcfba90>
2025-08-13 10:20:56,676 - Knowledge - INFO - Thread kw1 - File List.js - Remaining files in queue: 54
2025-08-13 10:20:57,193 - Knowledge - INFO - done ingest for /app/data/b2c/156786/b5961k4/mern-ecommerce-156786/client/app/containers/ResetPassword/actions.js
2025-08-13 10:20:57,265 - Knowledge - INFO - persist ingested knowledge for /app/data/b2c/156786/b5961k4/mern-ecommerce-156786/client/app/containers/Address/reducer.js
2025-08-13 10:20:57,440 - Knowledge - INFO - process ingested knowledge for /app/data/b2c/156786/b5961k4/mern-ecommerce-156786/client/app/containers/Address/index.js
2025-08-13 10:20:57,486 - Knowledge - INFO - persist ingested knowledge for /app/data/b2c/156786/b5961k4/mern-ecommerce-156786/client/app/containers/Signup/actions.js
2025-08-13 10:20:57,592 - Knowledge - INFO - start ingest for /app/data/b2c/156786/b5961k4/mern-ecommerce-156786/client/app/containers/Product/List.js
2025-08-13 10:20:57,743 - Knowledge - INFO - persist search terms embedding for client/app/containers/Address/Add.js
2025-08-13 10:20:57,769 - Knowledge - INFO - done ingest for /app/data/b2c/156786/b5961k4/mern-ecommerce-156786/client/app/containers/Address/actions.js
2025-08-13 10:20:57,772 - Knowledge - INFO - process ingested knowledge for /app/data/b2c/156786/b5961k4/mern-ecommerce-156786/client/app/containers/ResetPassword/actions.js
2025-08-13 10:20:58,289 - Knowledge - INFO - worker kw11 pull /app/data/b2c/156786/b5961k4/mern-ecommerce-156786/client/app/containers/Product/actions.js from ingest queue
2025-08-13 10:20:58,344 - Knowledge - INFO - done ingest for /app/data/b2c/156786/b5961k4/mern-ecommerce-156786/client/app/containers/Category/constants.js
2025-08-13 10:20:58,456 - Knowledge - INFO - process ingested knowledge for /app/data/b2c/156786/b5961k4/mern-ecommerce-156786/client/app/containers/Address/actions.js
2025-08-13 10:20:58,576 - Knowledge - INFO - Thread kw11 - File actions.js - Remaining files in queue: 53
2025-08-13 10:20:58,723 - Knowledge - INFO - process ingested knowledge for /app/data/b2c/156786/b5961k4/mern-ecommerce-156786/client/app/containers/Category/constants.js
2025-08-13 10:20:58,878 - Knowledge - INFO - persist search terms embedding for client/app/containers/Cart/actions.js
2025-08-13 10:20:58,912 - Knowledge - INFO - done ingest for /app/data/b2c/156786/b5961k4/mern-ecommerce-156786/client/app/containers/ProductsShop/index.js
2025-08-13 10:20:58,925 - Knowledge - INFO - start ingest for /app/data/b2c/156786/b5961k4/mern-ecommerce-156786/client/app/containers/Product/actions.js
2025-08-13 10:20:59,174 - Knowledge - INFO - Found code-base-name: https://github.com/kavia-common/mern-ecommerce-156786.git:kavia-master
2025-08-13 10:20:59,179 - Knowledge - INFO - worker kw18 pull /app/data/b2c/156786/b5961k4/mern-ecommerce-156786/client/app/containers/Login/constants.js from ingest queue
2025-08-13 10:20:59,291 - Knowledge - INFO - process ingested knowledge for /app/data/b2c/156786/b5961k4/mern-ecommerce-156786/client/app/containers/ProductsShop/index.js
2025-08-13 10:20:59,478 - Knowledge - INFO - Found code_base: <app.utils.kg_build.knowledge.KnowledgeCodeBase object at 0x7fdc0fcfba90>
2025-08-13 10:20:59,564 - Knowledge - INFO - Thread kw18 - File constants.js - Remaining files in queue: 52
2025-08-13 10:20:59,722 - Knowledge - INFO - persist search terms embedding for client/app/containers/Address/reducer.js
2025-08-13 10:20:59,767 - Knowledge - INFO - persist ingested knowledge for /app/data/b2c/156786/b5961k4/mern-ecommerce-156786/client/app/containers/Address/Edit.js
2025-08-13 10:20:59,855 - Knowledge - INFO - start ingest for /app/data/b2c/156786/b5961k4/mern-ecommerce-156786/client/app/containers/Login/constants.js
2025-08-13 10:20:59,935 - Knowledge - INFO - done ingest for /app/data/b2c/156786/b5961k4/mern-ecommerce-156786/client/app/containers/Category/reducer.js
2025-08-13 10:21:00,158 - Knowledge - INFO - done ingest for /app/data/b2c/156786/b5961k4/mern-ecommerce-156786/client/app/containers/Address/List.js
2025-08-13 10:21:00,229 - Knowledge - INFO - Fast-track processing for simple file: /app/data/b2c/156786/b5961k4/mern-ecommerce-156786/client/app/containers/Login/constants.js
2025-08-13 10:21:00,384 - Knowledge - INFO - done ingest for /app/data/b2c/156786/b5961k4/mern-ecommerce-156786/client/app/containers/Category/Add.js
2025-08-13 10:21:00,507 - Knowledge - INFO - process ingested knowledge for /app/data/b2c/156786/b5961k4/mern-ecommerce-156786/client/app/containers/Category/reducer.js
2025-08-13 10:21:00,602 - Knowledge - INFO - persist search terms embedding for client/app/containers/Signup/actions.js
2025-08-13 10:21:00,621 - Knowledge - INFO - process ingested knowledge for /app/data/b2c/156786/b5961k4/mern-ecommerce-156786/client/app/containers/Address/List.js
2025-08-13 10:21:00,660 - Knowledge - INFO - done fast ingest for /app/data/b2c/156786/b5961k4/mern-ecommerce-156786/client/app/containers/Login/constants.js
2025-08-13 10:21:00,813 - Knowledge - INFO - process ingested knowledge for /app/data/b2c/156786/b5961k4/mern-ecommerce-156786/client/app/containers/Category/Add.js
2025-08-13 10:21:00,951 - Knowledge - INFO - Found code-base-name: https://github.com/kavia-common/mern-ecommerce-156786.git:kavia-master
2025-08-13 10:21:00,953 - Knowledge - INFO - worker kw12 pull /app/data/b2c/156786/b5961k4/mern-ecommerce-156786/client/app/containers/Product/Edit.js from ingest queue
2025-08-13 10:21:00,954 - Knowledge - INFO - Found code-base-name: https://github.com/kavia-common/mern-ecommerce-156786.git:kavia-master
2025-08-13 10:21:00,958 - Knowledge - INFO - Found code-base-name: https://github.com/kavia-common/mern-ecommerce-156786.git:kavia-master
2025-08-13 10:21:00,963 - Knowledge - INFO - Found code-base-name: https://github.com/kavia-common/mern-ecommerce-156786.git:kavia-master
2025-08-13 10:21:00,979 - Knowledge - INFO - worker kw15 pull /app/data/b2c/156786/b5961k4/mern-ecommerce-156786/client/app/containers/Login/reducer.js from ingest queue
2025-08-13 10:21:00,983 - Knowledge - INFO - Found code-base-name: https://github.com/kavia-common/mern-ecommerce-156786.git:kavia-master
2025-08-13 10:21:01,204 - Knowledge - INFO - process ingested knowledge for /app/data/b2c/156786/b5961k4/mern-ecommerce-156786/client/app/containers/Login/constants.js
2025-08-13 10:21:01,355 - Knowledge - INFO - Found code_base: <app.utils.kg_build.knowledge.KnowledgeCodeBase object at 0x7fdc0fcfba90>
2025-08-13 10:21:01,475 - Knowledge - INFO - Thread kw12 - File Edit.js - Remaining files in queue: 50
2025-08-13 10:21:01,509 - Knowledge - INFO - persist search terms embedding for client/app/containers/Address/Edit.js
2025-08-13 10:21:01,570 - Knowledge - INFO - Found code_base: <app.utils.kg_build.knowledge.KnowledgeCodeBase object at 0x7fdc0fcfba90>
2025-08-13 10:21:01,684 - Knowledge - INFO - Found code_base: <app.utils.kg_build.knowledge.KnowledgeCodeBase object at 0x7fdc0fcfba90>
2025-08-13 10:21:02,655 - Knowledge - INFO - persist ingested knowledge for /app/data/b2c/156786/b5961k4/mern-ecommerce-156786/client/app/containers/Category/constants.js
2025-08-13 10:21:01,900 - Knowledge - INFO - Thread kw15 - File reducer.js - Remaining files in queue: 50
2025-08-13 10:21:01,982 - Knowledge - INFO - Found code_base: <app.utils.kg_build.knowledge.KnowledgeCodeBase object at 0x7fdc0fcfba90>
2025-08-13 10:21:02,065 - Knowledge - INFO - done ingest for /app/data/b2c/156786/b5961k4/mern-ecommerce-156786/client/app/containers/ResetPassword/index.js
2025-08-13 10:21:02,218 - Knowledge - INFO - persist ingested knowledge for /app/data/b2c/156786/b5961k4/mern-ecommerce-156786/client/app/containers/ResetPassword/reducer.js
2025-08-13 10:21:02,330 - Knowledge - INFO - start ingest for /app/data/b2c/156786/b5961k4/mern-ecommerce-156786/client/app/containers/Product/Edit.js
2025-08-13 10:21:02,435 - Knowledge - INFO - done ingest for /app/data/b2c/156786/b5961k4/mern-ecommerce-156786/client/app/containers/Category/List.js
2025-08-13 10:21:02,459 - Knowledge - INFO - Found code-base-name: https://github.com/kavia-common/mern-ecommerce-156786.git:kavia-master
2025-08-13 10:21:02,460 - Knowledge - INFO - worker kw21 pull /app/data/b2c/156786/b5961k4/mern-ecommerce-156786/client/app/containers/AccountSecurity/index.js from ingest queue
2025-08-13 10:21:02,461 - Knowledge - INFO - Found code-base-name: https://github.com/kavia-common/mern-ecommerce-156786.git:kavia-master
2025-08-13 10:21:02,467 - Knowledge - INFO - Found code-base-name: https://github.com/kavia-common/mern-ecommerce-156786.git:kavia-master
2025-08-13 10:21:02,476 - Knowledge - INFO - Found code-base-name: https://github.com/kavia-common/mern-ecommerce-156786.git:kavia-master
2025-08-13 10:21:02,481 - Knowledge - INFO - Found code-base-name: https://github.com/kavia-common/mern-ecommerce-156786.git:kavia-master
2025-08-13 10:21:02,485 - Knowledge - INFO - worker kw5 pull /app/data/b2c/156786/b5961k4/mern-ecommerce-156786/client/app/containers/Login/index.js from ingest queue
2025-08-13 10:21:02,488 - Knowledge - INFO - worker kw2 pull /app/data/b2c/156786/b5961k4/mern-ecommerce-156786/client/app/containers/Newsletter/actions.js from ingest queue
2025-08-13 10:21:02,536 - Knowledge - INFO - persist ingested knowledge for /app/data/b2c/156786/b5961k4/mern-ecommerce-156786/client/app/containers/ResetPassword/actions.js
2025-08-13 10:21:01,775 - Knowledge - INFO - Found code_base: <app.utils.kg_build.knowledge.KnowledgeCodeBase object at 0x7fdc0fcfba90>
2025-08-13 10:21:02,887 - Knowledge - INFO - start ingest for /app/data/b2c/156786/b5961k4/mern-ecommerce-156786/client/app/containers/Login/reducer.js
2025-08-13 10:21:03,002 - Knowledge - INFO - persist ingested knowledge for /app/data/b2c/156786/b5961k4/mern-ecommerce-156786/client/app/containers/ProductsShop/index.js
2025-08-13 10:21:03,184 - Knowledge - INFO - process ingested knowledge for /app/data/b2c/156786/b5961k4/mern-ecommerce-156786/client/app/containers/ResetPassword/index.js
2025-08-13 10:21:03,313 - Knowledge - INFO - persist search terms embedding for client/app/containers/Category/constants.js
2025-08-13 10:21:03,545 - Knowledge - INFO - process ingested knowledge for /app/data/b2c/156786/b5961k4/mern-ecommerce-156786/client/app/containers/Category/List.js
2025-08-13 10:21:03,563 - Knowledge - INFO - Found code_base: <app.utils.kg_build.knowledge.KnowledgeCodeBase object at 0x7fdc0fcfba90>
2025-08-13 10:21:03,671 - Knowledge - INFO - Thread kw21 - File index.js - Remaining files in queue: 47
2025-08-13 10:21:03,799 - Knowledge - INFO - Found code_base: <app.utils.kg_build.knowledge.KnowledgeCodeBase object at 0x7fdc0fcfba90>
2025-08-13 10:21:03,904 - Knowledge - INFO - Found code_base: <app.utils.kg_build.knowledge.KnowledgeCodeBase object at 0x7fdc0fcfba90>
2025-08-13 10:21:04,019 - Knowledge - INFO - Found code_base: <app.utils.kg_build.knowledge.KnowledgeCodeBase object at 0x7fdc0fcfba90>
2025-08-13 10:21:04,124 - Knowledge - INFO - Found code_base: <app.utils.kg_build.knowledge.KnowledgeCodeBase object at 0x7fdc0fcfba90>
2025-08-13 10:21:04,247 - Knowledge - INFO - Thread kw5 - File index.js - Remaining files in queue: 47
2025-08-13 10:21:04,342 - Knowledge - INFO - Thread kw2 - File actions.js - Remaining files in queue: 47
2025-08-13 10:21:04,570 - Knowledge - INFO - persist ingested knowledge for /app/data/b2c/156786/b5961k4/mern-ecommerce-156786/client/app/containers/Address/index.js
2025-08-13 10:21:05,277 - Knowledge - INFO - persist ingested knowledge for /app/data/b2c/156786/b5961k4/mern-ecommerce-156786/client/app/containers/Category/reducer.js
2025-08-13 10:21:05,401 - Knowledge - INFO - start ingest for /app/data/b2c/156786/b5961k4/mern-ecommerce-156786/client/app/containers/AccountSecurity/index.js
2025-08-13 10:21:05,517 - Knowledge - INFO - persist ingested knowledge for /app/data/b2c/156786/b5961k4/mern-ecommerce-156786/client/app/containers/Address/actions.js
2025-08-13 10:21:05,603 - Knowledge - INFO - persist search terms embedding for client/app/containers/ResetPassword/reducer.js
2025-08-13 10:21:05,625 - Knowledge - INFO - persist ingested knowledge for /app/data/b2c/156786/b5961k4/mern-ecommerce-156786/client/app/containers/Address/List.js
2025-08-13 10:21:05,734 - Knowledge - INFO - persist ingested knowledge for /app/data/b2c/156786/b5961k4/mern-ecommerce-156786/client/app/containers/Category/Add.js
2025-08-13 10:21:05,860 - Knowledge - INFO - persist ingested knowledge for /app/data/b2c/156786/b5961k4/mern-ecommerce-156786/client/app/containers/Login/constants.js
2025-08-13 10:21:05,966 - Knowledge - INFO - start ingest for /app/data/b2c/156786/b5961k4/mern-ecommerce-156786/client/app/containers/Login/index.js
2025-08-13 10:21:06,061 - Knowledge - INFO - start ingest for /app/data/b2c/156786/b5961k4/mern-ecommerce-156786/client/app/containers/Newsletter/actions.js
2025-08-13 10:21:07,575 - Knowledge - INFO - persist search terms embedding for client/app/containers/ResetPassword/actions.js
2025-08-13 10:21:08,163 - Knowledge - INFO - persist search terms embedding for client/app/containers/ProductsShop/index.js
2025-08-13 10:21:08,255 - Knowledge - INFO - Found code-base-name: https://github.com/kavia-common/mern-ecommerce-156786.git:kavia-master
2025-08-13 10:21:08,257 - Knowledge - INFO - worker kw17 pull /app/data/b2c/156786/b5961k4/mern-ecommerce-156786/client/app/containers/Login/actions.js from ingest queue
2025-08-13 10:21:08,259 - Knowledge - INFO - Found code-base-name: https://github.com/kavia-common/mern-ecommerce-156786.git:kavia-master
2025-08-13 10:21:08,354 - Knowledge - INFO - Found code_base: <app.utils.kg_build.knowledge.KnowledgeCodeBase object at 0x7fdc0fcfba90>
2025-08-13 10:21:08,485 - Knowledge - INFO - Thread kw17 - File actions.js - Remaining files in queue: 46
2025-08-13 10:21:08,597 - Knowledge - INFO - Found code_base: <app.utils.kg_build.knowledge.KnowledgeCodeBase object at 0x7fdc0fcfba90>
2025-08-13 10:21:08,634 - Knowledge - INFO - done ingest for /app/data/b2c/156786/b5961k4/mern-ecommerce-156786/client/app/containers/Category/Edit.js
2025-08-13 10:21:08,685 - Knowledge - INFO - persist ingested knowledge for /app/data/b2c/156786/b5961k4/mern-ecommerce-156786/client/app/containers/ResetPassword/index.js
2025-08-13 10:21:08,765 - Knowledge - INFO - start ingest for /app/data/b2c/156786/b5961k4/mern-ecommerce-156786/client/app/containers/Login/actions.js
2025-08-13 10:21:08,872 - Knowledge - INFO - persist search terms embedding for client/app/containers/Category/reducer.js
2025-08-13 10:21:08,880 - Knowledge - INFO - persist ingested knowledge for /app/data/b2c/156786/b5961k4/mern-ecommerce-156786/client/app/containers/Category/List.js
2025-08-13 10:21:09,030 - Knowledge - INFO - process ingested knowledge for /app/data/b2c/156786/b5961k4/mern-ecommerce-156786/client/app/containers/Category/Edit.js
2025-08-13 10:21:09,684 - Knowledge - INFO - done ingest for /app/data/b2c/156786/b5961k4/mern-ecommerce-156786/client/app/containers/Category/index.js
2025-08-13 10:21:09,826 - Knowledge - INFO - process ingested knowledge for /app/data/b2c/156786/b5961k4/mern-ecommerce-156786/client/app/containers/Category/index.js
2025-08-13 10:21:09,828 - Knowledge - INFO - persist search terms embedding for client/app/containers/Address/actions.js
2025-08-13 10:21:10,065 - Knowledge - INFO - worker kw14 pull /app/data/b2c/156786/b5961k4/mern-ecommerce-156786/client/app/containers/NavigationMenu/actions.js from ingest queue
2025-08-13 10:21:10,177 - Knowledge - INFO - Thread kw14 - File actions.js - Remaining files in queue: 45
2025-08-13 10:21:10,314 - Knowledge - INFO - start ingest for /app/data/b2c/156786/b5961k4/mern-ecommerce-156786/client/app/containers/NavigationMenu/actions.js
2025-08-13 10:21:10,438 - Knowledge - INFO - Fast-track processing for simple file: /app/data/b2c/156786/b5961k4/mern-ecommerce-156786/client/app/containers/NavigationMenu/actions.js
2025-08-13 10:21:10,538 - Knowledge - INFO - done fast ingest for /app/data/b2c/156786/b5961k4/mern-ecommerce-156786/client/app/containers/NavigationMenu/actions.js
2025-08-13 10:21:10,559 - Knowledge - INFO - persist search terms embedding for client/app/containers/Category/Add.js
2025-08-13 10:21:10,622 - Knowledge - INFO - done ingest for /app/data/b2c/156786/b5961k4/mern-ecommerce-156786/client/app/containers/Product/Add.js
2025-08-13 10:21:10,694 - Knowledge - INFO - process ingested knowledge for /app/data/b2c/156786/b5961k4/mern-ecommerce-156786/client/app/containers/NavigationMenu/actions.js
2025-08-13 10:21:10,932 - Knowledge - INFO - process ingested knowledge for /app/data/b2c/156786/b5961k4/mern-ecommerce-156786/client/app/containers/Product/Add.js
2025-08-13 10:21:10,944 - Knowledge - INFO - worker kw24 pull /app/data/b2c/156786/b5961k4/mern-ecommerce-156786/client/app/containers/NavigationMenu/reducer.js from ingest queue
2025-08-13 10:21:10,945 - Knowledge - INFO - worker kw20 pull /app/data/b2c/156786/b5961k4/mern-ecommerce-156786/client/app/containers/Product/constants.js from ingest queue
2025-08-13 10:21:11,216 - Knowledge - INFO - Thread kw24 - File reducer.js - Remaining files in queue: 43
2025-08-13 10:21:11,321 - Knowledge - INFO - Thread kw20 - File constants.js - Remaining files in queue: 43
2025-08-13 10:21:11,347 - Knowledge - INFO - done ingest for /app/data/b2c/156786/b5961k4/mern-ecommerce-156786/client/app/containers/Product/index.js
2025-08-13 10:21:11,426 - Knowledge - INFO - start ingest for /app/data/b2c/156786/b5961k4/mern-ecommerce-156786/client/app/containers/NavigationMenu/reducer.js
2025-08-13 10:21:11,508 - Knowledge - INFO - start ingest for /app/data/b2c/156786/b5961k4/mern-ecommerce-156786/client/app/containers/Product/constants.js
2025-08-13 10:21:11,681 - Knowledge - INFO - process ingested knowledge for /app/data/b2c/156786/b5961k4/mern-ecommerce-156786/client/app/containers/Product/index.js
2025-08-13 10:21:11,717 - Knowledge - INFO - persist search terms embedding for client/app/containers/ResetPassword/index.js
2025-08-13 10:21:11,730 - Knowledge - INFO - Fast-track processing for simple file: /app/data/b2c/156786/b5961k4/mern-ecommerce-156786/client/app/containers/NavigationMenu/reducer.js
2025-08-13 10:21:12,122 - Knowledge - INFO - done fast ingest for /app/data/b2c/156786/b5961k4/mern-ecommerce-156786/client/app/containers/NavigationMenu/reducer.js
2025-08-13 10:21:12,287 - Knowledge - INFO - process ingested knowledge for /app/data/b2c/156786/b5961k4/mern-ecommerce-156786/client/app/containers/NavigationMenu/reducer.js
2025-08-13 10:21:12,494 - Knowledge - INFO - persist search terms embedding for client/app/containers/Category/List.js
2025-08-13 10:21:12,588 - Knowledge - INFO - Found code-base-name: https://github.com/kavia-common/mern-ecommerce-156786.git:kavia-master
2025-08-13 10:21:12,599 - Knowledge - INFO - Found code-base-name: https://github.com/kavia-common/mern-ecommerce-156786.git:kavia-master
2025-08-13 10:21:12,599 - Knowledge - INFO - worker kw13 pull /app/data/b2c/156786/b5961k4/mern-ecommerce-156786/client/app/containers/OrderPage/index.js from ingest queue
2025-08-13 10:21:12,681 - Knowledge - INFO - Found code_base: <app.utils.kg_build.knowledge.KnowledgeCodeBase object at 0x7fdc0fcfba90>
2025-08-13 10:21:12,805 - Knowledge - INFO - Found code_base: <app.utils.kg_build.knowledge.KnowledgeCodeBase object at 0x7fdc0fcfba90>
2025-08-13 10:21:12,914 - Knowledge - INFO - Thread kw13 - File index.js - Remaining files in queue: 42
2025-08-13 10:21:13,035 - Knowledge - INFO - persist ingested knowledge for /app/data/b2c/156786/b5961k4/mern-ecommerce-156786/client/app/containers/Category/Edit.js
2025-08-13 10:21:13,149 - Knowledge - INFO - persist search terms embedding for client/app/containers/Address/List.js
2025-08-13 10:21:13,161 - Knowledge - INFO - persist ingested knowledge for /app/data/b2c/156786/b5961k4/mern-ecommerce-156786/client/app/containers/Category/index.js
2025-08-13 10:21:13,179 - Knowledge - INFO - done ingest for /app/data/b2c/156786/b5961k4/mern-ecommerce-156786/client/app/containers/Product/List.js
2025-08-13 10:21:13,279 - Knowledge - INFO - start ingest for /app/data/b2c/156786/b5961k4/mern-ecommerce-156786/client/app/containers/OrderPage/index.js
2025-08-13 10:21:13,478 - Knowledge - INFO - worker kw18 pull /app/data/b2c/156786/b5961k4/mern-ecommerce-156786/client/app/containers/OrderSuccess/index.js from ingest queue
2025-08-13 10:21:13,943 - Knowledge - INFO - Thread kw18 - File index.js - Remaining files in queue: 41
2025-08-13 10:21:13,734 - Knowledge - INFO - process ingested knowledge for /app/data/b2c/156786/b5961k4/mern-ecommerce-156786/client/app/containers/Product/List.js
2025-08-13 10:21:13,987 - Knowledge - INFO - done ingest for /app/data/b2c/156786/b5961k4/mern-ecommerce-156786/client/app/containers/Login/reducer.js
2025-08-13 10:21:14,008 - Knowledge - INFO - persist search terms embedding for client/app/containers/Address/index.js
2025-08-13 10:21:14,088 - Knowledge - INFO - start ingest for /app/data/b2c/156786/b5961k4/mern-ecommerce-156786/client/app/containers/OrderSuccess/index.js
2025-08-13 10:21:14,411 - Knowledge - INFO - process ingested knowledge for /app/data/b2c/156786/b5961k4/mern-ecommerce-156786/client/app/containers/Login/reducer.js
2025-08-13 10:21:14,478 - Knowledge - INFO - Found code-base-name: https://github.com/kavia-common/mern-ecommerce-156786.git:kavia-master
2025-08-13 10:21:14,490 - Knowledge - INFO - Found code-base-name: https://github.com/kavia-common/mern-ecommerce-156786.git:kavia-master
2025-08-13 10:21:14,502 - Knowledge - INFO - Found code-base-name: https://github.com/kavia-common/mern-ecommerce-156786.git:kavia-master
2025-08-13 10:21:14,504 - Knowledge - INFO - worker kw8 pull /app/data/b2c/156786/b5961k4/mern-ecommerce-156786/client/app/containers/Product/reducer.js from ingest queue
2025-08-13 10:21:14,506 - Knowledge - INFO - Found code-base-name: https://github.com/kavia-common/mern-ecommerce-156786.git:kavia-master
2025-08-13 10:21:14,508 - Knowledge - INFO - worker kw23 pull /app/data/b2c/156786/b5961k4/mern-ecommerce-156786/client/app/containers/NavigationMenu/constants.js from ingest queue
2025-08-13 10:21:14,723 - Knowledge - INFO - done ingest for /app/data/b2c/156786/b5961k4/mern-ecommerce-156786/client/app/containers/ProductPage/index.js
2025-08-13 10:21:14,786 - Knowledge - INFO - Found code_base: <app.utils.kg_build.knowledge.KnowledgeCodeBase object at 0x7fdc0fcfba90>
2025-08-13 10:21:14,917 - Knowledge - INFO - Found code_base: <app.utils.kg_build.knowledge.KnowledgeCodeBase object at 0x7fdc0fcfba90>
2025-08-13 10:21:15,010 - Knowledge - INFO - Found code_base: <app.utils.kg_build.knowledge.KnowledgeCodeBase object at 0x7fdc0fcfba90>
2025-08-13 10:21:15,044 - Knowledge - INFO - persist search terms embedding for client/app/containers/Category/Edit.js
2025-08-13 10:21:15,124 - Knowledge - INFO - Thread kw8 - File reducer.js - Remaining files in queue: 39
2025-08-13 10:21:15,215 - Knowledge - INFO - Found code_base: <app.utils.kg_build.knowledge.KnowledgeCodeBase object at 0x7fdc0fcfba90>
2025-08-13 10:21:16,041 - Knowledge - INFO - persist ingested knowledge for /app/data/b2c/156786/b5961k4/mern-ecommerce-156786/client/app/containers/NavigationMenu/reducer.js
2025-08-13 10:21:15,440 - Knowledge - INFO - process ingested knowledge for /app/data/b2c/156786/b5961k4/mern-ecommerce-156786/client/app/containers/ProductPage/index.js
2025-08-13 10:21:15,502 - Knowledge - INFO - persist ingested knowledge for /app/data/b2c/156786/b5961k4/mern-ecommerce-156786/client/app/containers/NavigationMenu/actions.js
2025-08-13 10:21:15,647 - Knowledge - INFO - persist ingested knowledge for /app/data/b2c/156786/b5961k4/mern-ecommerce-156786/client/app/containers/Product/Add.js
2025-08-13 10:21:15,720 - Knowledge - INFO - done ingest for /app/data/b2c/156786/b5961k4/mern-ecommerce-156786/client/app/containers/Category/actions.js
2025-08-13 10:21:15,767 - Knowledge - INFO - persist ingested knowledge for /app/data/b2c/156786/b5961k4/mern-ecommerce-156786/client/app/containers/Product/index.js
2025-08-13 10:21:15,873 - Knowledge - INFO - worker kw10 pull /app/data/b2c/156786/b5961k4/mern-ecommerce-156786/client/app/containers/Newsletter/index.js from ingest queue
2025-08-13 10:21:15,950 - Knowledge - INFO - start ingest for /app/data/b2c/156786/b5961k4/mern-ecommerce-156786/client/app/containers/Product/reducer.js
2025-08-13 10:21:15,317 - Knowledge - INFO - Thread kw23 - File constants.js - Remaining files in queue: 39
2025-08-13 10:21:16,445 - Knowledge - INFO - persist search terms embedding for client/app/containers/Category/index.js
2025-08-13 10:21:16,634 - Knowledge - INFO - process ingested knowledge for /app/data/b2c/156786/b5961k4/mern-ecommerce-156786/client/app/containers/Category/actions.js
2025-08-13 10:21:16,710 - Knowledge - INFO - done ingest for /app/data/b2c/156786/b5961k4/mern-ecommerce-156786/client/app/containers/Product/Edit.js
2025-08-13 10:21:16,779 - Knowledge - INFO - Thread kw10 - File index.js - Remaining files in queue: 38
2025-08-13 10:21:16,939 - Knowledge - INFO - start ingest for /app/data/b2c/156786/b5961k4/mern-ecommerce-156786/client/app/containers/NavigationMenu/constants.js
2025-08-13 10:21:17,053 - Knowledge - INFO - worker kw22 pull /app/data/b2c/156786/b5961k4/mern-ecommerce-156786/client/app/containers/Newsletter/constants.js from ingest queue
2025-08-13 10:21:17,054 - Knowledge - INFO - worker kw19 pull /app/data/b2c/156786/b5961k4/mern-ecommerce-156786/client/app/containers/Newsletter/reducer.js from ingest queue
2025-08-13 10:21:17,064 - Knowledge - INFO - Found code-base-name: https://github.com/kavia-common/mern-ecommerce-156786.git:kavia-master
2025-08-13 10:21:17,064 - Knowledge - INFO - Found code-base-name: https://github.com/kavia-common/mern-ecommerce-156786.git:kavia-master
2025-08-13 10:21:17,244 - Knowledge - INFO - Found code-base-name: https://github.com/kavia-common/mern-ecommerce-156786.git:kavia-master
2025-08-13 10:21:17,297 - Knowledge - INFO - process ingested knowledge for /app/data/b2c/156786/b5961k4/mern-ecommerce-156786/client/app/containers/Product/Edit.js
2025-08-13 10:21:17,337 - Knowledge - INFO - start ingest for /app/data/b2c/156786/b5961k4/mern-ecommerce-156786/client/app/containers/Newsletter/index.js
2025-08-13 10:21:17,471 - Knowledge - INFO - done ingest for /app/data/b2c/156786/b5961k4/mern-ecommerce-156786/client/app/containers/AccountSecurity/index.js
2025-08-13 10:21:17,493 - Knowledge - INFO - Fast-track processing for simple file: /app/data/b2c/156786/b5961k4/mern-ecommerce-156786/client/app/containers/NavigationMenu/constants.js
2025-08-13 10:21:17,573 - Knowledge - INFO - Thread kw22 - File constants.js - Remaining files in queue: 36
2025-08-13 10:21:17,688 - Knowledge - INFO - Thread kw19 - File reducer.js - Remaining files in queue: 36
2025-08-13 10:21:17,791 - Knowledge - INFO - Found code_base: <app.utils.kg_build.knowledge.KnowledgeCodeBase object at 0x7fdc0fcfba90>
2025-08-13 10:21:17,882 - Knowledge - INFO - Found code_base: <app.utils.kg_build.knowledge.KnowledgeCodeBase object at 0x7fdc0fcfba90>
2025-08-13 10:21:17,977 - Knowledge - INFO - persist search terms embedding for client/app/containers/Product/Add.js
2025-08-13 10:21:17,997 - Knowledge - INFO - Found code_base: <app.utils.kg_build.knowledge.KnowledgeCodeBase object at 0x7fdc0fcfba90>
2025-08-13 10:21:18,349 - Knowledge - INFO - process ingested knowledge for /app/data/b2c/156786/b5961k4/mern-ecommerce-156786/client/app/containers/AccountSecurity/index.js
2025-08-13 10:21:18,445 - Knowledge - INFO - done fast ingest for /app/data/b2c/156786/b5961k4/mern-ecommerce-156786/client/app/containers/NavigationMenu/constants.js
2025-08-13 10:21:18,538 - Knowledge - INFO - start ingest for /app/data/b2c/156786/b5961k4/mern-ecommerce-156786/client/app/containers/Newsletter/constants.js
2025-08-13 10:21:18,661 - Knowledge - INFO - start ingest for /app/data/b2c/156786/b5961k4/mern-ecommerce-156786/client/app/containers/Newsletter/reducer.js
2025-08-13 10:21:18,772 - Knowledge - INFO - persist ingested knowledge for /app/data/b2c/156786/b5961k4/mern-ecommerce-156786/client/app/containers/Login/reducer.js
2025-08-13 10:21:18,888 - Knowledge - INFO - persist ingested knowledge for /app/data/b2c/156786/b5961k4/mern-ecommerce-156786/client/app/containers/Product/List.js
2025-08-13 10:21:19,028 - Knowledge - INFO - done ingest for /app/data/b2c/156786/b5961k4/mern-ecommerce-156786/client/app/containers/Newsletter/actions.js
2025-08-13 10:21:19,163 - Knowledge - INFO - persist ingested knowledge for /app/data/b2c/156786/b5961k4/mern-ecommerce-156786/client/app/containers/ProductPage/index.js
2025-08-13 10:21:19,436 - Knowledge - INFO - process ingested knowledge for /app/data/b2c/156786/b5961k4/mern-ecommerce-156786/client/app/containers/NavigationMenu/constants.js
2025-08-13 10:21:19,500 - Knowledge - INFO - done ingest for /app/data/b2c/156786/b5961k4/mern-ecommerce-156786/client/app/containers/Login/index.js
2025-08-13 10:21:19,536 - Knowledge - INFO - Fast-track processing for simple file: /app/data/b2c/156786/b5961k4/mern-ecommerce-156786/client/app/containers/Newsletter/constants.js
2025-08-13 10:21:19,582 - Knowledge - INFO - persist search terms embedding for client/app/containers/Product/index.js
2025-08-13 10:21:19,885 - Knowledge - INFO - done ingest for /app/data/b2c/156786/b5961k4/mern-ecommerce-156786/client/app/containers/Product/constants.js
2025-08-13 10:21:19,985 - Knowledge - INFO - process ingested knowledge for /app/data/b2c/156786/b5961k4/mern-ecommerce-156786/client/app/containers/Newsletter/actions.js
2025-08-13 10:21:20,338 - Knowledge - INFO - process ingested knowledge for /app/data/b2c/156786/b5961k4/mern-ecommerce-156786/client/app/containers/Login/index.js
2025-08-13 10:21:20,406 - Knowledge - INFO - done fast ingest for /app/data/b2c/156786/b5961k4/mern-ecommerce-156786/client/app/containers/Newsletter/constants.js
2025-08-13 10:21:20,513 - Knowledge - INFO - worker kw25 pull /app/data/b2c/156786/b5961k4/mern-ecommerce-156786/client/app/containers/AuthSuccess/index.js from ingest queue
2025-08-13 10:21:20,515 - Knowledge - INFO - worker kw6 pull /app/data/b2c/156786/b5961k4/mern-ecommerce-156786/client/app/containers/NavigationMenu/index.js from ingest queue
2025-08-13 10:21:20,525 - Knowledge - INFO - Found code-base-name: https://github.com/kavia-common/mern-ecommerce-156786.git:kavia-master
2025-08-13 10:21:20,530 - Knowledge - INFO - worker kw14 pull /app/data/b2c/156786/b5961k4/mern-ecommerce-156786/client/app/containers/Account/actions.js from ingest queue
2025-08-13 10:21:21,364 - Knowledge - INFO - Thread kw14 - File actions.js - Remaining files in queue: 33
2025-08-13 10:21:20,533 - Knowledge - INFO - Found code-base-name: https://github.com/kavia-common/mern-ecommerce-156786.git:kavia-master
2025-08-13 10:21:20,658 - Knowledge - INFO - process ingested knowledge for /app/data/b2c/156786/b5961k4/mern-ecommerce-156786/client/app/containers/Product/constants.js
2025-08-13 10:21:20,983 - Knowledge - INFO - process ingested knowledge for /app/data/b2c/156786/b5961k4/mern-ecommerce-156786/client/app/containers/Newsletter/constants.js
2025-08-13 10:21:21,065 - Knowledge - INFO - persist search terms embedding for client/app/containers/Login/reducer.js
2025-08-13 10:21:21,072 - Knowledge - INFO - Thread kw25 - File index.js - Remaining files in queue: 33
2025-08-13 10:21:21,162 - Knowledge - INFO - Thread kw6 - File index.js - Remaining files in queue: 33
2025-08-13 10:21:21,261 - Knowledge - INFO - Found code_base: <app.utils.kg_build.knowledge.KnowledgeCodeBase object at 0x7fdc0fcfba90>
2025-08-13 10:21:20,532 - Knowledge - INFO - Found code-base-name: https://github.com/kavia-common/mern-ecommerce-156786.git:kavia-master
2025-08-13 10:21:21,449 - Knowledge - INFO - start ingest for /app/data/b2c/156786/b5961k4/mern-ecommerce-156786/client/app/containers/Account/actions.js
2025-08-13 10:21:21,546 - Knowledge - INFO - Found code_base: <app.utils.kg_build.knowledge.KnowledgeCodeBase object at 0x7fdc0fcfba90>
2025-08-13 10:21:22,523 - Knowledge - INFO - persist ingested knowledge for /app/data/b2c/156786/b5961k4/mern-ecommerce-156786/client/app/containers/AccountSecurity/index.js
2025-08-13 10:21:22,082 - Knowledge - INFO - start ingest for /app/data/b2c/156786/b5961k4/mern-ecommerce-156786/client/app/containers/NavigationMenu/index.js
2025-08-13 10:21:22,172 - Knowledge - INFO - persist ingested knowledge for /app/data/b2c/156786/b5961k4/mern-ecommerce-156786/client/app/containers/Category/actions.js
2025-08-13 10:21:22,279 - Knowledge - INFO - persist search terms embedding for client/app/containers/Product/List.js
2025-08-13 10:21:22,290 - Knowledge - INFO - Found code_base: <app.utils.kg_build.knowledge.KnowledgeCodeBase object at 0x7fdc0fcfba90>
2025-08-13 10:21:21,988 - Knowledge - INFO - start ingest for /app/data/b2c/156786/b5961k4/mern-ecommerce-156786/client/app/containers/AuthSuccess/index.js
2025-08-13 10:21:23,125 - Knowledge - INFO - persist ingested knowledge for /app/data/b2c/156786/b5961k4/mern-ecommerce-156786/client/app/containers/Product/Edit.js
2025-08-13 10:21:23,237 - Knowledge - INFO - done ingest for /app/data/b2c/156786/b5961k4/mern-ecommerce-156786/client/app/containers/Login/actions.js
2025-08-13 10:21:23,553 - Knowledge - INFO - process ingested knowledge for /app/data/b2c/156786/b5961k4/mern-ecommerce-156786/client/app/containers/Login/actions.js
2025-08-13 10:21:23,628 - Knowledge - INFO - persist search terms embedding for client/app/containers/ProductPage/index.js
2025-08-13 10:21:23,773 - Knowledge - INFO - Found code-base-name: https://github.com/kavia-common/mern-ecommerce-156786.git:kavia-master
2025-08-13 10:21:23,776 - Knowledge - INFO - worker kw7 pull /app/data/b2c/156786/b5961k4/mern-ecommerce-156786/client/app/containers/Account/index.js from ingest queue
2025-08-13 10:21:23,779 - Knowledge - INFO - worker kw24 pull /app/data/b2c/156786/b5961k4/mern-ecommerce-156786/client/app/containers/Brand/Edit.js from ingest queue
2025-08-13 10:21:23,779 - Knowledge - INFO - worker kw4 pull /app/data/b2c/156786/b5961k4/mern-ecommerce-156786/client/app/containers/Brand/actions.js from ingest queue
2025-08-13 10:21:23,786 - Knowledge - INFO - Found code-base-name: https://github.com/kavia-common/mern-ecommerce-156786.git:kavia-master
2025-08-13 10:21:23,795 - Knowledge - INFO - Found code-base-name: https://github.com/kavia-common/mern-ecommerce-156786.git:kavia-master
2025-08-13 10:21:23,803 - Knowledge - INFO - worker kw15 pull /app/data/b2c/156786/b5961k4/mern-ecommerce-156786/client/app/containers/Support/index.js from ingest queue
2025-08-13 10:21:23,886 - Knowledge - INFO - Found code_base: <app.utils.kg_build.knowledge.KnowledgeCodeBase object at 0x7fdc0fcfba90>
2025-08-13 10:21:23,992 - Knowledge - INFO - Thread kw7 - File index.js - Remaining files in queue: 29
2025-08-13 10:21:24,158 - Knowledge - INFO - Thread kw24 - File Edit.js - Remaining files in queue: 29
2025-08-13 10:21:24,268 - Knowledge - INFO - Thread kw4 - File actions.js - Remaining files in queue: 29
2025-08-13 10:21:24,301 - Knowledge - INFO - done ingest for /app/data/b2c/156786/b5961k4/mern-ecommerce-156786/client/app/containers/OrderPage/index.js
2025-08-13 10:21:24,337 - Knowledge - INFO - persist search terms embedding for client/app/containers/AccountSecurity/index.js
2025-08-13 10:21:24,388 - Knowledge - INFO - Found code_base: <app.utils.kg_build.knowledge.KnowledgeCodeBase object at 0x7fdc0fcfba90>
2025-08-13 10:21:24,516 - Knowledge - INFO - Found code_base: <app.utils.kg_build.knowledge.KnowledgeCodeBase object at 0x7fdc0fcfba90>
2025-08-13 10:21:24,652 - Knowledge - INFO - Thread kw15 - File index.js - Remaining files in queue: 29
2025-08-13 10:21:24,665 - Knowledge - INFO - done ingest for /app/data/b2c/156786/b5961k4/mern-ecommerce-156786/client/app/containers/OrderSuccess/index.js
2025-08-13 10:21:24,830 - Knowledge - INFO - persist ingested knowledge for /app/data/b2c/156786/b5961k4/mern-ecommerce-156786/client/app/containers/NavigationMenu/constants.js
2025-08-13 10:21:24,914 - Knowledge - INFO - start ingest for /app/data/b2c/156786/b5961k4/mern-ecommerce-156786/client/app/containers/Account/index.js
2025-08-13 10:21:25,039 - Knowledge - INFO - start ingest for /app/data/b2c/156786/b5961k4/mern-ecommerce-156786/client/app/containers/Brand/Edit.js
2025-08-13 10:21:25,139 - Knowledge - INFO - start ingest for /app/data/b2c/156786/b5961k4/mern-ecommerce-156786/client/app/containers/Brand/actions.js
2025-08-13 10:21:25,196 - Knowledge - INFO - done ingest for /app/data/b2c/156786/b5961k4/mern-ecommerce-156786/client/app/containers/Newsletter/index.js
2025-08-13 10:21:25,283 - Knowledge - INFO - done ingest for /app/data/b2c/156786/b5961k4/mern-ecommerce-156786/client/app/containers/Newsletter/reducer.js
2025-08-13 10:21:25,317 - Knowledge - INFO - process ingested knowledge for /app/data/b2c/156786/b5961k4/mern-ecommerce-156786/client/app/containers/OrderPage/index.js
2025-08-13 10:21:25,386 - Knowledge - INFO - worker kw1 pull /app/data/b2c/156786/b5961k4/mern-ecommerce-156786/client/app/containers/Account/constants.js from ingest queue
2025-08-13 10:21:25,502 - Knowledge - INFO - persist ingested knowledge for /app/data/b2c/156786/b5961k4/mern-ecommerce-156786/client/app/containers/Login/index.js
2025-08-13 10:21:25,650 - Knowledge - INFO - persist ingested knowledge for /app/data/b2c/156786/b5961k4/mern-ecommerce-156786/client/app/containers/Newsletter/constants.js
2025-08-13 10:21:25,794 - Knowledge - INFO - start ingest for /app/data/b2c/156786/b5961k4/mern-ecommerce-156786/client/app/containers/Support/index.js
2025-08-13 10:21:26,322 - Knowledge - INFO - process ingested knowledge for /app/data/b2c/156786/b5961k4/mern-ecommerce-156786/client/app/containers/OrderSuccess/index.js
2025-08-13 10:21:26,603 - Knowledge - INFO - done ingest for /app/data/b2c/156786/b5961k4/mern-ecommerce-156786/client/app/containers/Product/reducer.js
2025-08-13 10:21:26,660 - Knowledge - INFO - done ingest for /app/data/b2c/156786/b5961k4/mern-ecommerce-156786/client/app/containers/Product/actions.js
2025-08-13 10:21:26,921 - Knowledge - INFO - process ingested knowledge for /app/data/b2c/156786/b5961k4/mern-ecommerce-156786/client/app/containers/Newsletter/index.js
2025-08-13 10:21:26,949 - Knowledge - INFO - persist search terms embedding for client/app/containers/Product/Edit.js
2025-08-13 10:21:27,011 - Knowledge - INFO - process ingested knowledge for /app/data/b2c/156786/b5961k4/mern-ecommerce-156786/client/app/containers/Newsletter/reducer.js
2025-08-13 10:21:27,177 - Knowledge - INFO - Thread kw1 - File constants.js - Remaining files in queue: 28
2025-08-13 10:21:27,729 - Knowledge - INFO - process ingested knowledge for /app/data/b2c/156786/b5961k4/mern-ecommerce-156786/client/app/containers/Product/reducer.js
2025-08-13 10:21:27,843 - Knowledge - INFO - process ingested knowledge for /app/data/b2c/156786/b5961k4/mern-ecommerce-156786/client/app/containers/Product/actions.js
2025-08-13 10:21:28,025 - Knowledge - INFO - worker kw3 pull /app/data/b2c/156786/b5961k4/mern-ecommerce-156786/client/app/containers/Account/reducer.js from ingest queue
2025-08-13 10:21:28,031 - Knowledge - INFO - Found code-base-name: https://github.com/kavia-common/mern-ecommerce-156786.git:kavia-master
2025-08-13 10:21:28,032 - Knowledge - INFO - Found code-base-name: https://github.com/kavia-common/mern-ecommerce-156786.git:kavia-master
2025-08-13 10:21:28,242 - Knowledge - INFO - start ingest for /app/data/b2c/156786/b5961k4/mern-ecommerce-156786/client/app/containers/Account/constants.js
2025-08-13 10:21:28,500 - Knowledge - INFO - persist search terms embedding for client/app/containers/Category/actions.js
2025-08-13 10:21:28,532 - Knowledge - INFO - Thread kw3 - File reducer.js - Remaining files in queue: 27
2025-08-13 10:21:28,645 - Knowledge - INFO - Found code_base: <app.utils.kg_build.knowledge.KnowledgeCodeBase object at 0x7fdc0fcfba90>
2025-08-13 10:21:28,739 - Knowledge - INFO - Found code_base: <app.utils.kg_build.knowledge.KnowledgeCodeBase object at 0x7fdc0fcfba90>
2025-08-13 10:21:28,872 - Knowledge - INFO - Fast-track processing for simple file: /app/data/b2c/156786/b5961k4/mern-ecommerce-156786/client/app/containers/Account/constants.js
2025-08-13 10:21:28,964 - Knowledge - INFO - Found code-base-name: https://github.com/kavia-common/mern-ecommerce-156786.git:kavia-master
2025-08-13 10:21:28,964 - Knowledge - INFO - worker kw21 pull /app/data/b2c/156786/b5961k4/mern-ecommerce-156786/client/app/containers/Brand/index.js from ingest queue
2025-08-13 10:21:29,075 - Knowledge - INFO - start ingest for /app/data/b2c/156786/b5961k4/mern-ecommerce-156786/client/app/containers/Account/reducer.js
2025-08-13 10:21:29,170 - Knowledge - INFO - persist ingested knowledge for /app/data/b2c/156786/b5961k4/mern-ecommerce-156786/client/app/containers/Newsletter/actions.js
2025-08-13 10:21:29,272 - Knowledge - INFO - persist ingested knowledge for /app/data/b2c/156786/b5961k4/mern-ecommerce-156786/client/app/containers/Product/constants.js
2025-08-13 10:21:29,362 - Knowledge - INFO - done fast ingest for /app/data/b2c/156786/b5961k4/mern-ecommerce-156786/client/app/containers/Account/constants.js
2025-08-13 10:21:29,476 - Knowledge - INFO - Found code_base: <app.utils.kg_build.knowledge.KnowledgeCodeBase object at 0x7fdc0fcfba90>
2025-08-13 10:21:29,518 - Knowledge - INFO - persist search terms embedding for client/app/containers/Login/index.js
2025-08-13 10:21:29,561 - Knowledge - INFO - Thread kw21 - File index.js - Remaining files in queue: 26
2025-08-13 10:21:29,682 - Knowledge - INFO - done ingest for /app/data/b2c/156786/b5961k4/mern-ecommerce-156786/client/app/containers/NavigationMenu/index.js
2025-08-13 10:21:29,918 - Knowledge - INFO - done ingest for /app/data/b2c/156786/b5961k4/mern-ecommerce-156786/client/app/containers/Account/actions.js
2025-08-13 10:21:30,050 - Knowledge - INFO - process ingested knowledge for /app/data/b2c/156786/b5961k4/mern-ecommerce-156786/client/app/containers/Account/constants.js
2025-08-13 10:21:30,119 - Knowledge - INFO - persist ingested knowledge for /app/data/b2c/156786/b5961k4/mern-ecommerce-156786/client/app/containers/Login/actions.js
2025-08-13 10:21:30,333 - Knowledge - INFO - start ingest for /app/data/b2c/156786/b5961k4/mern-ecommerce-156786/client/app/containers/Brand/index.js
2025-08-13 10:21:30,387 - Knowledge - INFO - Found code-base-name: https://github.com/kavia-common/mern-ecommerce-156786.git:kavia-master
2025-08-13 10:21:30,388 - Knowledge - INFO - Found code-base-name: https://github.com/kavia-common/mern-ecommerce-156786.git:kavia-master
2025-08-13 10:21:30,389 - Knowledge - INFO - Found code-base-name: https://github.com/kavia-common/mern-ecommerce-156786.git:kavia-master
2025-08-13 10:21:31,266 - Knowledge - INFO - Found code_base: <app.utils.kg_build.knowledge.KnowledgeCodeBase object at 0x7fdc0fcfba90>
2025-08-13 10:21:30,390 - Knowledge - INFO - Found code-base-name: https://github.com/kavia-common/mern-ecommerce-156786.git:kavia-master
2025-08-13 10:21:30,398 - Knowledge - INFO - worker kw16 pull /app/data/b2c/156786/b5961k4/mern-ecommerce-156786/client/app/containers/WishList/actions.js from ingest queue
2025-08-13 10:21:30,402 - Knowledge - INFO - worker kw23 pull /app/data/b2c/156786/b5961k4/mern-ecommerce-156786/client/app/containers/WishList/reducer.js from ingest queue
2025-08-13 10:21:30,552 - Knowledge - INFO - process ingested knowledge for /app/data/b2c/156786/b5961k4/mern-ecommerce-156786/client/app/containers/NavigationMenu/index.js
2025-08-13 10:21:30,588 - Knowledge - INFO - process ingested knowledge for /app/data/b2c/156786/b5961k4/mern-ecommerce-156786/client/app/containers/Account/actions.js
2025-08-13 10:21:30,919 - Knowledge - INFO - persist search terms embedding for client/app/containers/Newsletter/actions.js
2025-08-13 10:21:30,998 - Knowledge - INFO - Found code_base: <app.utils.kg_build.knowledge.KnowledgeCodeBase object at 0x7fdc0fcfba90>
2025-08-13 10:21:31,136 - Knowledge - INFO - Found code_base: <app.utils.kg_build.knowledge.KnowledgeCodeBase object at 0x7fdc0fcfba90>
2025-08-13 10:21:30,389 - Knowledge - INFO - Found code-base-name: https://github.com/kavia-common/mern-ecommerce-156786.git:kavia-master
2025-08-13 10:21:31,367 - Knowledge - INFO - persist ingested knowledge for /app/data/b2c/156786/b5961k4/mern-ecommerce-156786/client/app/containers/Newsletter/reducer.js
2025-08-13 10:21:31,472 - Knowledge - INFO - Found code_base: <app.utils.kg_build.knowledge.KnowledgeCodeBase object at 0x7fdc0fcfba90>
2025-08-13 10:21:31,476 - Knowledge - INFO - done ingest for /app/data/b2c/156786/b5961k4/mern-ecommerce-156786/client/app/containers/AuthSuccess/index.js
2025-08-13 10:21:31,591 - Knowledge - INFO - Thread kw16 - File actions.js - Remaining files in queue: 24
2025-08-13 10:21:31,695 - Knowledge - INFO - Thread kw23 - File reducer.js - Remaining files in queue: 24
2025-08-13 10:21:31,986 - Knowledge - INFO - worker kw5 pull /app/data/b2c/156786/b5961k4/mern-ecommerce-156786/client/app/containers/Brand/constants.js from ingest queue
2025-08-13 10:21:31,988 - Knowledge - INFO - worker kw22 pull /app/data/b2c/156786/b5961k4/mern-ecommerce-156786/client/app/containers/Brand/Add.js from ingest queue
2025-08-13 10:21:31,988 - Knowledge - INFO - worker kw12 pull /app/data/b2c/156786/b5961k4/mern-ecommerce-156786/client/app/containers/Notification/index.js from ingest queue
2025-08-13 10:21:31,989 - Knowledge - INFO - Found code-base-name: https://github.com/kavia-common/mern-ecommerce-156786.git:kavia-master
2025-08-13 10:21:32,070 - Knowledge - INFO - persist ingested knowledge for /app/data/b2c/156786/b5961k4/mern-ecommerce-156786/client/app/containers/OrderSuccess/index.js
2025-08-13 10:21:32,164 - Knowledge - INFO - persist ingested knowledge for /app/data/b2c/156786/b5961k4/mern-ecommerce-156786/client/app/containers/Newsletter/index.js
2025-08-13 10:21:32,266 - Knowledge - INFO - Found code_base: <app.utils.kg_build.knowledge.KnowledgeCodeBase object at 0x7fdc0fcfba90>
2025-08-13 10:21:32,426 - Knowledge - INFO - persist search terms embedding for client/app/containers/Product/constants.js
2025-08-13 10:21:32,506 - Knowledge - INFO - persist ingested knowledge for /app/data/b2c/156786/b5961k4/mern-ecommerce-156786/client/app/containers/Product/actions.js
2025-08-13 10:21:32,686 - Knowledge - INFO - process ingested knowledge for /app/data/b2c/156786/b5961k4/mern-ecommerce-156786/client/app/containers/AuthSuccess/index.js
2025-08-13 10:21:32,775 - Knowledge - INFO - start ingest for /app/data/b2c/156786/b5961k4/mern-ecommerce-156786/client/app/containers/WishList/actions.js
2025-08-13 10:21:32,877 - Knowledge - INFO - start ingest for /app/data/b2c/156786/b5961k4/mern-ecommerce-156786/client/app/containers/WishList/reducer.js
2025-08-13 10:21:32,956 - Knowledge - INFO - Thread kw5 - File constants.js - Remaining files in queue: 21
2025-08-13 10:21:33,081 - Knowledge - INFO - Thread kw22 - File Add.js - Remaining files in queue: 21
2025-08-13 10:21:33,197 - Knowledge - INFO - Thread kw12 - File index.js - Remaining files in queue: 21
2025-08-13 10:21:33,301 - Knowledge - INFO - Found code_base: <app.utils.kg_build.knowledge.KnowledgeCodeBase object at 0x7fdc0fcfba90>
2025-08-13 10:21:34,756 - Knowledge - INFO - persist ingested knowledge for /app/data/b2c/156786/b5961k4/mern-ecommerce-156786/client/app/containers/OrderPage/index.js
2025-08-13 10:21:33,794 - Knowledge - INFO - Found code-base-name: https://github.com/kavia-common/mern-ecommerce-156786.git:kavia-master
2025-08-13 10:21:34,258 - Knowledge - INFO - done ingest for /app/data/b2c/156786/b5961k4/mern-ecommerce-156786/client/app/containers/Account/index.js
2025-08-13 10:21:34,444 - Knowledge - INFO - start ingest for /app/data/b2c/156786/b5961k4/mern-ecommerce-156786/client/app/containers/Brand/constants.js
2025-08-13 10:21:34,535 - Knowledge - INFO - start ingest for /app/data/b2c/156786/b5961k4/mern-ecommerce-156786/client/app/containers/Brand/Add.js
2025-08-13 10:21:34,538 - Knowledge - INFO - persist search terms embedding for client/app/containers/Login/actions.js
2025-08-13 10:21:34,646 - Knowledge - INFO - start ingest for /app/data/b2c/156786/b5961k4/mern-ecommerce-156786/client/app/containers/Notification/index.js
2025-08-13 10:21:33,625 - Knowledge - INFO - persist ingested knowledge for /app/data/b2c/156786/b5961k4/mern-ecommerce-156786/client/app/containers/Product/reducer.js
2025-08-13 10:21:34,981 - Knowledge - INFO - Found code_base: <app.utils.kg_build.knowledge.KnowledgeCodeBase object at 0x7fdc0fcfba90>
2025-08-13 10:21:35,771 - Knowledge - INFO - persist ingested knowledge for /app/data/b2c/156786/b5961k4/mern-ecommerce-156786/client/app/containers/Account/constants.js
2025-08-13 10:21:35,238 - Knowledge - INFO - process ingested knowledge for /app/data/b2c/156786/b5961k4/mern-ecommerce-156786/client/app/containers/Account/index.js
2025-08-13 10:21:35,283 - Knowledge - INFO - done ingest for /app/data/b2c/156786/b5961k4/mern-ecommerce-156786/client/app/containers/Brand/Edit.js
2025-08-13 10:21:35,447 - Knowledge - INFO - Found code-base-name: https://github.com/kavia-common/mern-ecommerce-156786.git:kavia-master
2025-08-13 10:21:35,450 - Knowledge - INFO - Found code-base-name: https://github.com/kavia-common/mern-ecommerce-156786.git:kavia-master
2025-08-13 10:21:35,451 - Knowledge - INFO - worker kw2 pull /app/data/b2c/156786/b5961k4/mern-ecommerce-156786/client/app/containers/WishList/index.js from ingest queue
2025-08-13 10:21:35,137 - Knowledge - INFO - done ingest for /app/data/b2c/156786/b5961k4/mern-ecommerce-156786/client/app/containers/Support/index.js
2025-08-13 10:21:35,788 - Knowledge - INFO - done ingest for /app/data/b2c/156786/b5961k4/mern-ecommerce-156786/client/app/containers/Account/reducer.js
2025-08-13 10:21:35,877 - Knowledge - INFO - persist search terms embedding for client/app/containers/Newsletter/reducer.js
2025-08-13 10:21:36,098 - Knowledge - INFO - process ingested knowledge for /app/data/b2c/156786/b5961k4/mern-ecommerce-156786/client/app/containers/Brand/Edit.js
2025-08-13 10:21:36,160 - Knowledge - INFO - Found code_base: <app.utils.kg_build.knowledge.KnowledgeCodeBase object at 0x7fdc0fcfba90>
2025-08-13 10:21:36,291 - Knowledge - INFO - Found code_base: <app.utils.kg_build.knowledge.KnowledgeCodeBase object at 0x7fdc0fcfba90>
2025-08-13 10:21:36,384 - Knowledge - INFO - Thread kw2 - File index.js - Remaining files in queue: 20
2025-08-13 10:21:36,510 - Knowledge - INFO - process ingested knowledge for /app/data/b2c/156786/b5961k4/mern-ecommerce-156786/client/app/containers/Support/index.js
2025-08-13 10:21:36,582 - Knowledge - INFO - process ingested knowledge for /app/data/b2c/156786/b5961k4/mern-ecommerce-156786/client/app/containers/Account/reducer.js
2025-08-13 10:21:36,833 - Knowledge - INFO - persist ingested knowledge for /app/data/b2c/156786/b5961k4/mern-ecommerce-156786/client/app/containers/NavigationMenu/index.js
2025-08-13 10:21:36,921 - Knowledge - INFO - persist ingested knowledge for /app/data/b2c/156786/b5961k4/mern-ecommerce-156786/client/app/containers/Account/actions.js
2025-08-13 10:21:37,005 - Knowledge - INFO - start ingest for /app/data/b2c/156786/b5961k4/mern-ecommerce-156786/client/app/containers/WishList/index.js
2025-08-13 10:21:37,041 - Knowledge - INFO - persist search terms embedding for client/app/containers/OrderSuccess/index.js
2025-08-13 10:21:38,402 - Knowledge - INFO - persist search terms embedding for client/app/containers/Newsletter/index.js
2025-08-13 10:21:38,516 - Knowledge - INFO - worker kw20 pull /app/data/b2c/156786/b5961k4/mern-ecommerce-156786/client/app/containers/Brand/reducer.js from ingest queue
2025-08-13 10:21:38,517 - Knowledge - INFO - Found code-base-name: https://github.com/kavia-common/mern-ecommerce-156786.git:kavia-master
2025-08-13 10:21:38,618 - Knowledge - INFO - Thread kw20 - File reducer.js - Remaining files in queue: 19
2025-08-13 10:21:38,770 - Knowledge - INFO - Found code_base: <app.utils.kg_build.knowledge.KnowledgeCodeBase object at 0x7fdc0fcfba90>
2025-08-13 10:21:38,894 - Knowledge - INFO - start ingest for /app/data/b2c/156786/b5961k4/mern-ecommerce-156786/client/app/containers/Brand/reducer.js
2025-08-13 10:21:39,023 - Knowledge - INFO - persist ingested knowledge for /app/data/b2c/156786/b5961k4/mern-ecommerce-156786/client/app/containers/AuthSuccess/index.js
2025-08-13 10:21:39,443 - Knowledge - INFO - persist search terms embedding for client/app/containers/OrderPage/index.js
2025-08-13 10:21:39,568 - Knowledge - INFO - worker kw17 pull /app/data/b2c/156786/b5961k4/mern-ecommerce-156786/client/app/containers/BrandsPage/index.js from ingest queue
2025-08-13 10:21:39,581 - Knowledge - INFO - worker kw9 pull /app/data/b2c/156786/b5961k4/mern-ecommerce-156786/client/app/containers/WishList/constants.js from ingest queue
2025-08-13 10:21:39,689 - Knowledge - INFO - Thread kw17 - File index.js - Remaining files in queue: 17
2025-08-13 10:21:39,800 - Knowledge - INFO - Thread kw9 - File constants.js - Remaining files in queue: 17
2025-08-13 10:21:39,847 - Knowledge - INFO - worker kw19 pull /app/data/b2c/156786/b5961k4/mern-ecommerce-156786/client/app/utils/token.js from ingest queue
2025-08-13 10:21:39,848 - Knowledge - INFO - Found code-base-name: https://github.com/kavia-common/mern-ecommerce-156786.git:kavia-master
2025-08-13 10:21:39,857 - Knowledge - INFO - Found code-base-name: https://github.com/kavia-common/mern-ecommerce-156786.git:kavia-master
2025-08-13 10:21:39,930 - Knowledge - INFO - start ingest for /app/data/b2c/156786/b5961k4/mern-ecommerce-156786/client/app/containers/BrandsPage/index.js
2025-08-13 10:21:40,071 - Knowledge - INFO - done ingest for /app/data/b2c/156786/b5961k4/mern-ecommerce-156786/client/app/containers/Brand/actions.js
2025-08-13 10:21:40,083 - Knowledge - INFO - start ingest for /app/data/b2c/156786/b5961k4/mern-ecommerce-156786/client/app/containers/WishList/constants.js
2025-08-13 10:21:40,177 - Knowledge - INFO - Thread kw19 - File token.js - Remaining files in queue: 16
2025-08-13 10:21:40,607 - Knowledge - INFO - Found code_base: <app.utils.kg_build.knowledge.KnowledgeCodeBase object at 0x7fdc0fcfba90>
2025-08-13 10:21:40,731 - Knowledge - INFO - Found code_base: <app.utils.kg_build.knowledge.KnowledgeCodeBase object at 0x7fdc0fcfba90>
2025-08-13 10:21:40,911 - Knowledge - INFO - persist search terms embedding for client/app/containers/NavigationMenu/index.js
2025-08-13 10:21:41,042 - Knowledge - INFO - process ingested knowledge for /app/data/b2c/156786/b5961k4/mern-ecommerce-156786/client/app/containers/Brand/actions.js
2025-08-13 10:21:41,096 - Knowledge - INFO - Fast-track processing for simple file: /app/data/b2c/156786/b5961k4/mern-ecommerce-156786/client/app/containers/WishList/constants.js
2025-08-13 10:21:41,200 - Knowledge - INFO - start ingest for /app/data/b2c/156786/b5961k4/mern-ecommerce-156786/client/app/utils/token.js
2025-08-13 10:21:41,215 - Knowledge - INFO - done ingest for /app/data/b2c/156786/b5961k4/mern-ecommerce-156786/client/app/containers/WishList/reducer.js
2025-08-13 10:21:41,301 - Knowledge - INFO - persist ingested knowledge for /app/data/b2c/156786/b5961k4/mern-ecommerce-156786/client/app/containers/Brand/Edit.js
2025-08-13 10:21:41,421 - Knowledge - INFO - persist ingested knowledge for /app/data/b2c/156786/b5961k4/mern-ecommerce-156786/client/app/containers/Account/reducer.js
2025-08-13 10:21:41,783 - Knowledge - INFO - done fast ingest for /app/data/b2c/156786/b5961k4/mern-ecommerce-156786/client/app/containers/WishList/constants.js
2025-08-13 10:21:41,918 - Knowledge - INFO - Fast-track processing for simple file: /app/data/b2c/156786/b5961k4/mern-ecommerce-156786/client/app/utils/token.js
2025-08-13 10:21:42,066 - Knowledge - INFO - process ingested knowledge for /app/data/b2c/156786/b5961k4/mern-ecommerce-156786/client/app/containers/WishList/reducer.js
2025-08-13 10:21:42,362 - Knowledge - INFO - done ingest for /app/data/b2c/156786/b5961k4/mern-ecommerce-156786/client/app/containers/WishList/actions.js
2025-08-13 10:21:42,445 - Knowledge - INFO - persist search terms embedding for client/app/containers/Account/actions.js
2025-08-13 10:21:42,448 - Knowledge - INFO - process ingested knowledge for /app/data/b2c/156786/b5961k4/mern-ecommerce-156786/client/app/containers/WishList/constants.js
2025-08-13 10:21:42,528 - Knowledge - INFO - done fast ingest for /app/data/b2c/156786/b5961k4/mern-ecommerce-156786/client/app/utils/token.js
2025-08-13 10:21:42,625 - Knowledge - INFO - done ingest for /app/data/b2c/156786/b5961k4/mern-ecommerce-156786/client/app/containers/Brand/index.js
2025-08-13 10:21:42,841 - Knowledge - INFO - process ingested knowledge for /app/data/b2c/156786/b5961k4/mern-ecommerce-156786/client/app/containers/WishList/actions.js
2025-08-13 10:21:42,903 - Knowledge - INFO - worker kw18 pull /app/data/b2c/156786/b5961k4/mern-ecommerce-156786/client/app/containers/Brand/List.js from ingest queue
2025-08-13 10:21:43,200 - Knowledge - INFO - process ingested knowledge for /app/data/b2c/156786/b5961k4/mern-ecommerce-156786/client/app/utils/token.js
2025-08-13 10:21:43,318 - Knowledge - INFO - process ingested knowledge for /app/data/b2c/156786/b5961k4/mern-ecommerce-156786/client/app/containers/Brand/index.js
2025-08-13 10:21:43,525 - Knowledge - INFO - Thread kw18 - File List.js - Remaining files in queue: 15
2025-08-13 10:21:43,631 - Knowledge - INFO - persist search terms embedding for client/app/containers/Product/actions.js
2025-08-13 10:21:43,835 - Knowledge - INFO - start ingest for /app/data/b2c/156786/b5961k4/mern-ecommerce-156786/client/app/containers/Brand/List.js
2025-08-13 10:21:44,299 - Knowledge - INFO - done ingest for /app/data/b2c/156786/b5961k4/mern-ecommerce-156786/client/app/containers/Brand/constants.js
2025-08-13 10:21:44,430 - Knowledge - INFO - persist search terms embedding for client/app/containers/AuthSuccess/index.js
2025-08-13 10:21:44,466 - Knowledge - INFO - process ingested knowledge for /app/data/b2c/156786/b5961k4/mern-ecommerce-156786/client/app/containers/Brand/constants.js
2025-08-13 10:21:45,076 - Knowledge - INFO - persist search terms embedding for client/app/containers/Product/reducer.js
2025-08-13 10:21:45,221 - Knowledge - INFO - worker kw13 pull /app/data/b2c/156786/b5961k4/mern-ecommerce-156786/client/app/utils/app.js from ingest queue
2025-08-13 10:21:45,222 - Knowledge - INFO - Found code-base-name: https://github.com/kavia-common/mern-ecommerce-156786.git:kavia-master
2025-08-13 10:21:45,226 - Knowledge - INFO - worker kw1 pull /app/data/b2c/156786/b5961k4/mern-ecommerce-156786/client/app/utils/validation.js from ingest queue
2025-08-13 10:21:45,228 - Knowledge - INFO - Found code-base-name: https://github.com/kavia-common/mern-ecommerce-156786.git:kavia-master
2025-08-13 10:21:45,343 - Knowledge - INFO - done ingest for /app/data/b2c/156786/b5961k4/mern-ecommerce-156786/client/app/containers/Brand/Add.js
2025-08-13 10:21:45,375 - Knowledge - INFO - Thread kw13 - File app.js - Remaining files in queue: 13
2025-08-13 10:21:45,475 - Knowledge - INFO - Found code_base: <app.utils.kg_build.knowledge.KnowledgeCodeBase object at 0x7fdc0fcfba90>
2025-08-13 10:21:45,499 - Knowledge - INFO - done ingest for /app/data/b2c/156786/b5961k4/mern-ecommerce-156786/client/app/containers/Notification/index.js
2025-08-13 10:21:45,592 - Knowledge - INFO - Thread kw1 - File validation.js - Remaining files in queue: 13
2025-08-13 10:21:45,707 - Knowledge - INFO - Found code_base: <app.utils.kg_build.knowledge.KnowledgeCodeBase object at 0x7fdc0fcfba90>
2025-08-13 10:21:45,839 - Knowledge - INFO - persist search terms embedding for client/app/containers/Brand/Edit.js
2025-08-13 10:21:45,881 - Knowledge - INFO - process ingested knowledge for /app/data/b2c/156786/b5961k4/mern-ecommerce-156786/client/app/containers/Brand/Add.js
2025-08-13 10:21:45,933 - Knowledge - INFO - start ingest for /app/data/b2c/156786/b5961k4/mern-ecommerce-156786/client/app/utils/app.js
2025-08-13 10:21:46,034 - Knowledge - INFO - persist ingested knowledge for /app/data/b2c/156786/b5961k4/mern-ecommerce-156786/client/app/containers/Account/index.js
2025-08-13 10:21:46,214 - Knowledge - INFO - process ingested knowledge for /app/data/b2c/156786/b5961k4/mern-ecommerce-156786/client/app/containers/Notification/index.js
2025-08-13 10:21:46,264 - Knowledge - INFO - start ingest for /app/data/b2c/156786/b5961k4/mern-ecommerce-156786/client/app/utils/validation.js
2025-08-13 10:21:46,358 - Knowledge - INFO - persist ingested knowledge for /app/data/b2c/156786/b5961k4/mern-ecommerce-156786/client/app/containers/Brand/actions.js
2025-08-13 10:21:46,740 - Knowledge - INFO - Fast-track processing for simple file: /app/data/b2c/156786/b5961k4/mern-ecommerce-156786/client/app/utils/app.js
2025-08-13 10:21:46,986 - Knowledge - INFO - done ingest for /app/data/b2c/156786/b5961k4/mern-ecommerce-156786/client/app/containers/Brand/reducer.js
2025-08-13 10:21:47,172 - Knowledge - INFO - persist search terms embedding for client/app/containers/Account/reducer.js
2025-08-13 10:21:47,338 - Knowledge - INFO - done fast ingest for /app/data/b2c/156786/b5961k4/mern-ecommerce-156786/client/app/utils/app.js
2025-08-13 10:21:47,495 - Knowledge - INFO - done ingest for /app/data/b2c/156786/b5961k4/mern-ecommerce-156786/client/app/containers/WishList/index.js
2025-08-13 10:21:47,568 - Knowledge - INFO - process ingested knowledge for /app/data/b2c/156786/b5961k4/mern-ecommerce-156786/client/app/containers/Brand/reducer.js
2025-08-13 10:21:47,613 - Knowledge - INFO - Found code-base-name: https://github.com/kavia-common/mern-ecommerce-156786.git:kavia-master
2025-08-13 10:21:47,642 - Knowledge - INFO - worker kw10 pull /app/data/b2c/156786/b5961k4/mern-ecommerce-156786/client/app/utils/base64.js from ingest queue
2025-08-13 10:21:47,645 - Knowledge - INFO - Found code-base-name: https://github.com/kavia-common/mern-ecommerce-156786.git:kavia-master
2025-08-13 10:21:47,664 - Knowledge - INFO - Found code-base-name: https://github.com/kavia-common/mern-ecommerce-156786.git:kavia-master
2025-08-13 10:21:48,420 - Knowledge - INFO - Found code_base: <app.utils.kg_build.knowledge.KnowledgeCodeBase object at 0x7fdc0fcfba90>
2025-08-13 10:21:47,722 - Knowledge - INFO - Found code-base-name: https://github.com/kavia-common/mern-ecommerce-156786.git:kavia-master
2025-08-13 10:21:47,723 - Knowledge - INFO - worker kw11 pull /app/data/b2c/156786/b5961k4/mern-ecommerce-156786/client/app/utils/store.js from ingest queue
2025-08-13 10:21:47,724 - Knowledge - INFO - worker kw25 pull /app/data/b2c/156786/b5961k4/mern-ecommerce-156786/client/app/utils/error.js from ingest queue
2025-08-13 10:21:47,725 - Knowledge - INFO - worker kw8 pull /app/data/b2c/156786/b5961k4/mern-ecommerce-156786/client/app/index.js from ingest queue
2025-08-13 10:21:48,920 - Knowledge - INFO - Thread kw8 - File index.js - Remaining files in queue: 8
2025-08-13 10:21:47,728 - Knowledge - INFO - worker kw6 pull /app/data/b2c/156786/b5961k4/mern-ecommerce-156786/client/app/utils/select.js from ingest queue
2025-08-13 10:21:47,729 - Knowledge - INFO - Found code-base-name: https://github.com/kavia-common/mern-ecommerce-156786.git:kavia-master
2025-08-13 10:21:47,729 - Knowledge - INFO - Found code-base-name: https://github.com/kavia-common/mern-ecommerce-156786.git:kavia-master
2025-08-13 10:21:47,763 - Knowledge - INFO - process ingested knowledge for /app/data/b2c/156786/b5961k4/mern-ecommerce-156786/client/app/utils/app.js
2025-08-13 10:21:47,879 - Knowledge - INFO - process ingested knowledge for /app/data/b2c/156786/b5961k4/mern-ecommerce-156786/client/app/containers/WishList/index.js
2025-08-13 10:21:48,062 - Knowledge - INFO - Found code_base: <app.utils.kg_build.knowledge.KnowledgeCodeBase object at 0x7fdc0fcfba90>
2025-08-13 10:21:48,224 - Knowledge - INFO - Thread kw10 - File base64.js - Remaining files in queue: 8
2025-08-13 10:21:48,302 - Knowledge - INFO - Found code_base: <app.utils.kg_build.knowledge.KnowledgeCodeBase object at 0x7fdc0fcfba90>
2025-08-13 10:21:48,382 - Knowledge - INFO - persist search terms embedding for client/app/containers/Brand/actions.js
2025-08-13 10:21:47,716 - Knowledge - INFO - Found code-base-name: https://github.com/kavia-common/mern-ecommerce-156786.git:kavia-master
2025-08-13 10:21:48,506 - Knowledge - INFO - persist ingested knowledge for /app/data/b2c/156786/b5961k4/mern-ecommerce-156786/client/app/containers/WishList/actions.js
2025-08-13 10:21:48,629 - Knowledge - INFO - Found code_base: <app.utils.kg_build.knowledge.KnowledgeCodeBase object at 0x7fdc0fcfba90>
2025-08-13 10:21:50,300 - Knowledge - INFO - persist ingested knowledge for /app/data/b2c/156786/b5961k4/mern-ecommerce-156786/client/app/containers/Brand/index.js
2025-08-13 10:21:48,793 - Knowledge - INFO - Thread kw25 - File error.js - Remaining files in queue: 8
2025-08-13 10:21:47,727 - Knowledge - INFO - done ingest for /app/data/b2c/156786/b5961k4/mern-ecommerce-156786/client/app/containers/BrandsPage/index.js
2025-08-13 10:21:49,013 - Knowledge - INFO - start ingest for /app/data/b2c/156786/b5961k4/mern-ecommerce-156786/client/app/index.js
2025-08-13 10:21:49,094 - Knowledge - INFO - Thread kw6 - File select.js - Remaining files in queue: 8
2025-08-13 10:21:49,212 - Knowledge - INFO - Found code_base: <app.utils.kg_build.knowledge.KnowledgeCodeBase object at 0x7fdc0fcfba90>
2025-08-13 10:21:49,328 - Knowledge - INFO - Found code_base: <app.utils.kg_build.knowledge.KnowledgeCodeBase object at 0x7fdc0fcfba90>
2025-08-13 10:21:49,463 - Knowledge - INFO - done ingest for /app/data/b2c/156786/b5961k4/mern-ecommerce-156786/client/app/containers/Brand/List.js
2025-08-13 10:21:49,687 - Knowledge - INFO - persist ingested knowledge for /app/data/b2c/156786/b5961k4/mern-ecommerce-156786/client/app/containers/WishList/reducer.js
2025-08-13 10:21:49,811 - Knowledge - INFO - start ingest for /app/data/b2c/156786/b5961k4/mern-ecommerce-156786/client/app/utils/base64.js
2025-08-13 10:21:49,899 - Knowledge - INFO - persist ingested knowledge for /app/data/b2c/156786/b5961k4/mern-ecommerce-156786/client/app/containers/WishList/constants.js
2025-08-13 10:21:50,004 - Knowledge - INFO - worker kw3 pull /app/data/b2c/156786/b5961k4/mern-ecommerce-156786/client/app/utils/date.js from ingest queue
2025-08-13 10:21:50,005 - Knowledge - INFO - worker kw14 pull /app/data/b2c/156786/b5961k4/mern-ecommerce-156786/client/vercel.json from ingest queue
2025-08-13 10:21:50,007 - Knowledge - INFO - Found code-base-name: https://github.com/kavia-common/mern-ecommerce-156786.git:kavia-master
2025-08-13 10:21:50,095 - Knowledge - INFO - Found code_base: <app.utils.kg_build.knowledge.KnowledgeCodeBase object at 0x7fdc0fcfba90>
2025-08-13 10:21:48,720 - Knowledge - INFO - Thread kw11 - File store.js - Remaining files in queue: 8
2025-08-13 10:21:50,403 - Knowledge - INFO - persist search terms embedding for client/app/containers/Account/index.js
2025-08-13 10:21:50,480 - Knowledge - INFO - start ingest for /app/data/b2c/156786/b5961k4/mern-ecommerce-156786/client/app/utils/error.js
2025-08-13 10:21:50,595 - Knowledge - INFO - process ingested knowledge for /app/data/b2c/156786/b5961k4/mern-ecommerce-156786/client/app/containers/BrandsPage/index.js
2025-08-13 10:21:50,683 - Knowledge - INFO - Fast-track processing for simple file: /app/data/b2c/156786/b5961k4/mern-ecommerce-156786/client/app/index.js
2025-08-13 10:21:50,793 - Knowledge - INFO - start ingest for /app/data/b2c/156786/b5961k4/mern-ecommerce-156786/client/app/utils/select.js
2025-08-13 10:21:50,894 - Knowledge - INFO - persist ingested knowledge for /app/data/b2c/156786/b5961k4/mern-ecommerce-156786/client/app/containers/Brand/Add.js
2025-08-13 10:21:51,011 - Knowledge - INFO - persist ingested knowledge for /app/data/b2c/156786/b5961k4/mern-ecommerce-156786/client/app/containers/Notification/index.js
2025-08-13 10:21:51,110 - Knowledge - INFO - process ingested knowledge for /app/data/b2c/156786/b5961k4/mern-ecommerce-156786/client/app/containers/Brand/List.js
2025-08-13 10:21:51,322 - Knowledge - INFO - Fast-track processing for simple file: /app/data/b2c/156786/b5961k4/mern-ecommerce-156786/client/app/utils/base64.js
2025-08-13 10:21:51,473 - Knowledge - INFO - Thread kw3 - File date.js - Remaining files in queue: 6
2025-08-13 10:21:51,567 - Knowledge - INFO - Thread kw14 - File vercel.json - Remaining files in queue: 6
2025-08-13 10:21:51,643 - Knowledge - INFO - Found code_base: <app.utils.kg_build.knowledge.KnowledgeCodeBase object at 0x7fdc0fcfba90>
2025-08-13 10:21:51,749 - Knowledge - INFO - persist ingested knowledge for /app/data/b2c/156786/b5961k4/mern-ecommerce-156786/client/app/utils/token.js
2025-08-13 10:21:51,871 - Knowledge - INFO - start ingest for /app/data/b2c/156786/b5961k4/mern-ecommerce-156786/client/app/utils/store.js
2025-08-13 10:21:51,976 - Knowledge - INFO - Found code-base-name: https://github.com/kavia-common/mern-ecommerce-156786.git:kavia-master
2025-08-13 10:21:51,976 - Knowledge - INFO - Found code-base-name: https://github.com/kavia-common/mern-ecommerce-156786.git:kavia-master
2025-08-13 10:21:51,978 - Knowledge - INFO - Found code-base-name: https://github.com/kavia-common/mern-ecommerce-156786.git:kavia-master
2025-08-13 10:21:51,978 - Knowledge - INFO - Found code-base-name: https://github.com/kavia-common/mern-ecommerce-156786.git:kavia-master
2025-08-13 10:21:51,978 - Knowledge - INFO - worker kw24 pull /app/data/b2c/156786/b5961k4/mern-ecommerce-156786/client/webpack/webpack.common.js from ingest queue
2025-08-13 10:21:51,978 - Knowledge - INFO - worker kw4 pull /app/data/b2c/156786/b5961k4/mern-ecommerce-156786/client/app/constants/index.js from ingest queue
2025-08-13 10:21:52,284 - Knowledge - INFO - done fast ingest for /app/data/b2c/156786/b5961k4/mern-ecommerce-156786/client/app/index.js
2025-08-13 10:21:52,308 - Knowledge - INFO - persist search terms embedding for client/app/containers/Brand/index.js
2025-08-13 10:21:52,598 - Knowledge - INFO - done ingest for /app/data/b2c/156786/b5961k4/mern-ecommerce-156786/client/app/utils/validation.js
2025-08-13 10:21:52,785 - Knowledge - INFO - done fast ingest for /app/data/b2c/156786/b5961k4/mern-ecommerce-156786/client/app/utils/base64.js
2025-08-13 10:21:52,864 - Knowledge - INFO - start ingest for /app/data/b2c/156786/b5961k4/mern-ecommerce-156786/client/app/utils/date.js
2025-08-13 10:21:52,960 - Knowledge - INFO - start ingest for /app/data/b2c/156786/b5961k4/mern-ecommerce-156786/client/vercel.json
2025-08-13 10:21:53,054 - Knowledge - INFO - persist ingested knowledge for /app/data/b2c/156786/b5961k4/mern-ecommerce-156786/client/app/containers/Support/index.js
2025-08-13 10:21:53,253 - Knowledge - INFO - Fast-track processing for simple file: /app/data/b2c/156786/b5961k4/mern-ecommerce-156786/client/app/utils/store.js
2025-08-13 10:21:53,366 - Knowledge - INFO - Found code_base: <app.utils.kg_build.knowledge.KnowledgeCodeBase object at 0x7fdc0fcfba90>
2025-08-13 10:21:53,501 - Knowledge - INFO - Found code_base: <app.utils.kg_build.knowledge.KnowledgeCodeBase object at 0x7fdc0fcfba90>
2025-08-13 10:21:53,609 - Knowledge - INFO - Found code_base: <app.utils.kg_build.knowledge.KnowledgeCodeBase object at 0x7fdc0fcfba90>
2025-08-13 10:21:53,685 - Knowledge - INFO - Found code_base: <app.utils.kg_build.knowledge.KnowledgeCodeBase object at 0x7fdc0fcfba90>
2025-08-13 10:21:53,763 - Knowledge - INFO - Thread kw24 - File webpack.common.js - Remaining files in queue: 4
2025-08-13 10:21:53,840 - Knowledge - INFO - Thread kw4 - File index.js - Remaining files in queue: 4
2025-08-13 10:21:53,973 - Knowledge - INFO - process ingested knowledge for /app/data/b2c/156786/b5961k4/mern-ecommerce-156786/client/app/index.js
2025-08-13 10:21:54,162 - Knowledge - INFO - worker kw7 pull /app/data/b2c/156786/b5961k4/mern-ecommerce-156786/client/app/utils/index.js from ingest queue
2025-08-13 10:21:54,170 - Knowledge - INFO - process ingested knowledge for /app/data/b2c/156786/b5961k4/mern-ecommerce-156786/client/app/utils/validation.js
2025-08-13 10:21:54,311 - Knowledge - INFO - process ingested knowledge for /app/data/b2c/156786/b5961k4/mern-ecommerce-156786/client/app/utils/base64.js
2025-08-13 10:21:54,517 - Knowledge - INFO - Fast-track processing for simple file: /app/data/b2c/156786/b5961k4/mern-ecommerce-156786/client/vercel.json
2025-08-13 10:21:54,561 - Knowledge - INFO - persist search terms embedding for client/app/containers/WishList/actions.js
2025-08-13 10:21:54,692 - Knowledge - INFO - done fast ingest for /app/data/b2c/156786/b5961k4/mern-ecommerce-156786/client/app/utils/store.js
2025-08-13 10:21:54,793 - Knowledge - INFO - persist ingested knowledge for /app/data/b2c/156786/b5961k4/mern-ecommerce-156786/client/app/containers/Brand/reducer.js
2025-08-13 10:21:54,897 - Knowledge - INFO - persist ingested knowledge for /app/data/b2c/156786/b5961k4/mern-ecommerce-156786/client/app/utils/app.js
2025-08-13 10:21:54,993 - Knowledge - INFO - persist ingested knowledge for /app/data/b2c/156786/b5961k4/mern-ecommerce-156786/client/app/containers/WishList/index.js
2025-08-13 10:21:55,116 - Knowledge - INFO - persist ingested knowledge for /app/data/b2c/156786/b5961k4/mern-ecommerce-156786/client/app/containers/Brand/constants.js
2025-08-13 10:21:55,210 - Knowledge - INFO - start ingest for /app/data/b2c/156786/b5961k4/mern-ecommerce-156786/client/webpack/webpack.common.js
2025-08-13 10:21:55,298 - Knowledge - INFO - start ingest for /app/data/b2c/156786/b5961k4/mern-ecommerce-156786/client/app/constants/index.js
2025-08-13 10:21:55,503 - Knowledge - INFO - Thread kw7 - File index.js - Remaining files in queue: 3
2025-08-13 10:21:55,785 - Knowledge - INFO - done fast ingest for /app/data/b2c/156786/b5961k4/mern-ecommerce-156786/client/vercel.json
2025-08-13 10:21:55,908 - Knowledge - INFO - Found code-base-name: https://github.com/kavia-common/mern-ecommerce-156786.git:kavia-master
2025-08-13 10:21:56,889 - Knowledge - INFO - Found code_base: <app.utils.kg_build.knowledge.KnowledgeCodeBase object at 0x7fdc0fcfba90>
2025-08-13 10:21:56,360 - Knowledge - INFO - persist search terms embedding for client/app/containers/Brand/Add.js
2025-08-13 10:21:56,659 - Knowledge - INFO - start ingest for /app/data/b2c/156786/b5961k4/mern-ecommerce-156786/client/app/utils/index.js
2025-08-13 10:21:56,661 - Knowledge - INFO - done ingest for /app/data/b2c/156786/b5961k4/mern-ecommerce-156786/client/app/utils/error.js
2025-08-13 10:21:56,789 - Knowledge - INFO - process ingested knowledge for /app/data/b2c/156786/b5961k4/mern-ecommerce-156786/client/vercel.json
2025-08-13 10:21:56,014 - Knowledge - INFO - process ingested knowledge for /app/data/b2c/156786/b5961k4/mern-ecommerce-156786/client/app/utils/store.js
2025-08-13 10:21:56,959 - Knowledge - INFO - persist ingested knowledge for /app/data/b2c/156786/b5961k4/mern-ecommerce-156786/client/app/containers/BrandsPage/index.js
2025-08-13 10:21:57,338 - Knowledge - INFO - process ingested knowledge for /app/data/b2c/156786/b5961k4/mern-ecommerce-156786/client/app/utils/error.js
2025-08-13 10:21:57,516 - Knowledge - INFO - persist search terms embedding for client/app/containers/Notification/index.js
2025-08-13 10:21:57,760 - Knowledge - INFO - done ingest for /app/data/b2c/156786/b5961k4/mern-ecommerce-156786/client/app/utils/select.js
2025-08-13 10:21:57,834 - Knowledge - INFO - Found code-base-name: https://github.com/kavia-common/mern-ecommerce-156786.git:kavia-master
2025-08-13 10:21:57,934 - Knowledge - INFO - process ingested knowledge for /app/data/b2c/156786/b5961k4/mern-ecommerce-156786/client/app/utils/select.js
2025-08-13 10:21:57,944 - Knowledge - INFO - worker kw21 pull /app/data/b2c/156786/b5961k4/mern-ecommerce-156786/client/webpack/webpack.prod.js from ingest queue
2025-08-13 10:21:58,008 - Knowledge - INFO - Found code_base: <app.utils.kg_build.knowledge.KnowledgeCodeBase object at 0x7fdc0fcfba90>
2025-08-13 10:21:58,207 - Knowledge - INFO - Thread kw21 - File webpack.prod.js - Remaining files in queue: 2
2025-08-13 10:21:58,283 - Knowledge - INFO - persist search terms embedding for client/app/containers/WishList/reducer.js
2025-08-13 10:21:58,315 - Knowledge - INFO - persist ingested knowledge for /app/data/b2c/156786/b5961k4/mern-ecommerce-156786/client/app/containers/Brand/List.js
2025-08-13 10:21:58,433 - Knowledge - INFO - start ingest for /app/data/b2c/156786/b5961k4/mern-ecommerce-156786/client/webpack/webpack.prod.js
2025-08-13 10:21:58,955 - Knowledge - INFO - persist search terms embedding for client/app/containers/Support/index.js
2025-08-13 10:21:59,008 - Knowledge - INFO - done ingest for /app/data/b2c/156786/b5961k4/mern-ecommerce-156786/client/app/utils/date.js
2025-08-13 10:21:59,077 - Knowledge - INFO - Found code-base-name: https://github.com/kavia-common/mern-ecommerce-156786.git:kavia-master
2025-08-13 10:21:59,078 - Knowledge - INFO - Found code-base-name: https://github.com/kavia-common/mern-ecommerce-156786.git:kavia-master
2025-08-13 10:21:59,079 - Knowledge - INFO - Found code-base-name: https://github.com/kavia-common/mern-ecommerce-156786.git:kavia-master
2025-08-13 10:21:59,080 - Knowledge - INFO - worker kw16 pull /app/data/b2c/156786/b5961k4/mern-ecommerce-156786/client/webpack/webpack.dev.js from ingest queue
2025-08-13 10:21:59,649 - Knowledge - INFO - Thread kw16 - File webpack.dev.js - Remaining files in queue: 0
2025-08-13 10:21:59,194 - Knowledge - INFO - process ingested knowledge for /app/data/b2c/156786/b5961k4/mern-ecommerce-156786/client/app/utils/date.js
2025-08-13 10:21:59,295 - Knowledge - INFO - Found code_base: <app.utils.kg_build.knowledge.KnowledgeCodeBase object at 0x7fdc0fcfba90>
2025-08-13 10:21:59,405 - Knowledge - INFO - Found code_base: <app.utils.kg_build.knowledge.KnowledgeCodeBase object at 0x7fdc0fcfba90>
2025-08-13 10:21:59,494 - Knowledge - INFO - Found code_base: <app.utils.kg_build.knowledge.KnowledgeCodeBase object at 0x7fdc0fcfba90>
2025-08-13 10:21:59,539 - Knowledge - INFO - persist search terms embedding for client/app/containers/Brand/constants.js
2025-08-13 10:21:59,187 - Knowledge - INFO - worker kw13 pull /app/data/b2c/156786/b5961k4/mern-ecommerce-156786/client/public/index.html from ingest queue
2025-08-13 10:21:59,752 - Knowledge - INFO - start ingest for /app/data/b2c/156786/b5961k4/mern-ecommerce-156786/client/webpack/webpack.dev.js
2025-08-13 10:21:59,954 - Knowledge - INFO - persist ingested knowledge for /app/data/b2c/156786/b5961k4/mern-ecommerce-156786/client/app/index.js
2025-08-13 10:22:00,050 - Knowledge - INFO - persist ingested knowledge for /app/data/b2c/156786/b5961k4/mern-ecommerce-156786/client/app/utils/validation.js
2025-08-13 10:22:00,154 - Knowledge - INFO - persist ingested knowledge for /app/data/b2c/156786/b5961k4/mern-ecommerce-156786/client/app/utils/base64.js
2025-08-13 10:22:00,297 - Knowledge - INFO - Found code-base-name: https://github.com/kavia-common/mern-ecommerce-156786.git:kavia-master
2025-08-13 10:22:00,303 - Knowledge - INFO - Found code-base-name: https://github.com/kavia-common/mern-ecommerce-156786.git:kavia-master
2025-08-13 10:22:00,415 - Knowledge - INFO - Thread kw13 - File index.html - Remaining files in queue: 0
2025-08-13 10:22:00,899 - Knowledge - INFO - persist search terms embedding for client/app/containers/BrandsPage/index.js
2025-08-13 10:22:00,980 - Knowledge - INFO - Found code_base: <app.utils.kg_build.knowledge.KnowledgeCodeBase object at 0x7fdc0fcfba90>
2025-08-13 10:22:01,065 - Knowledge - INFO - Found code_base: <app.utils.kg_build.knowledge.KnowledgeCodeBase object at 0x7fdc0fcfba90>
2025-08-13 10:22:01,166 - Knowledge - INFO - start ingest for /app/data/b2c/156786/b5961k4/mern-ecommerce-156786/client/public/index.html
2025-08-13 10:22:01,313 - Knowledge - INFO - Found code-base-name: https://github.com/kavia-common/mern-ecommerce-156786.git:kavia-master
2025-08-13 10:22:01,329 - Knowledge - INFO - Found code-base-name: https://github.com/kavia-common/mern-ecommerce-156786.git:kavia-master
2025-08-13 10:22:01,415 - Knowledge - INFO - persist ingested knowledge for /app/data/b2c/156786/b5961k4/mern-ecommerce-156786/client/vercel.json
2025-08-13 10:22:01,541 - Knowledge - INFO - persist ingested knowledge for /app/data/b2c/156786/b5961k4/mern-ecommerce-156786/client/app/utils/store.js
2025-08-13 10:22:01,893 - Knowledge - INFO - Found code_base: <app.utils.kg_build.knowledge.KnowledgeCodeBase object at 0x7fdc0fcfba90>
2025-08-13 10:22:02,015 - Knowledge - INFO - Found code_base: <app.utils.kg_build.knowledge.KnowledgeCodeBase object at 0x7fdc0fcfba90>
2025-08-13 10:22:02,413 - Knowledge - INFO - persist search terms embedding for client/app/containers/Brand/List.js
2025-08-13 10:22:02,492 - Knowledge - INFO - persist ingested knowledge for /app/data/b2c/156786/b5961k4/mern-ecommerce-156786/client/app/utils/error.js
2025-08-13 10:22:02,676 - Knowledge - INFO - persist ingested knowledge for /app/data/b2c/156786/b5961k4/mern-ecommerce-156786/client/app/utils/select.js
2025-08-13 10:22:02,769 - Knowledge - INFO - done ingest for /app/data/b2c/156786/b5961k4/mern-ecommerce-156786/client/webpack/webpack.common.js
2025-08-13 10:22:03,190 - Knowledge - INFO - done ingest for /app/data/b2c/156786/b5961k4/mern-ecommerce-156786/client/app/utils/index.js
2025-08-13 10:22:03,201 - Knowledge - INFO - process ingested knowledge for /app/data/b2c/156786/b5961k4/mern-ecommerce-156786/client/webpack/webpack.common.js
2025-08-13 10:22:03,286 - Knowledge - INFO - persist search terms embedding for client/app/containers/WishList/index.js
2025-08-13 10:22:03,312 - Knowledge - INFO - process ingested knowledge for /app/data/b2c/156786/b5961k4/mern-ecommerce-156786/client/app/utils/index.js
2025-08-13 10:22:03,555 - Knowledge - INFO - Found code-base-name: https://github.com/kavia-common/mern-ecommerce-156786.git:kavia-master
2025-08-13 10:22:03,702 - Knowledge - INFO - done ingest for /app/data/b2c/156786/b5961k4/mern-ecommerce-156786/client/app/constants/index.js
2025-08-13 10:22:03,852 - Knowledge - INFO - Found code_base: <app.utils.kg_build.knowledge.KnowledgeCodeBase object at 0x7fdc0fcfba90>
2025-08-13 10:22:04,163 - Knowledge - INFO - process ingested knowledge for /app/data/b2c/156786/b5961k4/mern-ecommerce-156786/client/app/constants/index.js
2025-08-13 10:22:04,246 - Knowledge - INFO - persist ingested knowledge for /app/data/b2c/156786/b5961k4/mern-ecommerce-156786/client/app/utils/date.js
2025-08-13 10:22:04,448 - Knowledge - INFO - done ingest for /app/data/b2c/156786/b5961k4/mern-ecommerce-156786/client/public/index.html
2025-08-13 10:22:04,555 - Knowledge - INFO - persist search terms embedding for client/app/utils/validation.js
2025-08-13 10:22:04,606 - Knowledge - INFO - process ingested knowledge for /app/data/b2c/156786/b5961k4/mern-ecommerce-156786/client/public/index.html
2025-08-13 10:22:05,253 - Knowledge - INFO - persist search terms embedding for client/app/utils/select.js
2025-08-13 10:22:05,620 - Knowledge - INFO - done ingest for /app/data/b2c/156786/b5961k4/mern-ecommerce-156786/client/webpack/webpack.dev.js
2025-08-13 10:22:05,767 - Knowledge - INFO - process ingested knowledge for /app/data/b2c/156786/b5961k4/mern-ecommerce-156786/client/webpack/webpack.dev.js
2025-08-13 10:22:05,828 - Knowledge - INFO - persist search terms embedding for client/app/utils/error.js
2025-08-13 10:22:05,929 - Knowledge - INFO - Found code-base-name: https://github.com/kavia-common/mern-ecommerce-156786.git:kavia-master
2025-08-13 10:22:06,012 - Knowledge - INFO - Found code_base: <app.utils.kg_build.knowledge.KnowledgeCodeBase object at 0x7fdc0fcfba90>
2025-08-13 10:22:06,089 - Knowledge - INFO - persist ingested knowledge for /app/data/b2c/156786/b5961k4/mern-ecommerce-156786/client/webpack/webpack.common.js
2025-08-13 10:22:06,319 - Knowledge - INFO - persist search terms embedding for client/app/containers/Brand/reducer.js
2025-08-13 10:22:06,396 - Knowledge - INFO - Found code-base-name: https://github.com/kavia-common/mern-ecommerce-156786.git:kavia-master
2025-08-13 10:22:06,516 - Knowledge - INFO - Found code_base: <app.utils.kg_build.knowledge.KnowledgeCodeBase object at 0x7fdc0fcfba90>
2025-08-13 10:22:06,404 - Knowledge - INFO - Found code-base-name: https://github.com/kavia-common/mern-ecommerce-156786.git:kavia-master
2025-08-13 10:22:06,405 - Knowledge - INFO - Found code-base-name: https://github.com/kavia-common/mern-ecommerce-156786.git:kavia-master
2025-08-13 10:22:06,398 - Knowledge - INFO - Found code-base-name: https://github.com/kavia-common/mern-ecommerce-156786.git:kavia-master
2025-08-13 10:22:06,601 - Knowledge - INFO - persist ingested knowledge for /app/data/b2c/156786/b5961k4/mern-ecommerce-156786/client/app/utils/index.js
2025-08-13 10:22:06,730 - Knowledge - INFO - Found code_base: <app.utils.kg_build.knowledge.KnowledgeCodeBase object at 0x7fdc0fcfba90>
2025-08-13 10:22:06,820 - Knowledge - INFO - done ingest for /app/data/b2c/156786/b5961k4/mern-ecommerce-156786/client/webpack/webpack.prod.js
2025-08-13 10:22:06,832 - Knowledge - INFO - Found code_base: <app.utils.kg_build.knowledge.KnowledgeCodeBase object at 0x7fdc0fcfba90>
2025-08-13 10:22:06,913 - Knowledge - INFO - persist search terms embedding for client/app/utils/date.js
2025-08-13 10:22:06,944 - Knowledge - INFO - Found code_base: <app.utils.kg_build.knowledge.KnowledgeCodeBase object at 0x7fdc0fcfba90>
2025-08-13 10:22:07,154 - Knowledge - INFO - persist ingested knowledge for /app/data/b2c/156786/b5961k4/mern-ecommerce-156786/client/webpack/webpack.dev.js
2025-08-13 10:22:07,288 - Knowledge - INFO - process ingested knowledge for /app/data/b2c/156786/b5961k4/mern-ecommerce-156786/client/webpack/webpack.prod.js
2025-08-13 10:22:07,376 - Knowledge - INFO - persist ingested knowledge for /app/data/b2c/156786/b5961k4/mern-ecommerce-156786/client/public/index.html
2025-08-13 10:22:07,533 - Knowledge - INFO - persist ingested knowledge for /app/data/b2c/156786/b5961k4/mern-ecommerce-156786/client/app/constants/index.js
2025-08-13 10:22:07,892 - Knowledge - INFO - persist search terms embedding for client/app/utils/index.js
2025-08-13 10:22:08,391 - Knowledge - INFO - persist search terms embedding for client/webpack/webpack.common.js
2025-08-13 10:22:08,875 - Knowledge - INFO - persist search terms embedding for client/app/constants/index.js
2025-08-13 10:22:09,329 - Knowledge - INFO - persist search terms embedding for client/webpack/webpack.dev.js
2025-08-13 10:22:09,453 - Knowledge - INFO - Found code-base-name: https://github.com/kavia-common/mern-ecommerce-156786.git:kavia-master
2025-08-13 10:22:09,537 - Knowledge - INFO - Found code_base: <app.utils.kg_build.knowledge.KnowledgeCodeBase object at 0x7fdc0fcfba90>
2025-08-13 10:22:09,643 - Knowledge - INFO - persist ingested knowledge for /app/data/b2c/156786/b5961k4/mern-ecommerce-156786/client/webpack/webpack.prod.js
2025-08-13 10:22:10,112 - Knowledge - INFO - persist search terms embedding for client/webpack/webpack.prod.js
2025-08-13 10:22:10,226 - Knowledge - INFO - Knowledge creation complete
2025-08-13 10:22:10,323 - Knowledge - INFO - Updating org costs, total cost: 0.0739058
2025-08-13 10:22:10,832 - Knowledge - INFO - Saving knowledge to Redis...
2025-08-13 10:22:11,030 - Knowledge - INFO - Knowledge saved to Redis successfully
